Visit_Hour,Day_Type,Triage_Level,Doctor_Load,Staff_To_Patient_Ratio,Resource_Utilization_Rate,Bed_Occupancy_%,Num_Transfers,Num_Process_Steps,Loop_Count,Rework_Count,Repeated_Tests,Data_Error_Count,System_Downtime_Impact,Discharge_Bottleneck_Index,Wait_Time_Min,TAT_Min,Bed_Delay_Min,Admission_Delay_Min,Total_Delay_Min,Delay_Risk
6,1,1,14,0.15,99,82,2,7,0,3,2,0,0,18,94,122,54,24,294,1
19,1,2,58,0.43,50,66,1,4,1,4,0,0,0,29,70,42,65,13,190,0
14,1,3,41,0.27,88,69,2,7,1,2,0,0,0,8,76,69,42,27,214,0
10,1,2,45,0.42,66,50,1,4,1,0,1,1,0,34,64,66,47,30,207,0
7,0,2,24,0.23,52,65,0,3,2,0,0,1,0,53,58,34,71,19,182,0
20,1,2,28,0.49,91,94,3,8,1,2,0,0,0,34,56,62,69,20,207,0
6,0,1,31,0.4,56,67,3,6,1,0,1,0,0,12,62,56,66,18,202,0
18,1,3,43,0.48,76,59,0,4,0,1,2,0,0,25,53,93,39,18,203,0
22,1,3,26,0.28,77,72,2,6,0,3,0,0,0,44,59,57,72,16,204,0
10,1,1,21,0.26,93,67,2,5,0,1,0,1,0,50,68,77,60,26,231,1
10,0,3,34,0.39,80,98,5,8,0,0,0,0,0,27,79,50,80,33,242,1
23,1,2,26,0.45,64,58,2,6,0,2,1,0,1,24,51,106,48,20,225,0
20,1,3,19,0.48,97,95,0,3,0,1,1,0,0,55,37,75,92,12,216,0
3,1,2,37,0.2,57,79,0,3,0,0,0,0,0,38,77,43,57,21,198,0
7,0,1,27,0.41,55,62,2,7,0,0,0,0,0,2,55,21,38,23,137,0
23,0,2,27,0.14,77,80,2,7,1,1,0,0,0,10,93,44,50,41,228,0
2,0,2,54,0.3,53,95,2,6,1,4,1,2,0,29,88,53,64,42,247,1
21,1,1,41,0.13,79,92,3,7,0,0,0,1,0,52,119,39,77,46,281,1
20,0,2,23,0.21,92,62,1,6,0,1,0,0,1,32,70,96,50,19,235,1
1,1,2,25,0.47,66,81,1,6,1,0,0,0,1,33,47,93,65,14,219,0
23,0,3,59,0.12,83,66,2,6,0,2,0,0,1,40,149,75,55,56,335,1
11,0,1,27,0.33,55,52,1,5,2,0,0,0,0,2,61,40,21,13,135,0
5,1,2,25,0.32,85,50,2,6,0,0,0,0,0,4,50,67,40,14,171,0
1,0,1,26,0.1,84,54,4,9,0,4,0,0,0,30,137,77,46,33,293,1
20,1,3,16,0.2,88,81,4,9,0,0,1,0,0,3,81,72,46,29,228,0
0,1,1,21,0.3,88,74,1,4,0,1,0,0,1,7,53,101,46,10,210,0
11,0,3,43,0.13,65,94,3,7,0,1,2,0,0,58,117,98,86,30,331,1
21,1,3,19,0.41,51,54,1,4,0,3,1,0,0,16,48,47,24,14,133,0
11,1,2,14,0.49,57,86,2,6,1,0,0,0,0,21,43,43,33,7,126,0
16,0,2,30,0.15,64,72,2,7,0,2,0,1,0,37,97,56,78,40,271,1
9,0,1,12,0.13,76,61,3,7,1,2,1,1,0,23,98,85,46,46,275,1
15,1,2,28,0.25,65,83,1,5,1,0,0,0,0,30,67,44,66,27,204,0
14,0,3,54,0.39,50,72,2,7,1,0,1,0,0,48,83,53,76,28,240,1
14,1,3,53,0.18,59,65,2,7,0,0,0,0,0,51,109,37,55,33,234,1
18,1,1,44,0.06,56,98,2,6,0,1,0,1,1,48,208,78,71,75,432,1
11,0,2,15,0.29,97,54,1,5,0,1,0,0,0,45,50,85,58,5,198,0
22,0,3,23,0.48,59,93,0,4,1,1,0,0,0,24,41,45,71,4,161,0
19,0,2,13,0.23,61,96,1,5,1,2,1,0,1,37,60,83,73,20,236,1
2,0,1,54,0.24,66,77,2,6,0,2,0,0,0,54,89,43,74,19,225,0
4,1,2,27,0.49,94,55,1,6,0,1,0,1,0,31,42,87,54,16,199,0
18,1,2,38,0.36,61,62,3,7,0,0,0,0,1,48,78,85,39,21,223,0
6,0,3,44,0.37,64,92,1,6,1,2,0,0,0,25,71,40,63,26,200,0
20,0,2,47,0.3,95,79,4,7,0,3,0,1,0,35,93,45,63,30,231,1
8,1,2,25,0.49,81,75,2,5,2,3,0,0,0,26,53,69,34,23,179,0
6,1,3,29,0.36,81,66,2,6,2,0,0,0,1,22,53,122,46,11,232,1
17,1,2,33,0.45,75,58,0,3,1,0,0,0,0,19,39,61,41,6,147,0
3,1,3,44,0.36,63,65,2,7,0,2,1,1,0,45,69,64,44,35,212,0
13,0,2,53,0.38,99,98,6,9,0,2,0,0,1,26,102,102,93,27,324,1
17,1,1,28,0.18,75,67,2,5,0,1,0,0,0,52,86,51,65,30,232,1
8,1,3,13,0.19,54,62,2,7,2,0,0,0,0,16,71,34,65,14,184,0
20,0,2,42,0.4,87,78,0,4,0,0,1,1,0,13,72,89,37,32,230,0
1,1,1,11,0.18,99,92,4,9,1,0,0,0,0,2,85,76,45,17,223,0
19,1,2,22,0.3,95,94,1,6,2,0,1,0,0,39,54,89,59,8,210,0
14,0,1,54,0.16,53,73,1,5,1,1,1,1,0,26,108,61,62,44,275,1
6,0,2,39,0.42,77,94,3,8,1,2,1,1,0,44,72,65,83,36,256,1
11,0,3,43,0.1,50,93,2,6,0,1,1,0,0,59,146,71,90,45,352,1
7,1,3,39,0.42,62,95,4,9,0,1,1,1,0,13,75,54,51,34,214,0
14,1,3,33,0.32,92,62,1,4,1,1,0,0,0,27,57,58,66,16,197,0
2,0,1,57,0.13,52,74,1,5,2,2,2,0,0,43,129,84,82,36,331,1
13,0,2,53,0.29,98,90,4,8,1,0,0,0,0,24,93,65,79,26,263,1
16,1,1,42,0.18,99,95,4,7,0,1,0,0,1,39,104,109,66,35,314,1
3,0,3,50,0.2,74,50,5,8,0,0,2,0,0,10,114,90,50,32,286,1
17,0,2,58,0.21,91,58,1,5,1,1,0,0,0,59,101,69,72,28,270,1
7,0,2,19,0.08,65,53,0,3,0,1,0,0,0,51,142,35,55,36,268,1
3,1,3,27,0.49,70,77,4,9,0,2,2,0,0,11,75,95,41,28,239,1
1,1,2,28,0.06,62,61,2,7,0,0,0,0,0,57,201,30,63,62,356,1
5,1,2,16,0.35,93,73,1,6,2,0,0,0,0,32,44,86,72,18,220,0
21,1,3,28,0.22,85,95,4,7,2,4,0,0,0,19,84,52,72,23,231,1
9,1,3,33,0.34,57,58,0,3,1,0,1,0,1,53,54,98,54,22,228,0
3,1,2,24,0.21,93,84,3,6,1,0,1,1,0,33,79,72,67,27,245,1
21,0,2,50,0.35,68,87,1,5,0,0,1,0,0,22,81,59,51,18,209,0
17,1,3,51,0.38,96,84,2,7,1,1,0,1,0,18,72,47,59,30,208,0
11,1,1,32,0.36,65,82,1,5,0,1,0,0,0,55,56,37,59,15,167,0
1,0,2,13,0.1,61,84,4,8,0,0,1,0,1,35,138,98,62,44,342,1
9,1,1,47,0.35,69,95,1,5,0,0,1,0,0,56,75,80,99,24,278,1
3,1,2,13,0.18,67,69,4,9,0,1,0,0,0,43,82,59,81,16,238,1
13,0,1,14,0.06,61,51,0,5,1,3,0,0,1,0,187,87,26,55,355,1
15,0,2,50,0.24,97,93,3,8,2,2,0,1,0,9,87,51,66,42,246,1
14,0,2,53,0.25,74,75,1,4,1,1,1,0,0,0,86,72,79,25,262,1
7,1,2,32,0.26,60,91,2,7,1,0,1,1,0,4,73,67,78,26,244,1
13,0,3,49,0.37,71,62,0,3,0,1,0,0,0,56,68,38,61,15,182,0
22,1,3,46,0.19,95,79,1,4,1,1,0,1,1,21,90,95,45,36,266,1
7,1,3,20,0.19,83,81,2,5,1,1,0,0,0,42,75,57,69,25,226,0
20,1,2,20,0.08,62,85,1,6,1,1,2,0,0,1,144,96,74,53,367,1
15,1,1,22,0.36,95,68,1,6,0,0,1,0,0,8,48,94,34,9,185,0
12,0,2,23,0.31,87,71,1,6,1,2,0,0,1,43,66,87,43,17,213,0
17,0,3,17,0.21,61,50,2,7,0,2,0,0,0,6,78,46,39,30,193,0
14,1,2,34,0.37,88,60,1,5,0,0,0,0,0,47,53,68,61,16,198,0
20,0,1,27,0.29,85,75,0,5,0,1,0,0,0,20,55,57,57,28,197,0
23,1,3,53,0.26,77,97,3,8,0,0,1,0,0,6,86,67,60,25,238,1
12,1,2,53,0.28,76,68,2,7,1,1,0,0,0,58,85,49,68,29,231,1
8,1,2,27,0.34,88,68,1,6,1,1,1,1,0,8,54,94,32,22,202,0
14,0,3,19,0.35,62,61,2,7,0,1,0,0,0,55,49,42,68,0,157,0
12,1,3,16,0.18,92,52,1,5,2,1,0,0,0,39,67,73,51,20,211,0
0,1,2,59,0.11,89,67,2,6,1,0,1,0,0,8,146,81,65,38,330,1
6,0,3,53,0.12,76,98,0,3,0,0,1,1,0,58,119,80,85,39,323,1
8,0,2,23,0.34,80,54,3,6,1,0,1,0,0,50,64,99,58,21,242,1
23,0,3,24,0.44,51,97,2,7,0,2,1,0,0,48,52,37,66,15,170,0
0,0,1,25,0.23,67,73,1,4,1,2,0,1,1,11,59,82,37,28,206,0
11,1,1,11,0.13,75,63,3,7,1,1,0,0,0,43,102,59,66,22,249,1
7,0,2,39,0.39,91,87,3,8,0,1,1,0,0,35,66,69,90,17,242,1
23,1,3,39,0.42,80,52,2,5,1,1,0,0,0,8,65,63,38,26,192,0
10,0,2,27,0.45,87,55,2,5,1,1,0,0,1,9,47,112,34,8,201,0
18,0,1,40,0.32,71,61,2,6,0,1,1,1,0,48,79,53,42,28,202,0
16,0,1,53,0.44,85,60,2,7,0,0,1,2,0,9,75,91,42,47,255,1
7,0,3,57,0.06,68,88,3,6,0,0,1,1,0,43,229,58,87,79,453,1
2,0,1,22,0.1,63,75,2,6,0,0,0,0,0,16,119,60,46,35,260,1
2,0,2,29,0.09,63,50,1,6,0,1,1,0,1,37,138,105,41,42,326,1
0,1,1,58,0.37,99,65,2,6,0,1,1,0,0,3,87,95,30,21,233,1
4,0,1,59,0.08,78,97,3,8,0,1,1,0,0,15,200,62,75,53,390,1
9,0,2,44,0.27,66,98,2,7,0,0,0,0,0,48,86,35,83,18,222,0
6,0,2,32,0.26,99,96,2,7,1,1,0,1,1,47,80,95,77,41,293,1
8,0,2,51,0.19,99,58,2,6,2,2,1,0,0,35,106,86,59,23,274,1
6,1,2,42,0.44,86,54,3,8,1,0,1,0,0,26,65,78,38,19,200,0
8,0,3,47,0.13,58,57,2,5,0,0,0,0,0,5,123,54,24,34,235,1
7,0,2,44,0.21,50,70,4,9,1,0,0,1,0,39,110,29,64,48,251,1
11,0,2,45,0.4,53,82,2,7,2,1,1,0,0,8,70,53,51,21,195,0
1,0,3,29,0.06,56,88,1,5,1,0,1,0,1,57,200,102,81,53,436,1
0,1,1,12,0.35,60,92,2,7,1,1,0,1,1,59,45,90,99,24,258,1
15,0,3,17,0.42,63,69,2,5,1,2,0,0,0,31,45,41,62,15,163,0
22,1,1,49,0.47,91,94,2,5,0,1,1,0,0,37,62,95,63,14,234,1
22,0,2,41,0.44,68,71,2,7,0,0,0,0,0,29,74,42,56,20,192,0
23,1,2,38,0.19,89,62,3,7,0,1,0,1,0,13,92,54,39,42,227,0
4,1,3,16,0.31,52,88,1,4,0,1,0,1,0,44,49,42,71,31,193,0
2,0,2,11,0.08,57,60,3,7,2,0,0,0,0,49,146,18,48,43,255,1
11,0,2,30,0.17,78,67,3,8,0,1,1,0,0,28,96,80,50,35,261,1
7,1,3,15,0.09,99,79,3,7,2,0,1,0,0,27,131,93,53,40,317,1
21,1,2,37,0.19,86,82,2,7,1,1,1,0,0,21,86,84,55,24,249,1
2,0,2,57,0.44,92,93,3,8,0,1,1,0,0,30,79,85,70,24,258,1
0,1,2,51,0.21,58,52,2,6,0,0,0,0,0,16,102,54,35,26,217,0
2,1,3,45,0.3,68,50,3,6,0,0,0,0,1,16,86,93,21,23,223,0
4,1,1,41,0.25,61,85,1,6,1,0,0,1,0,48,73,50,69,36,228,0
14,0,1,54,0.26,76,55,1,6,1,0,1,0,0,53,99,88,53,18,258,1
13,1,2,51,0.49,86,86,2,7,2,3,0,0,0,14,68,61,65,18,212,0
2,1,2,55,0.18,97,78,2,5,0,0,0,0,0,46,102,80,73,30,285,1
0,1,3,18,0.33,74,60,3,6,0,2,0,0,0,31,54,46,58,20,178,0
4,0,3,20,0.24,94,62,3,8,0,1,1,0,0,27,74,95,53,20,242,1
22,0,3,32,0.08,87,60,3,6,0,0,1,0,0,10,161,84,41,52,338,1
13,1,3,59,0.27,97,87,2,6,1,1,0,1,0,38,98,65,70,40,273,1
6,0,2,20,0.42,99,74,1,5,0,0,2,0,1,16,35,157,63,3,258,1
8,1,1,58,0.09,66,64,2,6,1,1,1,1,1,11,170,96,58,58,382,1
14,0,3,11,0.08,93,62,2,6,0,2,0,0,0,50,139,55,66,41,301,1
14,0,2,12,0.12,82,91,3,8,0,1,0,0,0,50,113,53,85,35,286,1
9,1,2,20,0.39,88,82,1,5,1,0,0,0,0,38,41,60,56,10,167,0
12,0,3,59,0.38,63,62,2,5,1,2,1,0,0,51,85,63,59,22,229,0
18,0,2,44,0.3,77,87,1,6,0,1,0,1,0,8,78,64,54,36,232,1
6,0,3,24,0.26,67,73,3,6,1,2,0,0,0,24,68,43,50,18,179,0
16,1,2,52,0.45,82,69,1,5,0,1,0,0,0,25,66,69,71,21,227,0
19,0,2,20,0.4,91,93,1,6,1,2,1,0,1,3,42,128,59,15,244,1
3,0,1,40,0.42,64,66,6,11,2,0,1,0,0,18,89,63,46,33,231,1
4,1,2,37,0.42,60,99,2,7,1,0,0,0,0,12,67,32,52,22,173,0
22,0,3,37,0.34,85,73,1,5,0,0,0,0,0,28,51,42,64,18,175,0
6,0,2,41,0.26,64,75,2,5,1,1,1,1,0,53,81,66,76,36,259,1
12,0,2,34,0.44,97,89,2,7,1,1,1,1,0,46,59,69,69,28,225,0
14,0,1,29,0.47,79,81,0,3,0,0,1,0,0,8,44,91,47,7,189,0
10,0,1,37,0.06,64,78,3,7,1,0,1,0,0,41,216,75,61,62,414,1
3,1,2,34,0.07,98,63,2,6,0,2,1,0,0,39,181,84,59,48,372,1
12,1,3,20,0.48,72,86,4,7,1,0,0,1,0,6,51,40,50,20,161,0
6,0,2,28,0.17,92,71,3,8,0,1,0,0,0,6,95,51,34,26,206,0
18,0,3,37,0.44,99,83,3,6,2,2,0,0,0,20,76,63,78,26,243,1
21,0,3,10,0.22,97,76,1,6,1,4,1,0,0,8,60,85,51,16,212,0
1,1,2,14,0.1,64,77,1,6,0,0,0,1,0,49,110,26,57,38,231,1
9,1,2,19,0.09,78,71,5,8,0,0,0,0,0,44,146,49,51,41,287,1
12,0,3,51,0.12,60,92,1,6,0,0,0,1,0,26,130,38,75,55,298,1
20,0,2,55,0.16,94,52,1,6,0,1,1,0,0,47,107,95,44,25,271,1
5,1,2,43,0.27,67,71,3,8,0,1,0,1,0,20,81,49,45,36,211,0
11,0,1,45,0.37,89,97,2,6,0,1,0,1,1,4,74,96,47,34,251,1
11,1,3,11,0.49,80,70,6,11,0,0,0,1,1,4,64,90,36,33,223,0
19,1,3,27,0.25,58,65,1,4,0,2,0,0,0,7,62,29,49,14,154,0
10,0,3,22,0.28,71,58,4,8,0,1,1,0,0,14,67,80,41,15,203,0
22,1,1,14,0.28,60,62,1,6,1,1,1,2,0,12,49,61,36,29,175,0
6,0,2,29,0.29,66,59,2,6,0,0,0,1,0,32,67,45,35,32,179,0
0,0,1,11,0.28,82,98,1,4,0,2,1,0,1,43,53,110,68,16,247,1
0,0,1,20,0.05,60,70,4,8,0,0,1,0,0,58,239,51,65,66,421,1
19,0,2,39,0.05,88,98,0,4,1,3,0,0,0,46,228,67,81,62,438,1
12,0,3,41,0.09,57,91,1,6,0,0,0,0,0,31,149,49,74,41,313,1
8,0,3,41,0.1,53,89,2,5,0,1,1,0,0,35,134,50,58,37,279,1
2,1,2,59,0.37,85,56,0,3,0,0,1,0,0,48,72,63,61,17,213,0
6,1,1,47,0.14,68,95,1,5,0,0,1,0,0,52,109,70,85,32,296,1
5,1,2,37,0.45,73,71,0,5,0,0,0,0,0,22,44,36,55,12,147,0
7,1,2,19,0.47,90,67,2,6,0,2,1,2,0,33,52,92,36,28,208,0
8,0,3,31,0.49,98,70,2,6,1,2,1,0,0,17,48,78,51,11,188,0
4,1,3,26,0.47,67,99,3,7,1,1,1,0,1,11,62,115,61,23,261,1
0,1,2,31,0.17,82,63,2,7,2,1,0,1,0,22,103,55,46,42,246,1
18,1,2,52,0.28,95,59,0,4,1,0,0,0,0,1,72,77,53,17,219,0
9,0,1,28,0.13,85,82,1,6,1,0,0,0,1,43,104,87,54,34,279,1
11,1,2,26,0.41,59,58,1,4,2,0,1,0,0,26,51,44,67,20,182,0
23,0,2,33,0.45,63,67,4,8,0,3,0,0,0,49,74,45,39,21,179,0
14,1,1,45,0.43,56,62,0,3,1,1,0,1,1,30,62,91,49,35,237,1
21,0,2,41,0.25,61,66,2,6,0,3,0,0,0,47,83,47,68,29,227,0
23,0,3,55,0.39,71,72,0,3,1,2,0,0,0,21,69,48,42,23,182,0
8,1,2,45,0.09,76,74,1,6,0,1,0,0,0,4,147,56,49,41,293,1
19,0,1,37,0.07,97,65,1,5,1,2,0,0,1,16,182,92,39,46,359,1
16,0,1,23,0.39,86,73,2,6,2,2,0,0,0,42,57,64,67,10,198,0
16,1,2,45,0.24,60,80,3,8,0,0,0,0,0,6,97,42,49,21,209,0
19,1,2,15,0.5,85,60,1,4,1,0,0,1,0,17,35,54,42,24,155,0
11,1,2,18,0.09,62,72,2,5,0,4,0,0,0,1,137,27,58,39,261,1
6,0,2,30,0.44,81,90,1,6,0,1,1,0,1,30,55,123,79,15,272,1
1,0,2,21,0.27,57,88,0,3,1,1,0,0,0,27,47,32,60,22,161,0
2,0,3,39,0.42,56,71,2,7,0,0,0,0,0,2,71,29,49,13,162,0
16,1,2,40,0.42,92,82,5,8,0,0,1,0,1,8,84,144,54,27,309,1
4,0,3,49,0.46,92,90,3,8,0,2,0,1,1,32,69,107,61,29,266,1
16,0,2,13,0.18,66,91,2,7,1,2,1,0,0,27,69,56,64,11,200,0
23,0,1,40,0.48,71,97,3,8,0,2,0,0,1,59,69,99,96,21,285,1
16,0,2,36,0.12,95,67,0,5,2,0,2,0,0,27,123,106,44,31,304,1
16,0,2,34,0.09,83,63,3,6,1,0,0,1,0,55,152,69,61,45,327,1
1,0,3,14,0.24,69,77,0,4,0,1,0,1,0,17,57,33,63,16,169,0
1,0,3,15,0.42,57,60,2,5,0,2,0,1,0,14,44,42,52,18,156,0
21,1,3,14,0.26,71,73,0,5,2,2,0,0,1,10,50,84,50,11,195,0
22,1,3,36,0.42,76,85,2,6,1,2,0,0,0,24,67,51,55,19,192,0
4,1,2,17,0.38,83,68,2,6,1,0,0,1,0,4,55,73,47,15,190,0
0,0,2,18,0.14,70,62,5,8,1,1,0,0,0,40,107,53,39,28,227,0
0,0,2,24,0.48,64,82,1,6,0,0,1,1,0,45,44,45,60,25,174,0
18,1,3,45,0.08,54,68,3,8,1,1,0,1,0,26,171,42,67,62,342,1
1,0,3,50,0.45,87,96,0,5,1,1,0,0,0,11,63,46,75,12,196,0
20,1,1,16,0.19,66,81,0,5,0,1,0,0,0,9,66,40,45,26,177,0
11,0,3,41,0.28,57,64,2,7,2,1,1,0,0,8,73,54,29,14,170,0
5,0,1,17,0.24,68,60,4,8,0,2,0,0,0,52,75,49,48,13,185,0
22,1,2,56,0.13,54,72,0,3,0,1,0,1,0,1,126,38,36,48,248,1
3,1,2,24,0.21,72,54,0,3,0,1,0,0,0,8,68,45,38,15,166,0
22,1,2,46,0.14,68,71,1,4,1,1,2,0,0,46,108,85,56,35,284,1
10,1,3,28,0.14,63,91,2,6,0,0,1,2,0,55,105,80,78,46,309,1
23,1,2,48,0.13,59,67,2,6,0,1,0,0,0,50,122,41,61,39,263,1
16,0,1,15,0.27,80,56,0,3,2,1,0,0,0,15,49,37,48,22,156,0
5,0,2,28,0.41,62,82,1,5,0,0,1,0,0,0,43,50,40,17,150,0
23,0,2,37,0.31,71,52,3,7,0,0,0,1,0,20,80,39,40,31,190,0
4,1,2,26,0.45,86,77,2,5,0,2,0,0,0,49,57,81,92,14,244,1
19,1,2,51,0.34,88,50,4,8,0,1,0,0,1,56,83,91,57,21,252,1
1,1,1,28,0.36,59,98,1,6,0,0,0,1,1,36,56,72,75,28,231,1
5,1,2,40,0.35,80,96,3,6,0,0,0,0,0,38,71,57,73,18,219,0
21,1,2,20,0.25,92,86,1,4,0,0,1,1,0,0,64,99,52,24,239,1
10,1,3,24,0.36,84,71,3,6,1,2,0,0,0,48,64,55,66,19,204,0
15,0,1,19,0.08,62,97,1,4,0,1,0,0,0,46,151,36,84,50,321,1
15,0,2,52,0.44,79,93,1,5,1,0,0,1,0,39,75,68,90,33,266,1
0,0,2,32,0.4,83,68,1,4,0,1,0,0,0,13,53,58,42,22,175,0
8,0,2,12,0.16,85,63,3,8,0,2,0,0,1,39,87,101,53,25,266,1
5,0,2,12,0.4,84,52,2,6,0,1,1,1,0,47,53,87,70,25,235,1
15,1,3,27,0.06,96,68,2,6,0,0,1,0,0,43,188,88,57,57,390,1
2,1,3,34,0.15,53,82,2,5,1,0,0,0,1,31,97,84,62,33,276,1
19,1,3,52,0.08,53,70,1,5,0,3,1,0,0,23,176,52,54,53,335,1
3,1,2,29,0.4,96,50,4,8,2,1,0,1,0,38,63,61,43,22,189,0
18,1,2,38,0.39,55,75,4,8,1,0,0,0,0,36,84,41,64,35,224,0
2,1,3,31,0.42,77,59,0,3,0,3,0,1,0,32,44,63,39,30,176,0
18,0,2,59,0.05,79,84,2,7,0,1,0,0,0,29,260,52,46,80,438,1
19,1,1,24,0.28,76,62,2,5,0,4,1,1,0,55,66,67,50,26,209,0
6,1,3,48,0.37,54,55,4,9,0,1,0,0,0,25,84,54,57,23,218,0
19,1,2,19,0.12,93,92,4,8,1,2,1,0,0,42,120,91,96,39,346,1
8,1,1,30,0.34,88,55,1,6,1,1,0,1,0,54,59,63,43,23,188,0
0,0,2,38,0.09,84,84,3,6,0,0,1,1,1,43,159,104,72,56,391,1
7,0,2,41,0.13,88,65,2,5,0,0,1,0,0,13,127,86,52,34,299,1
6,1,2,19,0.26,93,90,3,6,0,1,0,1,0,11,72,53,50,32,207,0
17,0,2,22,0.34,64,57,0,4,1,0,0,0,0,43,52,53,61,17,183,0
7,0,1,56,0.12,68,52,2,7,0,0,1,0,0,2,136,82,38,44,300,1
0,1,1,32,0.13,79,54,2,5,2,0,0,1,0,6,105,67,36,35,243,1
10,1,2,59,0.14,87,70,4,7,1,0,0,1,0,20,134,74,61,47,316,1
17,1,3,32,0.16,81,80,0,3,2,2,0,0,0,57,96,49,75,25,245,1
22,1,2,40,0.15,89,63,3,7,0,0,0,0,0,26,123,71,61,33,288,1
9,1,1,13,0.23,78,86,6,9,1,1,0,0,0,9,78,50,58,23,209,0
2,0,1,58,0.34,55,68,1,5,1,1,1,0,0,9,76,69,52,19,216,0
6,1,3,12,0.25,75,86,3,7,1,0,0,0,1,35,63,94,85,12,254,1
15,1,2,30,0.4,76,69,1,4,0,2,0,0,0,16,54,50,45,17,166,0
15,1,2,11,0.37,84,51,3,7,2,3,0,0,1,41,57,95,44,6,202,0
19,0,1,13,0.11,77,56,1,5,2,2,0,0,1,33,111,98,51,30,290,1
16,1,3,10,0.07,54,82,3,6,0,1,1,1,0,17,160,52,47,63,322,1
1,1,2,24,0.45,90,99,2,5,1,2,0,0,0,25,45,47,52,20,164,0
0,1,2,42,0.09,97,91,4,9,0,2,0,0,1,59,157,118,66,50,391,1
15,0,1,15,0.12,65,55,2,5,1,0,0,0,0,1,101,42,41,28,212,0
11,1,2,16,0.06,90,56,2,7,1,1,1,1,0,8,182,97,31,67,377,1
4,1,3,28,0.33,67,93,1,6,0,0,2,0,0,53,61,97,65,28,251,1
4,1,3,53,0.31,62,67,0,5,0,1,0,0,0,44,68,46,56,22,192,0
22,0,2,10,0.49,92,92,1,4,0,1,1,1,0,4,34,99,48,24,205,0
8,1,3,48,0.45,74,78,3,8,0,0,0,0,0,25,68,47,48,30,193,0
8,1,1,28,0.23,59,68,1,6,0,0,0,0,0,51,85,49,61,28,223,0
2,1,2,54,0.22,78,74,3,8,1,1,0,0,0,40,106,55,75,28,264,1
18,0,2,35,0.18,59,53,2,5,1,1,1,1,0,14,98,42,43,30,213,0
15,1,2,53,0.12,55,62,2,5,0,3,1,0,0,24,134,54,46,43,277,1
15,1,3,21,0.11,65,81,3,6,1,1,0,1,0,25,126,37,64,43,270,1
2,1,1,31,0.11,74,76,3,6,0,0,1,0,0,27,128,65,65,40,298,1
19,0,2,22,0.1,93,83,3,7,0,1,0,0,0,22,141,56,64,36,297,1
23,0,2,37,0.16,53,77,0,3,1,1,0,0,0,20,86,17,59,23,185,0
21,1,2,23,0.19,86,58,1,6,0,1,1,1,0,21,75,84,41,36,236,1
23,0,2,31,0.48,83,57,0,3,0,1,2,0,0,18,44,91,62,2,199,0
0,0,1,39,0.31,68,70,2,6,0,0,0,0,0,49,66,46,64,31,207,0
23,0,3,53,0.49,82,95,1,5,1,0,1,0,0,9,72,83,65,14,234,1
19,1,2,29,0.22,53,79,5,9,1,2,1,0,0,41,88,55,61,23,227,0
10,1,2,53,0.26,93,78,3,6,0,1,0,0,0,35,87,72,71,24,254,1
16,0,3,36,0.2,83,58,2,6,0,1,0,0,0,30,92,62,60,26,240,1
7,0,3,47,0.13,61,62,2,6,1,1,0,0,0,30,116,38,56,30,240,1
3,0,1,51,0.11,80,67,1,5,0,1,1,0,1,34,139,118,66,49,372,1
5,1,3,50,0.48,65,87,1,4,0,1,0,0,1,51,71,93,87,18,269,1
7,1,1,43,0.49,51,71,1,5,0,1,0,0,0,57,54,33,80,21,188,0
19,0,1,48,0.07,98,80,0,4,2,0,0,0,0,10,184,74,52,50,360,1
2,0,2,50,0.12,51,84,3,8,1,0,0,0,0,16,133,44,64,32,273,1
15,0,3,53,0.24,85,91,5,10,1,0,1,0,0,32,107,75,67,35,284,1
2,0,1,46,0.13,55,91,1,6,1,0,1,0,0,21,118,65,66,41,290,1
17,1,2,10,0.21,72,59,3,7,1,0,0,0,0,42,64,46,51,19,180,0
13,0,1,24,0.11,88,58,2,7,0,2,0,1,1,25,114,109,33,56,312,1
17,1,3,41,0.26,96,80,2,5,1,2,0,0,0,35,87,56,72,24,239,1
1,0,2,17,0.17,93,93,0,5,1,2,1,0,0,47,61,87,71,19,238,1
21,0,2,42,0.21,86,89,0,3,1,1,1,1,0,1,79,82,59,30,250,1
2,0,2,27,0.09,95,73,1,6,0,1,1,1,0,31,138,92,68,48,346,1
15,0,3,54,0.24,65,90,3,8,0,2,0,1,0,2,102,46,53,46,247,1
8,0,3,38,0.49,92,98,3,8,1,2,0,0,0,55,72,62,97,29,260,1
3,1,2,41,0.2,93,57,2,5,0,2,1,0,0,37,96,73,48,34,251,1
0,0,2,42,0.44,68,99,2,5,0,1,1,0,0,49,67,65,79,15,226,0
3,0,3,14,0.43,98,69,1,6,0,0,1,0,0,22,38,82,48,9,177,0
0,0,1,27,0.48,73,66,3,6,1,0,0,0,0,49,55,60,61,8,184,0
13,1,3,57,0.41,76,77,2,7,0,2,0,0,1,0,78,99,43,31,251,1
20,1,3,19,0.35,56,55,1,5,0,1,0,0,0,4,47,20,33,20,120,0
15,1,1,45,0.44,79,91,1,5,1,1,0,0,0,43,65,73,101,21,260,1
19,1,2,42,0.08,90,82,2,6,0,3,0,0,0,57,166,69,68,53,356,1
23,0,2,32,0.26,63,77,5,8,1,0,0,1,0,56,93,41,86,40,260,1
7,0,2,49,0.5,93,50,2,6,0,1,1,0,0,36,70,91,46,16,223,0
6,0,2,14,0.4,64,90,2,7,1,1,1,0,0,0,40,54,50,6,150,0
2,1,2,43,0.48,61,84,2,7,1,1,0,1,0,17,65,34,65,30,194,0
16,0,2,33,0.4,78,73,5,8,0,3,2,0,0,51,76,80,74,26,256,1
0,0,2,26,0.44,72,55,0,5,2,2,0,1,0,4,42,49,27,22,140,0
15,1,2,40,0.37,62,56,1,5,1,0,0,0,0,17,65,53,57,21,196,0
11,1,1,16,0.39,58,58,1,6,2,0,2,1,0,34,35,85,41,24,185,0
18,1,3,26,0.29,73,86,0,3,0,1,0,0,0,53,53,52,81,20,206,0
21,0,1,37,0.47,88,65,3,8,0,1,0,0,0,53,65,63,57,14,199,0
22,0,3,47,0.42,79,83,1,6,1,2,1,1,0,31,63,94,57,17,231,1
21,1,2,31,0.43,50,84,3,7,0,0,0,1,0,25,64,47,73,23,207,0
13,0,2,24,0.35,59,84,1,4,1,0,1,0,0,32,50,53,64,17,184,0
5,1,3,46,0.19,87,69,2,6,1,0,1,1,0,41,97,68,68,28,261,1
5,1,2,24,0.07,96,72,1,6,1,2,0,0,0,23,166,67,47,50,330,1
12,0,2,59,0.47,64,91,5,8,2,0,0,1,0,26,89,41,50,41,221,0
18,1,1,59,0.31,58,84,1,6,2,1,0,0,1,53,78,90,82,23,273,1
21,1,2,34,0.18,62,96,5,10,0,0,0,0,0,18,117,36,71,38,262,1
7,1,2,30,0.12,72,95,0,4,1,0,0,0,0,17,104,62,60,28,254,1
1,0,1,47,0.42,82,72,2,7,1,0,0,0,0,14,70,60,54,22,206,0
20,1,2,11,0.43,58,53,1,4,0,1,1,0,1,26,42,92,40,12,186,0
0,1,1,36,0.42,52,59,2,5,2,2,0,0,0,56,64,24,78,14,180,0
14,1,2,58,0.34,79,92,1,5,1,0,0,0,0,10,77,56,71,17,221,0
0,1,1,41,0.21,58,60,2,6,1,0,1,0,0,23,81,55,42,16,194,0
4,1,1,30,0.19,74,89,2,5,0,1,1,0,0,2,79,80,53,28,240,1
15,1,1,13,0.05,96,58,1,5,1,0,0,0,0,38,210,65,71,64,410,1
18,1,3,53,0.43,73,89,2,7,1,0,1,0,0,6,73,41,60,17,191,0
3,0,1,28,0.09,81,61,5,8,0,2,0,0,0,11,161,56,44,42,303,1
2,0,2,11,0.33,56,66,6,10,0,0,1,0,0,32,64,42,61,19,186,0
16,1,1,35,0.28,85,81,2,5,0,1,0,0,0,21,69,51,73,22,215,0
16,0,3,43,0.29,74,72,3,8,1,1,0,0,0,34,89,38,54,23,204,0
11,0,1,23,0.47,69,64,2,6,1,0,0,0,1,13,58,86,54,14,212,0
13,1,3,24,0.06,66,77,4,7,0,2,0,0,0,25,208,29,58,62,357,1
20,0,2,29,0.4,85,87,4,9,1,1,0,1,0,18,67,46,70,29,212,0
5,1,1,43,0.07,75,54,2,6,0,0,0,0,0,20,186,65,37,52,340,1
2,1,3,45,0.07,68,89,1,4,1,0,0,0,0,53,178,48,90,53,369,1
8,1,2,28,0.24,86,67,2,7,1,2,1,0,1,40,78,116,49,11,254,1
4,1,2,18,0.08,97,70,2,7,1,0,1,0,0,44,149,80,48,46,323,1
23,1,3,16,0.41,52,64,1,6,1,3,0,0,0,30,37,26,58,14,135,0
16,0,3,39,0.29,92,52,4,9,0,2,2,0,0,4,82,122,42,22,268,1
13,1,2,22,0.06,77,95,2,7,0,1,1,1,0,34,199,69,75,76,419,1
20,0,2,36,0.07,71,75,0,4,1,2,0,0,0,16,167,30,71,46,314,1
2,1,3,53,0.33,96,64,3,8,1,2,0,0,0,59,84,57,64,25,230,0
0,1,2,44,0.41,68,94,1,5,0,0,1,0,0,31,77,78,84,18,257,1
19,1,3,22,0.25,95,69,4,8,0,2,0,0,0,50,73,80,56,21,230,0
20,0,2,24,0.3,65,70,2,5,0,0,0,1,0,3,64,27,45,27,163,0
22,1,2,55,0.41,55,75,4,7,0,1,0,1,0,9,86,29,60,29,204,0
0,1,3,18,0.32,86,90,5,9,0,1,0,0,1,29,83,86,82,27,278,1
2,1,1,54,0.15,80,72,2,7,0,2,2,1,0,54,125,78,63,49,315,1
17,1,2,32,0.33,98,98,0,5,1,0,1,0,0,36,57,94,63,15,229,0
9,0,2,45,0.33,97,74,4,8,0,1,0,0,0,50,81,69,70,18,238,1
21,1,2,49,0.38,83,53,1,6,2,1,1,1,0,8,66,75,44,33,218,0
2,0,1,12,0.33,80,59,3,7,1,2,0,0,0,25,63,51,34,20,168,0
7,1,3,43,0.49,60,71,3,6,0,1,0,1,0,21,62,47,61,38,208,0
13,0,2,28,0.14,85,52,1,6,0,1,0,0,0,20,101,63,64,24,252,1
23,0,2,37,0.48,55,68,4,9,1,0,0,0,0,47,73,40,48,22,183,0
17,1,3,32,0.29,76,80,3,8,1,1,0,1,0,22,85,56,32,45,218,0
14,1,2,49,0.35,56,58,1,4,1,0,1,0,0,11,65,82,23,23,193,0
21,0,1,58,0.09,98,78,1,6,1,0,0,0,0,30,165,54,76,50,345,1
22,1,1,54,0.22,81,86,4,8,1,1,1,0,0,57,111,65,74,28,278,1
1,1,3,16,0.4,57,95,0,5,1,1,0,0,0,16,40,47,57,15,159,0
9,1,1,50,0.37,82,56,2,6,0,1,0,0,0,39,78,66,46,21,211,0
1,0,2,21,0.07,96,87,1,6,0,2,1,0,0,54,172,116,84,49,421,1
16,1,2,23,0.3,93,73,1,5,0,1,0,0,0,44,56,57,77,25,215,0
7,1,2,55,0.09,64,57,3,6,1,1,0,1,0,20,166,52,55,65,338,1
0,1,1,24,0.5,76,83,4,9,0,1,0,0,0,53,51,51,86,16,204,0
8,0,2,12,0.45,79,75,1,4,1,5,0,0,0,46,35,62,66,9,172,0
10,1,2,24,0.06,71,77,2,5,0,1,0,0,0,40,193,28,65,48,334,1
21,0,3,33,0.44,96,77,0,5,0,1,1,0,1,32,53,126,51,18,248,1
15,1,1,55,0.46,78,95,2,7,0,0,0,0,0,14,68,53,78,20,219,0
6,0,2,17,0.21,90,56,2,6,0,2,0,0,0,31,82,53,54,27,216,0
9,1,2,14,0.37,97,52,3,8,0,0,1,0,0,58,53,91,61,2,207,0
22,1,2,13,0.25,79,71,1,6,0,1,1,0,0,34,60,65,48,12,185,0
2,0,2,23,0.34,51,87,1,5,0,3,0,0,0,14,57,36,36,14,143,0
17,0,2,25,0.2,64,95,2,6,1,2,1,1,0,28,75,60,58,32,225,0
23,0,2,29,0.2,96,93,0,5,0,1,1,0,0,10,72,81,66,21,240,1
12,1,3,33,0.24,76,67,1,6,0,2,0,0,0,28,79,55,47,20,201,0
6,1,2,15,0.12,56,61,5,10,0,1,0,0,0,40,124,43,71,37,275,1
3,1,2,40,0.42,76,80,2,5,1,1,0,1,1,50,67,87,60,38,252,1
12,1,1,15,0.21,70,88,3,6,1,1,1,0,0,21,77,60,63,24,224,0
19,0,1,44,0.23,62,54,3,8,2,0,0,1,0,25,90,41,47,40,218,0
0,1,1,24,0.45,66,93,3,7,1,0,0,1,1,17,48,90,43,24,205,0
7,1,1,38,0.27,60,90,2,7,2,0,1,1,0,24,84,68,75,34,261,1
13,1,2,12,0.29,59,78,3,8,0,1,1,0,0,20,55,56,53,14,178,0
15,1,3,20,0.48,82,92,2,5,0,1,0,0,0,23,41,46,36,12,135,0
13,1,2,12,0.45,63,85,2,7,1,1,1,1,0,49,50,60,71,30,211,0
11,1,2,37,0.13,86,63,3,8,2,2,1,0,0,58,122,80,77,42,321,1
18,1,1,19,0.26,57,93,0,3,1,1,1,0,0,55,43,38,73,17,171,0
22,0,2,59,0.49,82,67,0,3,1,0,1,0,0,27,61,76,37,19,193,0
14,1,1,42,0.22,56,56,3,7,0,0,1,0,0,52,94,47,43,31,215,0
1,1,3,57,0.22,83,72,1,5,0,2,1,0,1,2,93,114,40,25,272,1
1,1,2,25,0.14,56,82,2,6,0,2,1,1,1,12,103,95,63,46,307,1
22,1,3,19,0.1,56,94,2,7,0,1,1,1,1,37,123,92,78,52,345,1
21,0,3,42,0.38,90,65,4,8,0,0,1,0,0,5,77,78,21,22,198,0
18,0,2,45,0.4,85,86,2,5,0,1,0,0,0,10,73,71,49,17,210,0
21,0,2,12,0.49,56,74,1,5,1,0,0,0,0,55,28,36,78,5,147,0
21,0,1,14,0.4,69,58,1,6,0,0,0,0,0,22,34,78,34,3,149,0
16,0,2,21,0.16,67,77,0,5,0,3,0,0,0,8,83,41,45,22,191,0
19,0,3,53,0.07,94,58,0,4,0,0,1,0,0,48,185,73,42,48,348,1
9,1,1,22,0.49,92,61,0,5,0,1,0,1,0,55,44,74,62,18,198,0
5,0,3,33,0.2,90,67,1,6,0,2,1,0,1,16,75,112,50,24,261,1
14,0,2,53,0.19,63,76,0,5,0,1,1,0,0,8,95,59,66,25,245,1
21,1,3,41,0.46,89,75,2,6,2,0,0,0,0,58,59,40,74,11,184,0
10,0,3,25,0.31,63,75,1,6,0,1,0,1,1,57,57,81,76,27,241,1
4,1,2,41,0.15,70,59,2,6,0,1,0,0,0,18,116,70,46,35,267,1
0,1,2,54,0.45,98,66,4,8,0,2,0,0,0,34,89,73,51,18,231,1
7,0,2,46,0.5,76,81,1,6,0,1,0,0,0,31,58,51,65,19,193,0
20,1,3,45,0.09,95,73,3,7,0,0,0,0,0,27,162,60,74,50,346,1
11,0,3,30,0.44,75,92,2,6,0,1,1,0,0,27,55,58,64,8,185,0
11,0,3,56,0.23,76,97,4,9,0,1,0,0,0,45,104,73,68,40,285,1
4,1,2,21,0.29,73,57,4,9,1,0,0,0,1,14,68,70,46,29,213,0
6,1,2,30,0.46,54,79,4,8,1,0,0,1,1,18,61,86,44,35,226,0
3,0,3,30,0.49,91,75,2,5,0,3,1,1,0,32,59,83,69,23,234,1
5,1,2,52,0.17,87,73,3,6,1,0,0,0,0,22,114,63,41,25,243,1
12,1,3,15,0.15,77,76,2,5,0,2,0,0,0,27,87,70,76,20,253,1
19,0,2,18,0.09,91,64,0,3,0,0,0,1,1,3,123,92,42,51,308,1
14,0,1,10,0.3,92,77,2,6,0,0,1,0,0,46,61,89,64,18,232,1
2,1,2,21,0.06,81,60,2,7,1,1,2,1,0,46,186,82,64,70,402,1
22,0,2,23,0.24,73,88,4,7,0,1,0,0,0,30,77,73,72,26,248,1
7,0,1,15,0.08,55,51,3,8,1,1,1,0,0,34,151,57,52,56,316,1
19,0,1,10,0.23,59,58,0,3,1,0,0,0,0,4,50,27,36,24,137,0
15,0,2,31,0.07,95,99,1,4,1,2,1,0,0,59,176,83,86,52,397,1
12,0,1,43,0.43,52,94,2,5,0,2,0,1,0,32,80,40,86,36,242,1
17,0,2,20,0.14,56,72,3,8,0,3,0,0,0,47,93,56,64,21,234,1
9,0,3,12,0.2,78,82,3,8,0,1,0,0,0,31,68,51,60,14,193,0
18,1,3,51,0.44,83,68,2,5,2,2,1,0,0,47,73,70,68,30,241,1
16,0,3,15,0.39,56,62,1,6,1,0,0,0,0,47,44,49,63,10,166,0
23,1,3,15,0.15,66,63,1,4,1,2,1,0,0,14,77,66,33,27,203,0
18,1,2,29,0.08,62,81,2,6,1,1,0,1,0,58,159,42,93,51,345,1
22,1,2,30,0.37,70,98,3,8,1,0,0,1,0,36,62,51,63,22,198,0
4,0,2,11,0.23,80,71,1,4,0,1,0,1,0,33,59,35,45,38,177,0
20,0,3,35,0.39,58,69,1,5,1,1,1,0,0,39,58,59,78,17,212,0
22,1,2,40,0.25,94,82,0,4,1,2,0,0,0,46,73,59,71,21,224,0
8,0,1,35,0.21,96,54,2,5,0,2,0,0,0,8,88,60,38,34,220,0
11,1,3,41,0.25,62,69,5,9,0,0,1,0,0,40,101,65,55,29,250,1
20,0,1,19,0.39,66,63,1,5,1,2,0,1,0,34,38,20,51,20,129,0
0,0,2,32,0.46,57,76,2,5,0,1,0,1,0,46,58,28,79,28,193,0
0,1,1,15,0.07,58,75,1,5,1,0,0,0,0,23,164,40,62,49,315,1
14,1,2,32,0.29,58,81,1,5,0,1,1,1,0,17,67,65,62,30,224,0
1,1,2,37,0.06,89,79,1,4,0,1,1,0,0,16,197,80,43,67,387,1
21,0,1,58,0.26,97,76,2,5,1,1,1,0,0,0,94,74,43,36,247,1
15,1,2,39,0.45,79,75,2,6,1,1,1,0,0,54,62,71,78,16,227,0
7,0,2,23,0.21,56,67,1,6,0,2,1,0,0,10,70,68,25,16,179,0
12,0,3,46,0.47,66,94,0,3,2,1,0,1,0,32,56,56,63,16,191,0
20,0,3,41,0.33,88,72,0,5,2,1,0,0,0,5,62,56,53,15,186,0
0,1,2,58,0.47,87,93,4,7,1,1,1,1,0,55,90,68,72,32,262,1
15,1,3,43,0.39,54,96,3,8,1,1,2,0,1,28,66,134,65,26,291,1
6,1,2,50,0.1,66,73,3,6,1,1,0,2,1,57,152,111,82,67,412,1
4,0,2,53,0.15,89,53,2,6,0,0,0,1,0,43,115,67,58,48,288,1
21,0,1,31,0.23,50,90,1,5,2,0,1,1,0,19,77,54,70,33,234,1
22,1,2,40,0.13,65,52,3,8,0,0,0,0,1,17,122,73,44,33,272,1
2,0,2,16,0.27,66,92,2,7,0,0,1,0,0,13,57,68,66,11,202,0
11,0,1,50,0.26,79,79,2,5,2,0,0,0,0,44,86,55,70,20,231,1
15,1,2,30,0.48,80,96,3,6,0,2,0,0,0,58,57,47,73,15,192,0
18,1,3,25,0.25,84,65,2,7,1,0,0,0,0,42,76,50,56,22,204,0
4,1,2,29,0.4,94,56,0,5,0,0,1,0,0,19,47,78,40,19,184,0
21,0,1,52,0.47,57,88,3,7,2,2,0,0,0,56,82,51,65,20,218,0
13,0,2,53,0.44,97,71,3,8,1,1,2,0,0,17,78,112,45,21,256,1
4,0,2,56,0.14,79,90,2,6,2,0,0,0,0,52,133,67,76,44,320,1
14,0,2,59,0.27,88,80,4,9,2,1,0,0,0,26,109,59,75,31,274,1
16,0,2,28,0.21,70,98,0,4,0,3,0,1,0,17,69,51,49,32,201,0
13,1,2,57,0.23,64,62,2,6,0,0,1,0,0,16,102,62,46,38,248,1
19,0,3,41,0.21,83,90,2,6,1,1,0,0,0,59,91,44,87,30,252,1
4,0,2,24,0.42,76,90,2,5,1,1,0,0,0,24,52,57,73,13,195,0
11,0,3,14,0.25,51,78,3,7,0,2,0,0,0,4,64,28,59,21,172,0
15,1,2,20,0.29,59,77,0,5,2,1,1,0,1,5,50,104,36,18,208,0
15,1,2,24,0.49,54,93,0,5,0,1,2,0,0,53,39,61,77,12,189,0
20,1,2,38,0.08,76,68,0,5,1,0,0,1,0,39,151,61,66,60,338,1
6,0,1,59,0.27,53,72,2,5,1,1,1,1,0,35,96,62,56,44,258,1
3,1,1,54,0.4,96,96,1,5,1,0,1,0,0,32,67,78,75,20,240,1
0,1,2,13,0.12,62,99,1,4,0,0,1,1,0,14,99,64,77,47,287,1
4,1,3,58,0.33,66,57,2,6,0,0,0,1,1,38,82,86,62,29,259,1
22,0,3,45,0.16,70,74,5,10,0,2,0,0,0,15,130,68,57,38,293,1
9,1,2,57,0.44,72,87,4,8,0,0,1,1,0,37,92,67,82,32,273,1
21,0,1,32,0.2,82,87,3,6,0,1,0,2,0,38,92,58,63,45,258,1
4,0,2,24,0.2,99,84,1,4,1,1,0,1,0,23,77,56,59,40,232,1
3,1,2,55,0.32,64,75,1,4,0,0,0,0,0,20,83,47,55,19,204,0
1,0,3,53,0.13,63,52,1,4,0,2,1,0,0,37,127,74,40,34,275,1
19,1,3,12,0.18,58,51,3,8,1,1,1,0,0,12,72,70,49,30,221,0
9,0,3,41,0.24,93,54,1,4,1,1,0,2,1,28,76,106,52,40,274,1
18,1,2,19,0.21,86,69,0,3,0,0,1,0,0,33,59,82,62,25,228,0
0,1,2,49,0.29,79,61,5,8,1,0,0,1,0,4,95,58,24,37,214,0
23,1,2,47,0.32,78,87,1,6,2,1,1,0,0,2,81,77,41,27,226,0
4,0,3,31,0.31,72,65,2,6,2,0,0,0,0,20,66,52,38,15,171,0
12,1,1,23,0.34,83,86,1,6,1,0,0,1,0,8,57,39,31,28,155,0
3,0,1,26,0.19,56,87,0,5,1,1,1,1,0,2,72,66,54,19,211,0
15,1,1,30,0.11,58,85,0,5,0,0,0,0,0,43,111,41,48,33,233,1
23,0,3,57,0.39,99,95,0,4,1,1,0,1,0,29,71,66,69,27,233,1
15,0,2,24,0.43,53,78,2,5,1,0,0,1,0,2,50,23,61,19,153,0
22,1,2,24,0.17,51,84,2,7,0,2,1,1,0,48,94,63,76,37,270,1
1,1,3,10,0.23,76,98,2,5,0,3,0,0,0,46,53,72,74,5,204,0
16,1,3,33,0.27,82,86,2,5,0,0,1,1,1,59,77,129,79,32,317,1
19,1,2,21,0.29,81,70,1,5,1,0,0,1,0,48,56,50,75,32,213,0
23,1,2,19,0.35,93,70,3,7,0,2,0,1,0,38,58,47,63,22,190,0
11,0,3,55,0.07,94,77,2,7,1,0,1,0,0,40,196,71,56,56,379,1
17,1,3,51,0.37,95,55,4,8,1,0,1,0,0,49,89,86,58,24,257,1
2,1,2,51,0.08,86,69,3,7,0,1,0,1,0,33,180,65,57,69,371,1
0,0,2,40,0.26,76,85,1,5,2,0,0,0,0,16,80,62,46,25,213,0
0,1,2,20,0.42,77,62,1,4,0,2,1,1,1,52,35,115,73,18,241,1
18,1,3,25,0.25,52,89,2,6,0,0,0,2,0,57,67,28,56,37,188,0
10,0,2,18,0.12,85,60,3,8,0,0,1,1,1,54,108,119,63,43,333,1
4,1,2,56,0.49,98,73,3,7,0,2,0,0,0,13,72,62,48,24,206,0
11,1,1,23,0.45,92,68,2,7,0,1,0,0,0,48,51,68,57,17,193,0
2,1,3,28,0.4,57,72,0,5,1,0,0,0,0,10,54,49,39,21,163,0
0,0,2,40,0.24,93,80,1,5,1,2,0,0,0,55,80,60,99,28,267,1
0,1,1,18,0.13,99,86,3,6,1,0,0,0,0,0,104,72,44,28,248,1
7,0,2,45,0.47,99,86,4,9,1,2,1,0,0,0,81,87,47,33,248,1
9,1,2,48,0.29,90,52,2,7,0,2,0,0,0,51,85,59,59,32,235,1
10,0,2,35,0.43,86,83,4,9,0,1,1,1,0,14,66,74,51,37,228,0
11,1,3,17,0.2,98,78,3,7,1,0,1,0,0,1,75,94,39,34,242,1
12,0,2,33,0.2,94,52,1,6,1,3,1,0,0,11,90,96,29,31,246,1
11,0,3,17,0.49,87,64,2,6,0,1,0,0,0,44,50,65,56,23,194,0
13,0,1,28,0.28,71,56,3,8,2,0,0,0,0,56,75,53,72,17,217,0
1,0,1,56,0.11,63,52,2,5,1,0,0,0,1,41,150,85,52,47,334,1
18,0,1,57,0.15,64,96,2,7,1,2,1,0,0,1,128,55,73,36,292,1
17,0,2,39,0.27,95,92,2,6,1,0,1,0,0,22,84,100,77,25,286,1
2,1,2,31,0.07,53,65,1,5,0,1,0,0,0,33,177,36,66,59,338,1
22,1,3,18,0.26,67,94,3,8,1,0,2,1,0,16,64,85,67,16,232,1
16,0,3,53,0.24,50,83,4,8,0,1,0,0,0,40,105,42,71,31,249,1
7,0,2,57,0.4,61,69,1,4,1,2,0,1,0,13,80,42,54,30,206,0
9,0,3,13,0.21,90,93,1,5,0,1,0,1,0,10,64,62,70,31,227,0
1,0,2,46,0.49,91,88,1,6,0,1,0,1,1,19,61,93,49,19,222,0
18,1,3,17,0.13,99,82,2,5,0,0,0,0,0,43,98,61,75,24,258,1
8,0,2,10,0.32,66,63,3,7,0,0,0,0,0,6,47,44,36,14,141,0
6,1,2,37,0.09,68,91,2,7,0,1,2,1,0,0,147,100,52,46,345,1
3,1,3,15,0.38,85,84,4,8,1,0,2,0,1,55,52,128,80,22,282,1
20,0,2,56,0.5,97,60,2,7,1,0,0,0,0,47,76,56,42,19,193,0
17,0,1,45,0.42,56,69,1,5,0,1,0,0,1,14,62,70,64,17,213,0
12,1,2,20,0.3,58,79,4,8,1,0,0,0,0,44,69,47,65,31,212,0
10,1,2,14,0.27,57,77,1,4,1,2,0,0,0,37,54,37,58,7,156,0
23,0,3,59,0.43,74,64,2,5,0,0,0,2,0,33,81,43,60,53,237,1
3,0,2,33,0.47,56,87,5,9,1,2,0,0,0,8,70,45,60,23,198,0
20,0,3,56,0.5,91,99,0,5,0,0,0,0,0,0,62,54,47,20,183,0
3,1,2,27,0.23,57,62,2,7,1,0,0,0,0,8,75,40,56,20,191,0
9,1,2,29,0.5,73,96,2,6,1,3,1,0,1,41,53,98,66,22,239,1
4,0,3,37,0.12,66,84,1,5,0,1,0,0,0,1,122,60,48,36,266,1
8,1,2,22,0.16,61,96,4,7,0,1,0,0,0,21,100,54,51,35,240,1
23,1,3,14,0.09,95,73,7,11,1,0,1,0,0,24,151,86,77,46,360,1
2,0,2,39,0.17,80,50,5,9,0,0,2,0,0,50,112,111,60,23,306,1
16,0,2,10,0.4,61,91,2,7,1,2,1,0,1,59,39,96,79,16,230,0
2,1,1,31,0.43,51,73,4,7,0,0,0,0,0,13,66,24,49,27,166,0
15,1,2,27,0.4,61,76,3,6,0,0,1,0,0,34,64,77,51,15,207,0
3,0,2,55,0.33,76,67,2,6,0,0,2,1,0,15,87,83,56,37,263,1
17,0,3,14,0.28,95,75,2,5,1,0,1,0,0,18,57,85,38,21,201,0
16,0,2,40,0.37,56,78,1,6,0,1,0,0,0,40,57,62,73,22,214,0
6,0,2,15,0.23,62,57,2,6,0,2,0,1,0,30,62,36,39,20,157,0
23,0,1,36,0.43,85,93,5,9,1,1,1,0,0,1,75,79,70,27,251,1
22,1,1,34,0.35,50,75,0,5,0,1,1,0,0,31,58,64,53,14,189,0
4,1,2,38,0.36,98,54,0,3,0,1,0,1,0,35,50,74,50,22,196,0
11,1,3,37,0.29,84,82,3,6,0,2,0,0,0,55,73,46,93,28,240,1
16,1,3,25,0.45,79,89,2,7,2,1,0,1,0,10,54,64,62,35,215,0
22,0,3,21,0.16,80,54,2,7,1,1,0,0,0,7,91,52,41,28,212,0
12,0,3,29,0.22,66,98,4,9,1,1,0,1,0,47,95,53,81,41,270,1
22,0,2,27,0.4,57,96,2,7,0,1,1,0,0,4,66,44,55,24,189,0
2,1,3,43,0.27,52,85,1,4,1,0,0,1,0,33,71,56,70,30,227,0
8,1,1,32,0.45,59,62,4,7,1,1,1,1,1,31,61,98,53,35,247,1
16,1,2,54,0.21,83,66,0,5,0,0,1,0,0,46,86,83,68,29,266,1
16,0,2,36,0.22,71,62,3,8,0,0,0,0,0,5,101,40,53,24,218,0
19,1,1,58,0.45,53,74,1,5,1,1,0,0,1,7,70,59,45,23,197,0
15,0,3,26,0.26,81,51,3,7,0,1,0,0,0,33,80,52,41,25,198,0
21,0,2,57,0.28,78,73,2,5,1,0,1,0,0,3,97,83,36,24,240,1
12,0,3,30,0.2,95,85,2,6,0,1,2,0,1,35,74,155,70,28,327,1
18,0,2,59,0.17,60,74,2,6,1,0,1,2,0,43,117,55,74,47,293,1
16,0,1,49,0.35,95,83,2,6,0,1,0,1,0,24,78,82,58,37,255,1
3,0,3,40,0.1,62,61,0,3,0,0,0,0,0,25,136,32,53,52,273,1
11,1,2,12,0.45,53,68,2,6,1,1,0,1,0,32,48,33,51,20,152,0
8,0,2,26,0.4,51,99,2,7,2,1,1,0,0,8,60,60,68,20,208,0
18,0,1,59,0.14,83,91,2,5,2,1,0,0,0,46,129,47,70,40,286,1
11,1,2,35,0.36,92,79,0,4,0,2,1,0,0,7,59,54,55,19,187,0
8,0,2,32,0.32,71,86,2,5,0,4,0,2,0,16,54,57,56,49,216,0
6,1,2,15,0.13,54,92,3,7,1,1,0,0,0,14,97,39,41,25,202,0
13,1,3,37,0.17,58,50,2,5,0,1,0,0,0,41,95,41,52,21,209,0
19,1,3,17,0.23,69,52,1,6,1,1,0,0,1,53,63,78,61,23,225,0
18,0,3,54,0.36,70,98,0,4,1,2,1,0,0,12,64,69,60,14,207,0
14,0,3,17,0.34,66,75,0,4,1,1,0,0,0,42,44,40,48,10,142,0
15,1,2,28,0.29,61,64,1,4,1,1,1,1,0,47,67,54,67,24,212,0
20,0,2,47,0.4,77,95,2,7,0,1,0,0,0,57,62,64,83,19,228,0
4,0,1,38,0.39,67,96,1,5,1,2,0,0,0,46,71,37,79,32,219,0
2,1,1,32,0.33,52,97,0,5,0,2,0,1,0,49,50,35,83,27,195,0
11,1,3,56,0.4,54,77,1,5,1,1,1,0,1,43,78,98,77,21,274,1
19,0,2,41,0.2,63,53,3,8,0,2,0,1,0,2,93,36,22,35,186,0
20,1,2,19,0.45,97,68,0,4,0,3,1,0,0,59,38,83,60,10,191,0
3,1,2,36,0.33,75,73,1,4,2,0,0,0,0,52,54,57,77,13,201,0
20,1,2,58,0.42,68,89,1,4,1,1,1,1,0,55,80,79,95,37,291,1
22,0,1,10,0.3,90,55,2,7,2,2,0,1,0,53,44,62,69,25,200,0
15,0,1,48,0.15,66,65,2,6,1,0,0,0,0,56,117,50,65,33,265,1
6,0,1,38,0.29,88,81,1,5,2,1,2,1,1,11,74,135,47,30,286,1
12,1,2,54,0.22,91,79,1,6,0,0,0,0,0,28,90,58,73,24,245,1
20,0,2,12,0.36,53,84,2,6,0,1,0,1,0,58,43,28,92,19,182,0
9,1,1,56,0.26,91,57,2,5,1,3,0,0,0,0,84,67,30,18,199,0
6,0,3,46,0.43,84,54,0,4,1,3,1,0,0,31,60,71,57,16,204,0
13,0,2,40,0.36,73,86,3,6,1,1,0,1,0,36,75,46,80,25,226,0
4,1,2,20,0.36,90,61,3,8,1,1,0,0,0,19,54,59,34,11,158,0
2,0,3,31,0.15,62,74,3,7,2,1,0,0,0,7,106,29,36,37,208,0
22,1,2,27,0.49,82,82,1,6,0,0,0,0,0,36,39,49,66,12,166,0
10,0,3,44,0.43,64,88,1,4,1,0,1,0,0,30,56,67,52,18,193,0
10,0,3,15,0.41,64,73,1,6,0,0,0,0,1,30,45,78,53,9,185,0
17,1,2,12,0.2,80,60,3,8,0,1,0,0,1,24,73,115,48,21,257,1
14,1,3,14,0.29,92,91,0,4,0,2,0,0,0,49,39,73,76,11,199,0
11,1,3,18,0.11,77,84,1,6,1,0,1,0,0,39,115,84,51,37,287,1
8,0,2,37,0.29,59,89,2,7,1,2,0,1,0,44,73,29,81,32,215,0
9,0,2,28,0.12,56,50,4,8,2,2,1,0,0,48,127,52,49,37,265,1
11,0,3,37,0.3,82,57,4,9,0,2,1,1,0,7,85,73,19,31,208,0
16,1,3,36,0.34,56,72,0,3,0,1,0,0,0,29,58,38,61,13,170,0
5,1,2,22,0.23,54,69,9,13,0,1,0,0,0,29,105,54,56,28,243,1
6,1,2,47,0.27,75,81,0,3,0,2,0,1,0,56,80,35,84,28,227,0
13,0,3,52,0.44,65,60,0,4,0,1,1,0,0,26,57,64,48,19,188,0
12,0,2,30,0.1,57,56,0,5,0,0,1,1,0,34,113,53,51,44,261,1
7,1,2,36,0.41,71,79,0,3,0,2,1,0,0,49,49,69,75,13,206,0
9,0,3,55,0.13,83,97,0,3,0,1,0,1,1,43,118,98,72,46,334,1
8,1,2,15,0.07,89,88,4,7,0,0,2,0,0,12,166,96,59,44,365,1
17,0,2,47,0.13,77,62,1,6,2,1,0,1,0,20,121,53,55,41,270,1
1,0,3,58,0.39,95,91,2,5,1,1,1,0,1,8,81,126,70,19,296,1
4,1,3,20,0.23,85,98,2,5,1,0,0,0,0,23,72,48,88,24,232,1
4,0,2,56,0.44,96,52,1,6,1,1,0,0,0,47,72,88,61,26,247,1
5,0,2,50,0.29,56,56,3,8,0,1,0,0,1,32,82,77,38,23,220,0
18,1,2,26,0.06,89,92,1,6,1,0,0,0,0,0,188,79,62,62,391,1
7,1,3,48,0.37,92,62,0,3,1,2,0,1,1,7,65,111,38,30,244,1
15,0,1,16,0.1,77,86,3,6,0,1,0,1,0,2,134,53,67,48,302,1
12,1,2,39,0.41,51,74,4,7,1,2,0,1,0,13,75,31,40,33,179,0
0,0,2,30,0.13,58,72,1,5,0,1,0,1,0,13,106,43,62,46,257,1
21,1,3,10,0.21,55,96,2,5,0,1,0,1,0,48,71,18,97,34,220,0
19,0,1,34,0.39,50,82,2,5,1,0,0,1,0,57,64,19,82,25,190,0
16,0,2,41,0.48,52,54,2,6,1,1,1,1,0,32,63,48,64,28,203,0
6,1,1,17,0.22,59,81,0,4,1,1,0,1,0,3,55,26,63,24,168,0
12,0,3,14,0.42,86,79,2,5,0,2,0,0,0,37,54,59,66,8,187,0
3,0,2,39,0.14,93,80,0,4,0,0,0,0,0,24,96,65,46,23,230,0
3,1,2,17,0.41,72,62,2,5,0,0,1,0,0,46,44,88,52,16,200,0
5,1,2,58,0.35,82,91,4,9,2,0,0,0,0,52,84,60,66,25,235,1
18,0,3,28,0.14,58,54,1,6,1,0,0,0,0,12,108,41,46,31,226,0
11,1,2,53,0.19,62,72,1,6,1,0,1,1,1,54,99,104,63,40,306,1
21,1,1,39,0.11,77,50,1,6,0,0,0,0,0,40,132,56,45,40,273,1
6,0,2,24,0.22,56,59,2,6,0,1,0,0,1,52,75,75,66,25,241,1
9,0,3,45,0.14,75,99,3,6,0,1,0,1,0,38,125,50,82,52,309,1
18,1,2,53,0.34,65,76,1,5,1,2,0,0,1,24,74,77,52,19,222,0
6,1,3,36,0.5,89,57,3,8,0,0,0,0,1,37,49,84,57,16,206,0
2,1,3,22,0.06,75,52,4,9,1,1,0,0,0,8,209,48,52,59,368,1
12,0,1,23,0.29,88,68,1,4,0,4,1,0,0,37,57,84,69,9,219,0
12,0,2,46,0.31,81,51,2,6,1,0,0,0,0,42,80,67,50,27,224,0
17,0,2,57,0.46,85,98,3,8,0,1,0,0,1,37,83,96,86,22,287,1
19,0,2,39,0.28,91,80,3,7,0,1,0,0,0,34,78,53,51,21,203,0
7,0,2,48,0.29,50,97,0,3,1,0,0,1,0,52,76,34,81,29,220,0
8,0,2,56,0.26,98,59,2,5,1,1,0,0,0,28,86,60,47,25,218,0
6,0,3,22,0.17,70,65,3,7,1,1,1,0,0,54,91,55,70,21,237,1
0,1,2,25,0.08,62,86,4,7,1,1,0,1,0,49,161,32,59,62,314,1
2,1,3,53,0.23,75,69,2,6,1,2,0,0,0,13,95,54,54,32,235,1
12,0,1,16,0.07,94,52,1,5,0,1,1,0,0,37,160,87,30,49,326,1
16,0,1,57,0.3,58,84,3,7,0,0,0,0,1,33,96,86,95,30,307,1
23,0,3,36,0.19,86,83,2,7,1,0,1,1,0,24,83,82,46,35,246,1
0,1,2,54,0.29,72,70,1,6,2,1,0,0,1,41,71,102,59,17,249,1
5,0,3,44,0.11,50,85,4,8,1,0,0,0,0,27,144,50,84,41,319,1
20,1,2,24,0.47,51,81,5,8,0,1,0,0,0,50,76,42,82,28,228,0
5,1,2,37,0.45,92,67,2,5,0,1,0,1,0,29,69,57,71,22,219,0
11,1,3,44,0.14,77,83,1,6,1,0,0,0,0,54,109,57,78,32,276,1
12,1,2,16,0.2,85,87,3,7,0,1,1,1,0,38,83,76,87,36,282,1
12,1,2,59,0.33,80,52,3,8,1,3,0,0,0,36,99,58,59,26,242,1
14,0,3,55,0.09,90,52,2,6,0,2,1,0,0,46,159,82,63,49,353,1
20,0,2,59,0.21,54,76,3,6,0,2,0,0,1,41,110,76,61,29,276,1
15,1,3,55,0.16,86,51,0,3,0,1,1,0,0,59,94,82,62,25,263,1
21,0,3,29,0.46,74,52,4,9,0,0,0,0,1,1,62,110,28,22,222,0
20,1,3,41,0.43,57,66,1,4,0,1,0,0,0,20,56,46,53,16,171,0
10,1,1,47,0.31,83,95,0,4,0,2,0,0,0,33,72,59,56,20,207,0
4,0,2,49,0.28,88,88,2,5,1,1,1,0,0,18,82,82,69,28,261,1
3,0,3,41,0.47,98,87,2,5,1,0,0,0,0,39,61,82,81,17,241,1
2,0,2,35,0.47,81,89,0,5,0,0,0,0,0,37,55,48,73,22,198,0
18,0,1,48,0.49,60,68,3,7,1,1,0,0,1,30,63,88,57,23,231,1
19,0,2,29,0.11,96,68,4,9,1,2,0,0,0,25,127,93,56,36,312,1
17,1,2,27,0.12,74,93,2,7,0,0,0,0,0,11,117,56,61,32,266,1
14,0,3,59,0.35,52,54,0,3,1,0,0,1,1,29,72,70,60,34,236,1
8,0,3,24,0.29,94,54,2,6,0,2,0,0,1,25,65,95,43,24,227,0
16,0,2,31,0.06,99,63,3,7,0,2,1,0,0,47,212,86,72,62,432,1
13,1,1,31,0.08,81,76,2,7,0,0,0,0,1,30,163,107,62,57,389,1
14,0,3,30,0.45,84,98,2,7,0,1,0,1,0,47,62,67,80,30,239,1
0,1,2,11,0.44,81,97,3,6,0,2,1,0,0,14,47,74,88,13,222,0
20,0,3,49,0.21,83,85,2,6,1,0,0,1,0,9,92,66,46,31,235,1
21,0,2,52,0.45,86,89,1,5,0,1,0,0,0,35,62,70,63,14,209,0
21,1,2,27,0.32,54,84,1,4,2,3,1,0,0,39,54,58,72,16,200,0
2,0,2,32,0.41,94,70,3,8,1,0,0,0,0,25,68,60,41,26,195,0
15,0,3,22,0.24,77,54,1,5,1,2,0,0,0,8,65,76,22,15,178,0
22,1,2,50,0.1,77,73,4,7,1,1,1,0,0,52,165,59,79,51,354,1
10,0,2,18,0.25,57,88,1,6,0,1,2,1,0,16,66,81,72,24,243,1
11,1,2,58,0.26,76,99,3,6,1,2,0,1,0,5,94,50,55,44,243,1
9,1,3,16,0.3,65,73,2,6,2,1,1,0,0,56,60,71,60,10,201,0
15,1,3,50,0.1,67,89,3,8,0,1,0,0,0,21,153,51,65,40,309,1
7,1,2,10,0.5,74,92,1,4,0,0,0,0,0,15,27,44,60,10,141,0
5,1,2,11,0.16,97,95,1,4,0,2,1,1,1,21,84,120,55,35,294,1
11,0,2,13,0.14,50,99,4,7,1,2,1,0,0,52,100,54,94,33,281,1
23,0,2,23,0.29,57,62,1,5,0,1,0,1,0,38,62,50,53,23,188,0
20,0,1,41,0.29,70,87,1,5,0,1,0,0,0,51,82,43,82,23,230,0
7,1,2,45,0.25,83,94,3,7,1,1,1,0,0,3,83,75,55,29,242,1
3,1,2,11,0.4,73,50,0,3,0,0,0,0,0,3,33,55,30,10,128,0
7,1,1,49,0.28,86,92,2,6,1,2,0,0,0,8,80,74,43,18,215,0
17,1,2,59,0.32,75,88,1,4,0,1,2,0,0,13,82,94,78,24,278,1
4,0,3,23,0.38,96,59,3,6,0,1,0,0,0,41,60,46,58,18,182,0
8,0,2,29,0.06,63,51,1,4,0,2,0,1,0,50,190,29,56,66,341,1
3,1,2,34,0.31,78,65,1,6,1,0,0,0,1,25,67,84,54,29,234,1
21,1,2,51,0.45,79,86,3,6,1,2,0,0,1,2,83,83,34,26,226,0
16,0,2,58,0.06,52,65,1,5,0,0,0,0,0,31,220,50,55,71,396,1
8,1,1,17,0.23,56,72,3,6,0,1,0,0,1,10,74,80,33,28,215,0
0,1,3,37,0.47,85,75,3,7,1,1,0,0,0,50,64,68,65,14,211,0
20,1,1,55,0.21,60,65,4,9,1,0,1,0,0,2,108,59,35,29,231,1
19,0,2,30,0.26,81,76,3,8,0,1,1,0,1,12,76,114,56,26,272,1
12,0,2,32,0.49,61,96,3,6,1,3,1,0,0,43,61,57,77,19,214,0
15,1,3,41,0.14,64,90,0,4,1,0,1,0,0,12,102,63,48,34,247,1
12,0,2,17,0.08,87,79,3,8,0,1,0,0,0,55,153,57,89,42,341,1
13,1,2,40,0.44,73,82,2,7,0,1,2,0,0,56,60,95,65,17,237,1
2,1,1,46,0.44,50,81,4,9,0,1,0,0,1,23,84,72,65,23,244,1
5,0,2,25,0.26,67,58,1,5,1,2,0,0,1,19,62,88,50,17,217,0
17,1,3,49,0.28,95,60,1,4,0,0,1,0,0,9,88,89,42,23,242,1
18,1,3,51,0.43,56,86,0,3,1,1,0,0,0,22,69,39,63,20,191,0
4,0,1,36,0.38,91,55,2,7,1,1,0,0,0,51,69,84,65,30,248,1
14,1,2,49,0.17,90,79,0,3,1,1,1,0,0,41,95,77,65,40,277,1
1,1,3,50,0.06,51,89,2,7,0,3,0,0,0,32,215,30,78,70,393,1
9,1,2,27,0.27,89,64,2,6,2,0,1,0,0,54,67,71,62,16,216,0
23,0,2,44,0.44,80,97,1,4,1,1,1,1,0,34,64,77,82,23,246,1
17,1,3,58,0.45,82,79,0,4,0,0,2,1,0,13,70,105,58,42,275,1
12,0,3,24,0.48,79,67,4,7,2,0,0,0,0,52,58,56,68,10,192,0
4,1,2,36,0.45,80,61,3,7,1,1,0,0,0,15,76,78,27,22,203,0
22,1,2,26,0.31,83,53,2,6,0,1,1,0,0,29,60,73,51,23,207,0
23,1,2,49,0.25,56,65,0,3,0,4,0,0,0,18,66,26,41,17,150,0
0,1,3,11,0.4,74,72,1,6,0,0,0,0,0,32,34,49,62,11,156,0
21,0,2,58,0.38,65,60,0,5,2,1,0,1,0,40,73,29,63,29,194,0
0,0,2,59,0.29,71,73,3,7,1,0,0,0,0,1,94,54,41,24,213,0
17,1,2,40,0.09,85,71,2,6,0,1,1,0,0,49,155,65,51,51,322,1
14,1,1,46,0.47,76,88,0,5,1,0,1,0,0,37,58,70,75,9,212,0
16,1,2,50,0.26,66,64,1,4,1,4,0,0,1,48,82,78,57,22,239,1
10,1,2,50,0.21,53,98,3,6,0,0,0,2,0,7,97,34,76,47,254,1
20,1,2,43,0.33,84,64,1,5,1,1,0,0,0,19,73,49,33,27,182,0
21,1,2,43,0.35,90,59,2,5,0,5,0,0,1,2,67,94,40,18,219,0
16,1,3,12,0.14,71,77,1,5,1,2,0,0,0,20,81,50,54,20,205,0
12,1,1,26,0.43,96,85,2,5,0,1,0,1,0,55,61,73,77,29,240,1
0,0,3,23,0.18,84,66,3,7,1,1,2,0,0,0,87,85,48,21,241,1
1,0,3,23,0.13,93,85,1,4,0,2,1,0,0,20,88,97,63,33,281,1
8,0,2,55,0.23,64,71,2,6,0,1,0,0,0,56,101,41,71,27,240,1
2,1,2,47,0.38,89,72,1,6,0,1,1,0,0,49,77,81,63,23,244,1
0,1,3,44,0.48,93,78,2,7,1,0,0,0,0,7,59,66,50,19,194,0
20,1,2,10,0.41,70,71,2,7,0,2,1,0,0,1,42,64,25,13,144,0
15,0,2,57,0.47,62,60,3,8,1,0,1,0,1,22,92,116,44,25,277,1
22,1,2,38,0.11,96,85,1,5,0,0,0,1,0,40,133,64,66,43,306,1
5,0,2,13,0.08,60,93,0,3,1,1,0,0,0,52,144,29,81,45,299,1
16,1,3,42,0.3,98,78,2,6,1,1,0,1,0,10,74,86,52,31,243,1
4,0,3,26,0.18,76,91,4,8,0,2,0,0,0,15,94,72,61,27,254,1
4,0,3,37,0.42,80,81,2,6,0,0,0,0,0,8,69,47,54,21,191,0
5,0,1,59,0.35,93,63,2,5,0,1,0,0,0,48,86,72,58,31,247,1
2,1,1,35,0.49,81,67,2,6,1,1,0,0,0,31,64,76,34,4,178,0
20,0,2,17,0.16,79,87,2,7,1,0,0,0,0,46,84,57,52,21,214,0
22,1,1,43,0.27,67,86,1,6,0,1,1,0,0,38,80,70,68,27,245,1
4,1,2,27,0.28,65,83,0,4,1,3,0,0,0,35,54,56,49,19,178,0
20,1,2,40,0.16,84,94,0,5,0,0,0,1,0,22,89,72,97,34,292,1
4,1,2,36,0.32,58,72,2,7,0,2,0,1,0,46,70,47,64,29,210,0
9,1,2,25,0.25,88,81,2,5,1,0,0,0,0,48,66,48,92,12,218,0
9,0,2,19,0.25,86,95,1,5,0,0,0,1,0,54,52,48,69,26,195,0
18,1,2,49,0.21,59,52,0,4,1,0,2,0,0,54,78,78,66,32,254,1
16,1,2,21,0.06,61,92,1,6,2,3,0,0,1,29,191,96,67,57,411,1
20,1,2,31,0.28,57,71,2,6,0,1,0,0,0,9,70,27,31,25,153,0
13,1,2,25,0.2,52,72,3,7,1,1,0,0,0,59,80,34,72,26,212,0
8,1,3,21,0.05,68,53,1,6,2,0,1,0,1,30,222,117,37,64,440,1
13,0,3,20,0.19,60,62,4,9,0,1,0,0,0,43,91,33,68,24,216,0
0,0,3,29,0.18,57,81,1,5,0,0,1,0,0,25,85,54,56,28,223,0
18,1,2,10,0.23,75,78,3,6,0,0,1,0,0,47,68,56,59,16,199,0
12,0,1,36,0.11,94,89,1,6,1,0,1,0,0,38,127,78,80,43,328,1
12,0,2,12,0.28,72,89,2,6,1,1,0,1,0,41,52,41,92,27,212,0
3,1,3,21,0.36,59,94,1,6,1,0,0,0,0,29,52,40,69,15,176,0
0,0,2,39,0.33,67,59,3,7,1,0,1,1,0,1,70,56,35,28,189,0
16,1,3,18,0.41,61,62,1,5,1,0,0,0,0,28,45,53,47,14,159,0
7,0,2,46,0.25,88,94,3,6,0,1,1,0,0,53,87,70,73,27,257,1
1,0,3,10,0.28,75,66,0,5,2,0,0,0,1,31,34,87,54,5,180,0
7,0,3,51,0.41,60,87,0,3,0,1,0,0,0,43,56,34,75,17,182,0
6,1,1,58,0.24,59,51,3,8,0,1,1,0,0,50,93,56,39,33,221,0
1,0,2,13,0.37,52,66,2,5,2,4,1,0,0,58,50,84,52,13,199,0
21,0,2,24,0.25,56,93,2,7,1,2,0,0,0,37,75,31,64,21,191,0
21,1,2,36,0.24,53,75,4,7,1,0,0,0,0,20,96,42,44,24,206,0
2,1,2,17,0.39,89,87,1,4,0,0,0,0,0,26,47,51,57,17,172,0
17,0,2,32,0.13,57,86,3,8,1,1,0,1,0,51,116,51,96,40,303,1
11,1,2,24,0.2,87,54,2,5,1,1,0,0,0,23,71,62,47,11,191,0
0,0,2,36,0.15,62,74,6,9,1,2,0,0,0,33,127,46,58,36,267,1
21,0,2,40,0.21,61,58,2,7,2,2,2,1,0,22,93,88,46,35,262,1
11,1,1,48,0.15,84,77,1,6,0,0,0,0,0,51,109,71,71,37,288,1
4,1,2,56,0.31,87,71,1,5,1,2,1,1,0,13,87,97,45,39,268,1
16,1,2,17,0.41,92,78,1,6,1,0,0,0,0,38,39,78,64,8,189,0
15,0,3,39,0.4,85,84,4,8,0,0,0,0,0,4,80,49,46,19,194,0
14,1,1,51,0.21,96,69,2,5,0,0,0,1,0,52,96,76,62,32,266,1
22,0,3,27,0.49,51,54,4,9,0,1,0,0,0,8,65,34,34,19,152,0
14,1,2,13,0.32,64,88,4,8,1,2,1,1,0,44,67,78,75,28,248,1
4,0,1,56,0.23,98,93,0,5,0,0,2,0,0,46,83,87,77,28,275,1
20,1,2,52,0.43,83,81,1,5,0,0,0,0,0,36,67,60,57,22,206,0
13,0,2,31,0.38,88,88,1,5,0,1,1,0,0,7,52,68,66,14,200,0
1,1,2,12,0.39,75,59,3,8,0,0,0,1,0,6,55,58,34,27,174,0
10,0,2,24,0.14,97,89,2,5,0,0,0,0,0,29,106,61,58,42,267,1
18,1,2,44,0.26,54,66,4,7,0,0,0,1,0,11,92,27,70,34,223,0
6,1,1,56,0.44,97,86,1,5,1,0,1,0,0,19,75,68,37,19,199,0
5,0,1,47,0.28,74,64,1,5,0,0,0,0,0,28,75,44,53,15,187,0
1,1,3,42,0.36,83,58,4,7,1,0,0,0,1,55,77,100,59,21,257,1
5,0,2,23,0.31,96,81,5,10,1,1,2,2,0,54,78,111,90,43,322,1
17,0,2,57,0.43,53,72,2,7,1,2,0,1,0,11,81,35,61,36,213,0
1,1,3,10,0.18,83,60,2,5,0,0,0,0,0,19,68,54,49,17,188,0
17,0,2,58,0.31,76,62,2,5,1,0,1,1,0,21,88,78,48,37,251,1
14,1,3,35,0.11,91,67,1,4,0,2,0,1,0,45,122,90,52,34,298,1
18,1,2,17,0.36,78,98,4,8,0,0,0,0,0,22,51,58,81,8,198,0
1,0,1,59,0.38,54,58,2,5,0,1,0,0,1,47,80,67,55,26,228,0
19,1,3,25,0.07,67,91,1,4,0,2,1,0,0,44,168,53,89,53,363,1
5,0,2,47,0.35,53,54,3,6,0,1,0,0,0,25,77,34,46,31,188,0
0,0,3,19,0.24,50,92,1,4,1,1,0,0,1,44,57,81,72,14,224,0
23,1,2,51,0.11,99,71,1,6,0,0,0,1,1,46,136,101,72,49,358,1
14,1,2,46,0.24,69,81,3,8,1,1,0,0,0,42,93,39,67,26,225,0
22,0,3,35,0.14,55,96,1,4,2,2,1,1,1,27,105,88,67,44,304,1
9,0,1,37,0.24,69,51,0,4,0,0,0,1,0,54,71,38,56,27,192,0
18,1,3,21,0.22,69,70,1,5,0,1,0,1,0,39,70,55,67,32,224,0
16,1,2,29,0.38,95,77,4,9,1,1,0,0,1,8,73,101,54,26,254,1
4,1,2,58,0.4,76,73,2,6,1,2,2,0,0,4,85,99,36,30,250,1
3,1,2,23,0.32,75,73,0,4,0,0,0,1,0,1,55,48,57,35,195,0
9,0,3,55,0.06,81,63,3,8,1,3,0,0,0,41,230,41,47,62,380,1
23,1,1,44,0.47,59,86,3,6,1,2,1,1,0,27,67,83,64,32,246,1
16,0,2,38,0.36,67,76,4,7,1,1,1,0,0,12,72,62,46,17,197,0
9,0,3,21,0.07,90,73,2,7,0,2,1,0,0,14,172,91,57,43,363,1
16,1,3,27,0.42,61,55,2,5,0,1,0,1,0,52,62,41,54,20,177,0
19,0,1,53,0.14,59,75,3,6,1,2,0,0,0,13,125,57,62,40,284,1
23,1,2,11,0.31,73,64,1,6,0,1,0,1,0,42,50,62,68,22,202,0
4,0,2,11,0.26,73,78,3,8,0,1,0,0,0,45,70,69,62,16,217,0
1,1,2,26,0.24,87,85,1,6,0,0,0,0,1,38,66,102,79,24,271,1
5,0,2,19,0.45,95,59,2,6,0,2,0,0,0,13,40,59,55,10,164,0
20,0,2,27,0.25,74,77,3,8,0,0,0,0,0,2,83,46,51,25,205,0
1,1,2,31,0.08,57,58,3,8,1,3,1,0,0,9,167,68,42,41,318,1
12,1,3,28,0.48,63,70,0,5,1,2,1,0,0,52,44,50,69,14,177,0
10,0,3,10,0.46,92,59,2,7,1,1,0,0,0,37,43,60,59,13,175,0
10,0,2,33,0.36,80,53,2,5,0,2,0,0,1,5,62,89,31,21,203,0
15,1,2,45,0.26,73,53,2,7,0,2,0,1,1,19,92,81,34,35,242,1
10,0,2,34,0.09,65,55,1,6,1,2,0,0,0,34,142,44,58,44,288,1
18,1,2,45,0.41,69,75,1,5,1,2,1,0,0,47,56,84,75,12,227,0
14,0,3,40,0.08,87,89,0,4,1,1,1,0,0,42,155,84,72,47,358,1
22,1,2,40,0.08,96,65,1,4,0,4,1,0,0,19,152,88,48,54,342,1
22,0,2,11,0.29,64,57,4,9,1,1,1,1,1,48,63,97,59,24,243,1
15,1,2,28,0.12,63,77,3,8,1,2,0,0,0,55,131,58,89,37,315,1
10,1,2,21,0.05,61,65,3,8,0,0,1,0,0,43,225,44,49,68,386,1
21,0,1,19,0.24,83,87,4,8,0,1,1,0,0,2,74,78,56,20,228,0
15,1,1,40,0.11,57,98,1,4,1,0,0,0,0,3,120,41,62,36,259,1
7,0,2,54,0.12,68,50,4,8,1,0,1,0,0,10,145,62,44,40,291,1
3,1,2,31,0.08,95,68,1,6,0,1,1,0,0,40,155,95,56,46,352,1
7,1,3,32,0.14,54,99,2,6,1,1,1,0,0,30,97,61,71,26,255,1
3,1,3,32,0.37,76,66,2,7,0,1,0,0,1,57,66,91,76,21,254,1
23,0,2,24,0.41,90,98,0,5,1,0,0,0,0,56,42,64,79,8,193,0
2,1,2,35,0.25,62,77,2,7,0,1,1,0,0,28,77,60,69,19,225,0
2,0,2,12,0.28,81,93,2,5,0,0,0,0,0,37,50,70,68,8,196,0
17,1,2,32,0.06,80,61,2,6,1,1,1,0,0,19,202,80,40,63,385,1
18,0,2,29,0.08,90,55,1,6,1,0,1,0,1,58,161,129,65,55,410,1
18,0,2,54,0.17,95,56,4,9,2,0,1,0,0,23,126,77,43,42,288,1
20,0,2,49,0.29,86,57,3,6,0,0,0,0,0,22,92,58,47,33,230,0
4,1,1,48,0.38,51,52,3,6,1,0,0,1,1,21,73,64,48,33,218,0
17,0,1,17,0.32,56,98,3,8,0,1,1,1,1,21,71,107,81,32,291,1
9,1,1,27,0.23,97,70,4,9,0,0,0,1,0,40,82,58,53,33,226,0
21,0,3,50,0.1,60,57,0,5,0,2,1,0,0,19,143,67,43,43,296,1
20,0,2,15,0.4,60,77,3,8,0,1,1,2,0,45,52,69,69,36,226,0
5,0,2,36,0.21,72,79,2,5,1,1,0,0,0,37,87,48,75,21,231,1
0,0,2,45,0.38,80,81,4,8,0,1,0,0,0,47,86,47,71,26,230,0
4,1,3,24,0.28,93,60,1,4,1,1,1,1,0,49,65,82,50,19,216,0
8,0,3,46,0.38,94,69,1,4,1,1,0,1,0,40,60,58,58,23,199,0
11,0,3,14,0.46,57,99,1,5,0,1,0,1,0,6,30,18,54,24,126,0
13,1,1,48,0.46,81,65,2,7,2,3,1,1,0,23,69,94,47,29,239,1
1,0,2,18,0.29,97,74,3,8,0,2,0,0,1,49,66,104,63,25,258,1
16,0,3,16,0.28,70,94,2,6,1,1,1,1,0,43,58,67,72,28,225,0
13,0,1,50,0.17,80,58,1,4,2,0,0,0,0,36,99,45,59,19,222,0
12,0,2,29,0.47,50,88,1,6,2,0,0,1,0,45,53,31,62,31,177,0
8,1,3,19,0.26,62,98,0,4,1,1,0,0,0,24,61,27,77,18,183,0
14,1,2,35,0.11,60,89,3,7,0,0,0,0,0,13,133,36,74,40,283,1
21,0,1,13,0.24,78,89,5,9,0,3,2,1,0,28,79,88,74,26,267,1
14,1,1,47,0.11,53,52,1,6,1,1,0,0,0,2,125,18,29,40,212,0
23,1,2,33,0.28,85,65,3,7,0,1,0,0,0,38,75,64,65,27,231,1
10,0,1,23,0.3,64,61,2,5,1,1,1,0,0,28,65,68,38,25,196,0
15,1,2,50,0.2,52,64,0,3,1,2,1,0,0,15,90,45,43,27,205,0
16,0,3,10,0.08,78,53,3,7,0,0,2,1,1,20,143,138,35,61,377,1
3,1,1,26,0.47,70,72,2,6,0,1,0,0,0,21,50,52,55,12,169,0
0,1,3,54,0.4,51,76,1,5,0,1,0,2,0,20,77,26,51,36,190,0
7,1,2,33,0.43,55,88,1,4,1,2,0,0,0,21,53,47,53,21,174,0
16,0,1,36,0.22,80,92,2,7,0,1,0,1,0,8,81,46,51,36,214,0
2,1,3,16,0.39,73,86,3,6,1,0,0,1,0,22,55,77,52,12,196,0
19,0,3,18,0.27,89,62,2,6,1,1,0,0,0,48,61,79,49,26,215,0
14,0,2,52,0.14,66,92,1,6,0,0,1,0,1,8,123,102,59,34,318,1
14,1,3,44,0.11,54,86,4,9,1,2,1,0,0,49,143,62,83,50,338,1
23,0,3,21,0.21,51,89,1,5,1,0,0,1,0,45,71,35,81,31,218,0
21,1,3,30,0.11,61,70,5,9,0,0,1,1,1,31,133,101,46,47,327,1
13,0,2,12,0.5,54,78,2,5,2,0,0,0,0,35,40,32,56,11,139,0
22,0,3,24,0.07,91,78,0,3,0,0,1,0,1,46,169,122,59,52,402,1
13,1,3,30,0.25,90,98,1,4,0,1,1,1,0,35,58,83,61,30,232,1
23,1,3,19,0.25,69,60,2,6,1,2,0,0,0,4,67,41,16,17,141,0
1,1,1,42,0.19,57,99,3,8,0,0,0,0,0,25,99,36,55,24,214,0
12,1,2,55,0.31,50,77,2,5,0,2,0,1,0,3,86,29,50,35,200,0
13,0,2,15,0.12,55,59,0,4,1,0,1,1,1,23,93,116,44,34,287,1
23,0,1,11,0.4,60,54,0,5,1,0,0,0,1,40,33,95,54,3,185,0
18,0,3,38,0.2,52,74,2,6,0,1,0,0,0,42,92,52,66,26,236,1
6,1,1,49,0.32,80,82,1,5,0,2,0,1,1,13,68,92,76,27,263,1
2,0,1,42,0.37,77,66,2,6,0,1,0,0,0,26,73,52,55,18,198,0
14,1,3,13,0.45,96,98,2,5,1,2,2,2,0,11,50,105,69,30,254,1
22,0,2,13,0.43,92,82,2,6,1,0,1,1,0,17,42,66,72,28,208,0
13,1,1,38,0.32,54,74,0,4,1,1,0,0,1,43,58,59,68,9,194,0
10,0,2,46,0.22,75,82,0,4,1,1,0,0,0,8,81,42,71,26,220,0
14,0,2,29,0.28,65,58,2,5,0,0,0,0,0,1,70,42,37,23,172,0
12,1,1,50,0.4,80,76,2,6,0,1,1,0,0,50,71,70,70,25,236,1
17,0,3,32,0.44,77,74,2,6,0,1,0,0,0,37,61,66,75,20,222,0
5,1,2,54,0.1,56,53,3,6,0,0,2,0,0,31,168,82,46,46,342,1
2,0,2,27,0.22,87,58,1,5,1,0,0,0,0,12,80,68,25,27,200,0
18,0,2,58,0.4,58,95,4,9,1,1,0,0,0,56,96,51,91,20,258,1
14,1,2,34,0.24,88,64,1,5,0,3,1,0,0,46,78,90,48,29,245,1
22,1,2,10,0.2,84,65,0,4,1,1,0,0,0,54,63,65,55,22,205,0
4,0,2,24,0.24,92,65,3,6,0,0,1,0,0,23,75,92,58,10,235,1
9,0,2,43,0.32,76,62,1,4,0,2,0,1,0,1,63,46,50,29,188,0
6,0,3,57,0.5,61,63,4,7,0,1,2,0,0,56,90,86,57,26,259,1
16,0,1,29,0.27,74,71,2,5,1,0,1,1,0,47,62,89,69,30,250,1
6,0,2,46,0.14,92,70,2,7,0,0,1,0,0,37,115,102,60,29,306,1
21,0,3,36,0.12,78,58,3,7,1,0,0,0,0,45,129,59,40,33,261,1
11,1,1,31,0.07,80,90,1,5,1,0,0,0,0,18,168,58,60,52,338,1
16,1,1,14,0.3,83,53,3,8,2,4,0,1,0,46,69,53,65,36,223,0
12,1,2,43,0.3,82,59,0,3,0,1,2,1,1,17,65,125,40,26,256,1
19,0,2,48,0.14,76,84,2,6,1,1,0,1,0,43,113,46,61,41,261,1
3,0,1,12,0.36,51,58,0,5,1,1,0,0,1,1,38,94,49,10,191,0
9,0,2,26,0.38,63,97,0,4,0,0,2,0,0,25,43,75,55,8,181,0
2,1,2,33,0.17,62,65,1,6,0,2,0,0,0,56,88,33,54,15,190,0
8,1,2,33,0.2,73,98,1,6,0,0,0,1,0,51,84,30,87,33,234,1
12,0,2,12,0.5,54,67,1,5,2,1,0,0,0,23,38,29,55,19,141,0
17,0,2,54,0.22,83,59,2,5,1,1,1,1,0,47,101,94,52,32,279,1
14,1,3,16,0.39,72,70,1,4,1,2,0,0,0,26,42,56,40,1,139,0
3,1,3,34,0.25,68,64,2,7,1,1,1,1,0,54,70,79,74,39,262,1
14,1,3,12,0.41,79,64,1,4,0,1,0,0,0,52,41,65,54,19,179,0
21,0,2,24,0.4,98,60,1,5,0,2,1,1,0,58,49,103,52,24,228,0
1,0,2,38,0.35,92,89,2,7,0,2,0,0,0,51,69,67,69,23,228,0
14,0,2,59,0.43,65,97,1,5,0,1,0,0,0,53,72,38,84,21,215,0
7,1,1,38,0.47,99,91,1,5,1,2,1,0,1,28,57,144,66,7,274,1
7,1,1,19,0.31,89,90,3,6,1,1,0,1,1,57,59,120,75,30,284,1
16,0,2,41,0.16,83,96,1,5,2,0,0,0,1,46,101,99,78,34,312,1
11,0,2,32,0.23,98,86,3,8,0,0,0,1,0,7,75,68,62,33,238,1
18,1,2,48,0.39,60,69,1,6,0,0,0,0,0,52,76,32,72,14,194,0
9,0,3,18,0.34,63,83,2,6,1,2,0,0,1,30,54,82,79,0,215,0
8,1,1,46,0.13,97,71,0,4,0,1,0,0,0,33,111,55,55,27,248,1
4,1,1,49,0.07,96,97,1,6,0,1,0,1,0,13,185,67,72,57,381,1
5,0,1,23,0.36,64,67,2,5,0,0,0,0,0,3,62,38,46,12,158,0
19,1,2,13,0.16,84,65,1,4,0,1,1,0,0,42,72,86,54,20,232,1
1,0,2,29,0.27,56,54,0,3,2,0,1,0,0,48,57,49,70,29,205,0
23,1,2,37,0.39,78,50,2,6,0,0,1,0,0,28,59,71,66,15,211,0
12,1,2,23,0.3,93,68,2,6,1,2,0,0,0,56,62,59,67,13,201,0
5,0,3,53,0.09,71,59,3,8,1,0,0,0,0,53,171,23,60,52,306,1
4,1,3,43,0.13,72,70,1,6,0,0,0,0,0,38,117,42,67,35,261,1
0,0,3,22,0.15,73,62,1,6,1,0,1,0,0,32,91,62,45,33,231,1
20,0,3,40,0.17,84,73,2,7,0,8,0,0,0,20,106,43,61,22,232,1
21,1,2,42,0.3,59,72,2,5,0,0,0,1,0,40,76,48,80,26,230,0
20,0,1,48,0.28,57,72,2,6,1,1,0,1,0,48,79,15,74,38,206,0
5,0,1,37,0.14,97,60,2,6,0,2,1,0,0,0,106,61,30,38,235,1
5,0,1,34,0.08,97,96,3,6,0,0,0,0,0,26,163,70,74,51,358,1
22,0,2,41,0.13,61,51,3,8,0,0,0,0,0,1,130,44,33,38,245,1
15,0,3,18,0.49,78,55,1,6,0,2,0,0,0,50,43,49,45,23,160,0
3,0,2,37,0.26,78,60,1,5,0,1,1,1,0,53,60,79,70,33,242,1
10,1,1,40,0.44,72,64,3,8,0,1,0,1,0,42,70,57,54,34,215,0
23,0,2,26,0.43,75,58,3,7,0,2,0,0,0,53,61,61,76,24,222,0
22,1,3,32,0.28,86,61,2,5,2,5,0,0,0,9,67,47,54,17,185,0
8,1,2,22,0.37,81,85,2,6,0,1,0,1,0,9,52,58,69,28,207,0
22,0,3,19,0.14,87,77,3,6,0,0,0,0,0,29,96,57,64,23,240,1
2,1,3,25,0.36,55,72,2,7,0,1,1,0,0,0,51,64,50,21,186,0
18,1,3,15,0.17,57,76,2,6,1,1,0,0,0,30,78,55,70,24,227,0
7,0,3,57,0.42,66,73,3,8,1,1,1,1,0,34,92,66,77,37,272,1
4,0,3,20,0.09,61,63,1,6,2,5,1,0,0,47,128,65,58,45,296,1
3,0,2,12,0.4,71,84,3,8,1,1,0,0,0,28,48,52,58,13,171,0
23,1,1,37,0.09,63,76,0,4,0,1,2,0,1,12,136,114,35,42,327,1
5,1,2,50,0.45,83,70,3,8,0,2,1,0,0,8,67,73,43,18,201,0
1,0,1,24,0.19,68,98,1,5,1,0,0,0,0,39,75,50,78,21,224,0
19,0,3,22,0.34,55,62,4,9,1,2,0,0,0,42,71,47,45,17,180,0
10,1,2,51,0.27,67,57,2,5,0,3,0,0,0,40,89,61,58,31,239,1
3,1,3,54,0.21,85,93,3,7,1,0,1,0,0,10,103,98,71,35,307,1
14,1,2,26,0.34,86,93,2,5,1,1,1,0,0,23,62,78,59,22,221,0
5,1,2,16,0.48,87,93,1,4,1,4,1,1,0,24,36,81,72,12,201,0
21,0,3,37,0.07,64,83,2,6,1,0,0,0,1,54,175,79,74,51,379,1
16,1,2,47,0.46,87,91,3,7,1,0,1,1,0,57,63,82,84,23,252,1
23,1,2,22,0.32,89,72,3,7,0,2,0,0,0,12,62,59,55,13,189,0
5,1,1,26,0.41,58,58,1,6,0,0,0,0,1,13,61,85,37,18,201,0
18,1,2,24,0.22,55,50,1,6,0,0,1,0,1,40,63,91,45,23,222,0
1,0,2,45,0.26,51,85,1,4,0,2,1,0,0,2,75,30,41,21,167,0
14,0,2,37,0.44,65,95,6,10,2,0,0,0,1,53,86,68,76,17,247,1
10,1,2,24,0.24,50,65,3,6,0,1,0,0,0,5,70,24,46,25,165,0
7,1,3,55,0.29,79,74,2,7,1,0,0,0,0,45,89,71,68,26,254,1
18,0,3,20,0.06,97,67,1,4,1,0,2,1,0,12,182,117,34,57,390,1
12,0,2,40,0.12,82,83,0,3,1,1,1,1,0,0,107,77,41,40,265,1
11,1,2,13,0.34,50,87,2,6,1,2,1,0,0,59,43,55,83,12,193,0
4,1,3,44,0.37,88,52,0,4,0,0,0,0,0,28,62,52,60,21,195,0
5,0,2,43,0.31,65,69,2,5,0,2,0,0,0,13,85,39,41,28,193,0
21,0,2,36,0.11,66,68,0,5,2,1,0,1,0,11,118,44,34,50,246,1
3,0,2,19,0.25,97,62,2,5,0,2,0,1,0,58,69,58,58,26,211,0
18,0,3,39,0.21,97,66,1,6,0,4,1,0,0,25,79,109,51,24,263,1
19,0,2,54,0.27,87,63,2,5,1,0,0,1,0,57,90,76,56,37,259,1
0,0,2,29,0.44,67,79,3,6,0,0,0,1,0,22,54,64,59,35,212,0
19,1,2,38,0.4,71,71,3,7,0,0,0,1,0,2,69,41,49,28,187,0
16,0,2,38,0.09,71,92,1,4,2,1,0,1,0,59,143,51,83,53,330,1
11,0,1,32,0.45,84,97,3,8,1,1,0,0,0,13,68,77,63,23,231,1
14,0,2,59,0.26,80,92,2,5,1,0,0,1,0,33,94,42,80,35,251,1
0,0,3,30,0.38,89,78,3,6,0,2,1,0,0,22,64,84,65,18,231,1
13,1,3,57,0.11,76,99,1,6,0,1,0,0,0,9,147,45,57,43,292,1
5,1,2,52,0.35,85,51,1,4,1,1,0,0,0,3,78,60,30,18,186,0
4,0,2,19,0.16,53,57,3,6,1,2,1,1,0,38,96,76,70,32,274,1
10,1,2,50,0.25,98,63,2,5,1,2,1,1,0,48,82,98,64,36,280,1
3,1,3,21,0.06,54,83,5,8,1,0,0,0,0,9,214,37,65,63,379,1
12,1,3,39,0.12,74,62,4,9,2,0,0,0,0,23,141,54,42,41,278,1
10,1,2,42,0.09,80,59,1,6,0,0,1,1,0,33,154,45,42,60,301,1
2,1,2,27,0.16,63,57,1,6,0,2,0,1,0,23,92,41,40,28,201,0
0,1,3,23,0.1,79,56,1,6,1,1,1,0,1,55,125,111,57,40,333,1
5,0,2,31,0.36,96,62,0,3,2,0,1,2,0,24,60,84,52,39,235,1
17,0,2,30,0.06,61,75,2,7,0,1,0,0,0,51,200,36,76,52,364,1
23,0,1,10,0.33,76,81,1,4,1,0,0,0,0,14,48,55,51,16,170,0
9,0,2,58,0.11,94,68,0,4,1,3,0,0,0,11,141,63,34,44,282,1
4,0,2,52,0.48,73,64,2,5,0,1,0,0,0,0,74,50,39,23,186,0
22,1,3,24,0.47,79,51,2,5,1,4,0,0,0,41,55,56,64,19,194,0
9,0,2,45,0.15,67,86,4,9,0,1,0,1,0,55,123,50,97,43,313,1
11,0,2,56,0.33,63,68,1,6,1,1,1,0,0,8,84,56,24,22,186,0
1,1,2,31,0.06,68,82,2,7,1,1,1,1,0,58,205,58,84,76,423,1
12,1,2,41,0.47,71,88,0,4,1,1,0,0,0,13,53,51,73,2,179,0
7,0,1,55,0.29,75,99,2,5,0,1,1,0,0,40,91,52,74,27,244,1
1,1,2,42,0.07,56,82,2,6,0,1,0,1,0,53,178,32,77,63,350,1
19,1,3,50,0.2,77,50,2,5,1,1,0,0,0,30,103,55,52,22,232,1
0,1,1,48,0.08,87,88,3,6,0,1,0,0,0,23,165,55,72,47,339,1
4,1,1,32,0.23,54,77,2,6,0,2,1,0,0,55,85,59,68,25,237,1
8,0,1,52,0.35,85,66,1,5,0,0,1,0,0,52,67,79,79,17,242,1
16,1,2,11,0.26,67,55,0,3,1,2,1,0,0,51,46,75,58,15,194,0
8,0,3,11,0.22,63,93,2,6,0,0,0,0,1,9,70,85,54,21,230,0
10,0,1,47,0.1,97,69,2,7,1,0,0,0,0,41,150,73,51,44,318,1
14,1,3,38,0.16,72,96,1,4,1,1,0,1,0,42,94,63,86,33,276,1
23,1,1,55,0.1,63,62,0,5,1,2,0,0,0,17,142,39,36,31,248,1
5,1,3,12,0.41,81,61,4,8,1,2,0,0,0,2,58,58,49,23,188,0
22,0,2,48,0.11,54,79,1,6,0,0,0,0,1,58,130,70,85,27,312,1
2,1,2,16,0.32,71,70,1,5,1,1,0,0,0,11,49,56,31,6,142,0
16,1,2,45,0.2,77,51,2,7,0,3,0,0,0,34,92,49,52,21,214,0
4,1,2,38,0.15,92,67,2,6,1,2,0,0,0,43,109,66,45,33,253,1
11,1,3,46,0.34,61,77,0,3,2,0,1,0,0,53,68,71,62,19,220,0
17,1,3,58,0.26,67,53,1,4,0,1,0,0,0,22,87,40,60,28,215,0
13,0,2,45,0.23,85,91,0,3,0,1,1,0,0,21,75,64,64,30,233,1
20,1,1,32,0.32,80,92,2,5,0,2,0,0,0,10,64,44,53,19,180,0
23,1,1,54,0.27,62,55,3,7,1,1,0,0,0,45,88,62,44,19,213,0
10,1,3,25,0.19,69,87,3,8,1,2,0,0,0,48,80,42,89,27,238,1
8,0,2,57,0.3,94,58,2,5,1,2,0,0,1,22,93,118,57,32,300,1
1,1,2,40,0.35,85,69,2,6,0,3,1,0,0,11,72,65,48,18,203,0
11,0,2,43,0.06,56,94,2,6,0,0,0,0,0,28,207,39,73,63,382,1
2,0,3,59,0.26,72,79,4,7,1,0,1,0,0,24,112,77,62,30,281,1
2,1,2,10,0.08,83,86,1,4,1,0,1,1,0,23,141,82,66,53,342,1
0,1,3,27,0.13,99,87,2,6,0,2,1,0,0,58,110,93,89,30,322,1
7,1,3,49,0.3,81,53,1,6,0,0,1,0,0,52,82,75,51,25,233,1
21,0,2,52,0.44,70,87,0,4,2,0,1,0,0,3,69,53,38,18,178,0
7,0,2,24,0.45,55,99,2,5,0,2,0,0,0,36,54,20,90,25,189,0
10,0,3,57,0.08,65,62,4,7,0,3,1,0,1,28,190,108,40,47,385,1
8,0,2,58,0.24,84,84,0,3,0,0,0,0,0,2,88,60,58,24,230,0
4,0,3,26,0.31,96,79,3,8,0,0,0,0,0,30,59,77,66,26,228,0
13,0,1,53,0.12,69,91,2,7,0,0,0,0,0,24,137,34,64,48,283,1
2,1,1,19,0.39,91,53,3,8,1,0,0,0,0,46,58,50,48,17,173,0
20,1,3,29,0.38,90,74,3,7,0,0,0,1,0,36,64,65,65,22,216,0
4,0,2,15,0.46,60,80,3,7,0,2,1,0,0,22,38,55,72,12,177,0
4,1,2,17,0.05,81,96,3,8,1,4,0,0,1,54,217,93,71,63,444,1
18,1,3,54,0.15,63,61,2,7,2,4,0,1,0,48,108,30,60,44,242,1
13,0,2,43,0.42,73,64,0,3,1,3,0,1,0,21,50,54,67,26,197,0
3,0,2,41,0.35,93,75,4,7,1,2,1,1,0,28,82,82,67,35,266,1
12,1,1,51,0.45,88,59,0,4,2,1,0,0,0,35,63,64,41,17,185,0
9,0,3,13,0.08,92,61,3,8,1,1,0,0,0,50,150,72,53,43,318,1
17,0,3,53,0.32,80,71,2,7,2,1,0,0,0,12,81,43,58,28,210,0
7,1,1,59,0.31,66,89,2,6,1,0,0,0,0,2,85,49,41,19,194,0
7,0,3,48,0.07,74,70,2,7,1,1,1,0,1,45,188,102,61,60,411,1
6,1,3,29,0.28,58,84,1,4,1,0,1,0,0,21,62,69,54,18,203,0
7,1,2,33,0.32,71,56,3,8,1,1,1,1,0,48,76,55,56,28,215,0
13,1,2,33,0.14,94,67,3,7,1,1,0,1,0,52,116,61,75,50,302,1
18,1,2,35,0.17,97,76,3,7,1,3,0,0,0,35,102,80,61,22,265,1
5,1,2,34,0.34,84,84,2,7,0,0,2,0,0,9,57,86,50,15,208,0
0,0,3,45,0.26,86,96,0,4,2,3,0,0,0,55,73,48,86,27,234,1
22,0,3,16,0.44,66,51,0,3,0,1,0,0,0,8,36,58,34,9,137,0
14,0,2,19,0.2,77,81,4,7,0,0,1,1,0,55,81,67,67,35,250,1
0,0,2,56,0.17,50,64,4,7,1,2,0,0,0,54,133,52,61,43,289,1
16,1,1,21,0.49,58,94,4,9,0,0,0,0,0,18,53,35,48,22,158,0
0,1,1,10,0.46,98,73,4,8,0,0,0,1,1,7,47,110,41,9,207,0
14,0,2,59,0.06,62,69,3,6,0,2,0,0,1,32,227,100,71,72,470,1
22,1,1,34,0.4,96,59,2,6,0,1,1,0,0,19,55,65,51,17,188,0
1,0,2,25,0.1,81,73,3,7,0,1,0,0,0,29,126,48,55,41,270,1
13,0,2,14,0.06,77,73,2,6,1,0,0,1,0,34,185,55,69,69,378,1
20,0,3,28,0.17,80,73,1,4,1,0,1,0,0,58,71,97,86,10,264,1
7,1,2,13,0.17,57,89,2,6,0,0,1,1,0,30,80,62,68,39,249,1
7,1,2,15,0.42,57,97,3,6,1,1,1,0,1,18,48,81,59,15,203,0
18,1,2,35,0.37,83,97,2,5,1,0,1,1,0,49,61,83,79,27,250,1
6,1,1,58,0.49,72,83,2,5,0,0,0,0,0,54,78,70,81,20,249,1
18,0,1,48,0.37,59,90,1,6,1,0,1,0,0,45,66,53,86,13,218,0
5,1,2,48,0.24,86,89,3,7,0,0,1,0,1,13,90,128,60,27,305,1
5,1,3,18,0.36,97,60,1,6,1,0,1,2,0,9,38,95,38,32,203,0
2,1,1,54,0.5,74,75,0,5,0,3,0,0,1,2,55,99,55,16,225,0
6,0,3,23,0.37,82,50,2,7,2,2,0,0,0,54,60,73,47,24,204,0
18,0,3,57,0.39,94,79,4,9,0,2,0,1,0,33,87,79,64,37,267,1
7,1,3,18,0.47,53,92,0,3,1,0,1,0,0,50,34,53,91,8,186,0
9,1,2,24,0.1,56,67,1,4,0,0,0,1,1,27,121,68,54,49,292,1
19,1,3,46,0.37,82,75,1,5,1,2,1,0,0,18,71,69,52,18,210,0
14,1,1,59,0.43,51,96,2,6,0,1,0,0,1,38,76,77,63,11,227,0
14,0,2,29,0.48,97,58,3,6,0,1,0,0,0,25,54,75,42,20,191,0
0,1,3,17,0.14,95,58,2,6,0,1,1,0,0,3,86,84,37,17,224,0
19,1,2,41,0.28,81,50,2,6,0,1,0,1,0,11,79,71,44,41,235,1
6,1,2,56,0.36,54,56,0,5,1,1,0,0,0,25,76,30,32,19,157,0
3,0,2,30,0.16,95,93,0,5,0,3,1,0,0,6,89,96,52,20,257,1
5,0,2,50,0.32,66,91,1,6,1,1,1,0,1,2,80,123,52,23,278,1
0,1,2,28,0.17,61,65,3,8,0,1,0,0,0,25,96,46,54,29,225,0
4,1,2,38,0.2,61,87,1,6,0,0,1,0,0,56,88,57,72,34,251,1
22,1,3,40,0.25,84,60,2,5,0,1,0,0,0,1,86,65,31,29,211,0
0,1,3,15,0.29,70,74,1,6,1,3,0,0,0,11,46,51,64,16,177,0
3,1,3,13,0.25,70,78,1,6,1,0,0,1,1,58,61,106,77,25,269,1
21,0,2,52,0.27,51,68,2,5,0,2,0,0,0,31,90,14,52,34,190,0
1,0,2,38,0.18,70,67,2,7,1,1,0,1,0,50,100,37,70,50,257,1
9,0,3,51,0.12,64,96,2,6,1,2,0,2,0,59,137,49,72,58,316,1
4,1,3,12,0.07,60,78,0,3,0,2,0,1,1,37,144,77,61,49,331,1
9,0,2,10,0.14,59,65,2,6,1,2,0,0,0,10,93,35,36,34,198,0
0,0,1,53,0.31,67,95,0,4,0,1,0,1,0,31,75,44,65,33,217,0
21,0,1,24,0.4,72,89,3,6,0,3,0,0,0,59,56,26,74,20,176,0
5,1,2,56,0.13,80,57,1,4,0,1,0,0,0,44,129,70,54,47,300,1
12,1,2,30,0.1,75,83,1,6,1,0,0,2,0,14,132,50,54,69,305,1
14,0,3,55,0.39,51,55,3,6,0,0,0,0,1,53,91,72,54,31,248,1
3,1,2,40,0.19,88,94,3,6,0,0,0,0,1,5,108,92,41,37,278,1
12,0,1,16,0.48,56,94,1,6,0,0,0,0,0,25,41,57,61,14,173,0
23,0,2,26,0.37,73,79,1,6,0,1,1,0,0,7,55,54,44,25,178,0
19,0,2,28,0.2,88,93,1,4,0,0,0,0,0,7,80,38,45,27,190,0
23,0,1,48,0.18,81,83,1,6,1,0,0,1,0,37,96,50,82,39,267,1
14,1,2,12,0.29,75,70,2,7,0,1,0,0,0,7,58,51,29,23,161,0
7,1,2,39,0.09,72,61,3,8,1,0,0,0,0,16,154,48,60,37,299,1
4,1,3,44,0.1,63,98,3,7,0,1,0,0,0,38,149,35,59,40,283,1
14,1,2,38,0.13,78,55,1,6,1,1,1,0,0,18,109,60,29,31,229,0
3,0,2,59,0.4,74,88,4,8,0,0,0,0,1,2,88,96,50,18,252,1
11,1,2,23,0.28,80,55,3,6,1,0,0,0,0,40,73,40,63,16,192,0
12,0,3,44,0.05,51,53,2,6,1,0,0,0,0,48,245,30,48,72,395,1
1,1,1,37,0.35,51,58,2,6,0,1,0,0,0,8,70,36,62,15,183,0
18,1,3,39,0.24,72,54,4,8,1,2,0,0,1,52,95,85,45,27,252,1
18,1,2,35,0.28,96,59,4,8,0,2,0,0,1,45,78,128,61,22,289,1
3,0,3,16,0.15,60,96,0,4,0,2,1,1,0,56,72,71,87,37,267,1
3,0,3,48,0.3,78,57,4,8,2,2,1,0,1,32,100,115,40,24,279,1
10,0,2,40,0.49,91,72,2,5,0,1,1,0,0,31,58,79,45,17,199,0
4,0,2,14,0.08,84,53,2,5,0,3,0,1,0,31,147,46,47,53,293,1
19,1,1,44,0.18,98,86,2,5,0,1,0,0,0,5,99,94,55,33,281,1
10,0,3,59,0.16,58,56,1,5,0,1,0,1,1,48,114,76,43,38,271,1
9,0,2,56,0.16,81,55,2,7,2,2,1,0,0,48,120,68,62,36,286,1
7,1,2,23,0.22,79,94,1,5,0,0,0,0,0,52,64,59,87,26,236,1
5,1,3,45,0.42,64,91,1,4,1,1,0,0,0,58,62,36,91,21,210,0
5,0,3,36,0.46,63,64,2,6,0,1,0,0,0,28,66,51,42,21,180,0
7,1,2,33,0.14,66,84,0,3,0,1,0,0,0,36,97,49,91,21,258,1
22,0,2,49,0.29,71,99,2,7,1,3,1,0,0,16,90,56,63,31,240,1
14,1,2,38,0.34,79,81,4,9,1,0,0,0,0,49,83,64,71,26,244,1
13,0,2,54,0.28,66,63,2,5,0,0,0,0,0,18,92,55,36,22,205,0
10,0,2,31,0.25,65,84,1,4,1,2,1,0,0,30,71,66,65,19,221,0
11,0,2,17,0.14,57,60,1,5,0,2,1,0,0,18,104,57,34,33,228,0
12,0,2,24,0.27,88,59,3,7,0,1,1,1,0,22,67,61,47,30,205,0
7,0,3,58,0.23,80,66,1,5,2,2,0,0,0,49,86,55,43,25,209,0
17,1,1,14,0.41,61,62,0,5,1,2,0,0,1,46,31,71,66,16,184,0
0,0,2,13,0.39,82,83,1,6,1,1,0,1,0,34,39,65,50,16,170,0
14,0,2,20,0.11,61,94,4,9,1,2,0,1,0,13,139,54,67,49,309,1
7,0,1,27,0.09,74,54,4,8,0,1,1,0,0,0,156,87,25,44,312,1
10,0,1,51,0.46,87,97,4,7,1,1,1,0,0,48,88,89,89,29,295,1
11,0,2,58,0.29,97,59,3,6,0,0,0,0,0,32,85,92,52,25,254,1
11,1,3,39,0.44,67,81,2,6,1,0,0,0,0,48,61,38,73,15,187,0
3,1,1,24,0.08,68,61,3,7,1,0,1,2,0,35,162,61,67,67,357,1
15,0,1,15,0.29,52,62,3,6,2,0,0,0,0,0,62,39,30,20,151,0
3,1,3,25,0.29,84,70,2,5,1,1,0,0,0,19,56,57,39,17,169,0
4,0,1,56,0.44,54,97,1,6,0,0,1,1,0,21,74,52,76,28,230,0
23,1,3,49,0.09,84,82,1,5,0,2,0,0,0,34,151,71,63,34,319,1
4,1,2,18,0.16,76,90,2,7,0,0,1,0,0,2,88,61,63,22,234,1
7,0,3,52,0.23,86,97,5,10,1,1,1,1,0,11,103,89,54,42,288,1
9,1,2,43,0.44,95,96,1,4,1,1,1,1,0,42,61,90,66,33,250,1
16,1,3,36,0.47,70,99,2,6,0,3,0,0,1,36,66,75,80,21,242,1
8,0,3,22,0.5,65,81,1,4,2,1,2,0,0,57,40,88,67,9,204,0
21,0,2,45,0.48,77,61,1,6,2,1,0,0,1,12,68,77,32,22,199,0
18,1,1,36,0.05,74,95,3,7,2,1,0,1,0,11,237,50,67,86,440,1
13,1,3,18,0.07,82,84,4,9,0,2,0,1,0,1,175,57,45,65,342,1
7,1,2,14,0.12,66,85,1,6,1,2,0,0,0,19,101,46,64,37,248,1
8,0,1,31,0.21,92,87,1,4,2,0,2,0,1,0,74,150,32,18,274,1
21,1,1,40,0.42,79,97,1,5,1,2,1,0,0,57,59,66,72,12,209,0
10,1,3,12,0.45,90,77,3,7,0,3,0,0,0,59,40,47,77,18,182,0
22,1,2,39,0.13,53,62,1,5,1,1,0,0,0,40,104,35,52,35,226,0
0,0,2,30,0.33,51,61,0,4,1,0,0,0,0,34,55,21,49,23,148,0
13,0,2,44,0.46,58,71,2,7,1,1,0,0,0,23,65,34,41,21,161,0
4,0,3,15,0.26,80,93,3,6,0,2,0,1,0,51,71,52,82,21,226,0
20,0,3,37,0.1,74,51,0,4,0,2,0,0,0,37,123,49,66,33,271,1
13,1,3,41,0.26,86,78,4,9,1,2,1,0,0,25,89,77,60,26,252,1
3,0,1,51,0.22,85,62,1,4,0,2,0,0,0,10,87,58,40,22,207,0
21,1,3,46,0.31,54,84,2,5,1,0,0,0,0,51,74,49,80,24,227,0
22,1,2,34,0.25,73,62,0,3,0,0,1,0,0,51,73,78,45,19,215,0
0,1,2,41,0.06,73,83,4,8,0,1,0,1,0,42,214,45,78,67,404,1
21,1,2,44,0.5,78,68,3,8,0,1,1,1,0,14,70,80,68,35,253,1
22,0,1,31,0.29,99,58,2,5,0,1,1,1,0,5,70,103,28,33,234,1
18,0,3,33,0.26,94,80,2,5,1,2,0,0,0,39,69,75,72,17,233,1
7,0,1,48,0.48,80,82,0,3,0,2,0,0,0,8,63,48,49,16,176,0
14,0,2,39,0.12,86,76,0,5,1,3,0,1,0,49,108,56,78,39,281,1
20,0,3,59,0.14,68,94,4,9,1,1,0,0,0,5,144,52,62,47,305,1
14,1,3,41,0.41,72,51,1,5,0,1,1,0,1,16,58,106,28,21,213,0
8,0,1,40,0.17,84,64,4,8,2,2,0,1,0,22,112,81,62,40,295,1
20,0,2,32,0.41,99,68,2,7,1,1,0,0,0,57,70,87,72,19,248,1
8,0,3,49,0.17,55,80,0,4,1,1,1,0,0,30,103,51,55,37,246,1
9,0,2,42,0.06,55,65,0,5,1,0,0,0,0,15,193,38,36,59,326,1
19,1,2,34,0.28,86,92,2,6,0,1,1,0,0,50,60,74,68,20,222,0
20,1,2,45,0.14,79,64,1,5,0,0,0,1,0,56,119,71,66,53,309,1
8,1,2,33,0.39,50,55,2,7,0,3,0,0,1,21,63,71,45,20,199,0
2,1,3,40,0.34,57,63,1,4,0,0,0,0,0,15,74,48,26,20,168,0
19,1,2,48,0.47,77,76,3,6,1,0,1,1,0,44,78,72,67,31,248,1
10,0,2,55,0.4,74,87,1,5,1,1,1,0,0,11,73,78,50,19,220,0
5,1,2,22,0.13,82,68,2,5,0,1,0,1,0,8,110,66,37,47,260,1
1,1,2,19,0.41,87,86,2,5,0,1,0,0,0,5,47,75,51,18,191,0
6,1,1,32,0.34,63,92,2,6,0,0,1,1,0,3,73,67,66,34,240,1
17,0,2,27,0.35,60,53,1,4,0,1,2,0,0,37,52,86,71,16,225,0
1,0,2,41,0.42,51,75,1,6,1,2,1,0,0,16,59,56,43,21,179,0
16,1,2,42,0.31,79,58,3,8,1,0,1,0,0,57,83,77,62,18,240,1
10,0,2,45,0.26,79,90,2,5,0,3,1,0,0,55,82,84,74,24,264,1
11,0,2,37,0.34,53,98,2,7,0,2,0,0,0,9,72,23,68,20,183,0
18,1,2,25,0.18,62,89,3,8,0,1,0,0,0,39,89,40,67,19,215,0
21,0,2,25,0.13,56,64,1,4,1,1,0,0,0,34,104,31,61,35,231,1
23,0,3,27,0.33,87,90,3,8,2,2,2,1,0,46,73,93,74,32,272,1
6,0,2,17,0.16,52,86,1,5,0,0,1,1,0,20,81,68,53,35,237,1
19,1,1,51,0.09,58,53,1,5,1,2,0,1,0,52,155,30,64,56,305,1
5,1,1,25,0.05,63,75,2,6,1,1,0,0,0,18,228,45,64,63,400,1
20,1,3,20,0.32,60,67,1,4,0,0,0,0,0,26,56,31,56,10,153,0
23,0,2,15,0.21,86,90,3,8,2,1,1,0,0,10,80,82,55,15,232,1
0,1,3,10,0.39,63,84,1,4,0,0,0,0,1,5,29,83,59,5,176,0
16,0,1,21,0.22,68,90,2,5,2,2,1,1,1,58,75,100,92,33,300,1
10,0,3,47,0.27,57,90,1,6,1,0,0,1,0,40,74,50,78,39,241,1
21,0,3,37,0.23,56,78,1,6,0,2,1,1,0,42,75,51,65,22,213,0
17,1,2,54,0.34,56,73,3,8,2,2,0,1,0,27,87,32,48,25,192,0
20,1,1,26,0.21,52,53,4,7,0,2,0,0,1,2,88,60,29,23,200,0
16,1,2,10,0.48,52,70,2,5,1,0,0,2,0,40,38,33,63,34,168,0
6,1,2,41,0.47,67,88,3,7,0,1,0,0,0,44,70,34,79,23,206,0
16,0,2,17,0.43,94,56,3,6,1,1,0,1,0,23,49,73,48,23,193,0
19,1,2,49,0.46,82,72,2,7,0,2,1,0,0,36,73,96,54,12,235,1
8,0,1,52,0.25,86,89,2,5,2,1,1,0,0,12,90,100,66,19,275,1
16,1,2,55,0.29,77,70,3,7,0,1,0,0,0,14,95,67,53,34,249,1
19,1,2,33,0.38,85,50,2,7,0,1,0,0,0,8,60,50,42,19,171,0
21,1,2,19,0.36,65,90,1,5,1,1,1,0,0,38,43,64,81,17,205,0
21,0,1,56,0.45,64,74,6,9,2,0,0,0,0,34,91,40,69,31,231,1
7,0,3,48,0.37,78,80,2,5,0,1,1,1,0,57,73,64,85,42,264,1
16,0,2,48,0.5,67,93,2,6,0,0,1,1,0,44,63,65,76,26,230,0
6,0,3,19,0.21,98,87,1,5,0,1,1,0,1,17,72,128,98,19,317,1
0,0,2,45,0.42,95,94,0,5,0,1,0,2,1,42,62,103,75,40,280,1
12,1,1,34,0.36,95,54,2,7,1,0,1,1,0,52,59,90,67,33,249,1
22,0,2,59,0.36,68,80,2,6,0,0,1,0,0,2,76,65,66,14,221,0
18,0,2,19,0.2,78,50,2,7,1,0,0,0,0,27,79,49,45,20,193,0
23,0,3,28,0.4,55,79,2,6,1,2,0,2,0,15,60,41,55,37,193,0
18,0,2,55,0.46,94,67,1,5,0,2,0,1,0,41,64,74,70,29,237,1
16,1,2,54,0.15,99,57,7,10,1,2,0,0,0,40,141,72,33,45,291,1
12,0,3,24,0.33,96,75,4,8,1,1,0,0,0,46,72,66,67,28,233,1
15,1,2,25,0.23,76,89,3,8,0,0,0,1,0,42,66,55,78,34,233,1
7,1,3,11,0.5,56,64,4,8,0,1,0,0,0,57,43,58,77,13,191,0
18,1,3,38,0.27,76,68,2,5,0,0,0,0,1,22,74,84,45,22,225,0
17,0,1,13,0.15,68,59,2,7,1,2,0,0,0,31,90,50,59,27,226,0
0,1,2,59,0.22,66,73,0,4,0,0,0,0,0,9,91,52,48,36,227,0
13,0,2,38,0.34,90,65,5,8,2,0,1,0,0,57,88,75,89,30,282,1
18,0,2,40,0.08,60,92,1,6,1,0,0,0,0,55,158,39,91,42,330,1
14,0,2,26,0.32,54,80,3,6,0,3,1,0,0,37,69,59,92,19,239,1
17,0,3,19,0.47,51,93,3,6,1,4,0,0,0,56,52,24,80,11,167,0
1,0,3,36,0.43,96,65,1,6,0,1,0,0,0,37,52,64,48,21,185,0
21,1,2,50,0.08,61,65,0,3,1,2,1,1,0,12,162,47,38,50,297,1
16,1,1,24,0.5,91,77,1,4,0,2,0,1,0,14,45,78,39,20,182,0
17,0,2,53,0.36,91,69,0,3,0,0,0,1,0,27,70,44,49,28,191,0
5,1,1,40,0.12,60,84,2,7,1,3,0,0,1,12,127,77,63,35,302,1
18,0,3,30,0.06,59,58,0,3,1,2,0,0,0,34,194,21,45,54,314,1
3,1,2,50,0.13,77,89,0,4,1,3,1,0,1,1,115,131,54,33,333,1
0,1,2,55,0.43,56,59,3,6,2,2,0,1,0,0,68,54,34,35,191,0
7,1,1,54,0.06,63,94,2,6,0,1,1,0,0,40,214,82,64,65,425,1
22,1,3,35,0.15,62,67,2,5,0,0,0,0,0,31,97,40,79,31,247,1
6,1,1,47,0.39,54,94,2,6,1,0,0,0,1,29,65,90,68,24,247,1
2,0,3,45,0.31,91,94,3,8,1,2,1,0,0,21,82,78,76,28,264,1
9,0,2,26,0.4,57,64,1,4,2,3,0,2,1,3,52,84,43,26,205,0
9,1,3,12,0.39,99,94,2,6,2,1,0,0,0,52,38,72,65,11,186,0
18,0,2,23,0.07,50,79,0,5,0,2,0,0,0,45,164,36,59,49,308,1
13,1,1,58,0.45,54,97,0,3,1,0,0,1,0,23,72,28,71,24,195,0
1,0,3,22,0.15,60,81,5,8,0,2,1,0,0,13,119,68,49,43,279,1
0,1,1,50,0.3,92,89,2,5,0,1,0,0,0,16,87,66,73,20,246,1
22,1,2,36,0.34,97,76,1,6,0,3,0,1,0,13,68,64,32,27,191,0
22,1,1,10,0.13,59,76,1,6,0,1,1,0,0,39,90,72,75,26,263,1
17,0,3,26,0.49,64,68,0,4,0,0,0,1,0,38,36,33,55,25,149,0
6,0,3,57,0.27,88,59,2,5,0,0,1,0,0,40,91,71,36,25,223,0
7,1,2,59,0.08,96,93,1,5,0,0,0,0,1,51,182,98,75,50,405,1
0,1,2,43,0.47,78,95,1,5,0,1,1,0,0,26,59,63,74,25,221,0
22,0,3,23,0.31,74,55,4,8,1,0,0,0,0,20,71,46,38,22,177,0
2,0,1,26,0.36,97,73,2,6,0,1,1,0,0,39,62,91,67,11,231,1
23,0,3,12,0.29,55,58,1,5,1,1,0,0,0,34,49,30,68,15,162,0
22,0,1,43,0.43,60,76,1,4,0,1,0,0,0,25,61,48,80,21,210,0
7,0,3,49,0.06,66,56,1,6,1,0,0,0,0,30,207,59,41,63,370,1
21,1,3,34,0.17,64,55,3,7,0,1,0,0,0,58,111,61,73,36,281,1
14,0,3,11,0.26,65,82,3,8,0,3,0,0,0,32,64,28,63,21,176,0
4,1,2,43,0.08,51,70,0,4,1,2,0,0,1,48,153,83,51,42,329,1
2,1,2,35,0.37,85,95,2,5,2,0,2,0,0,10,61,103,47,10,221,0
18,0,2,40,0.23,68,87,2,6,0,0,0,0,1,58,85,82,81,31,279,1
0,0,1,18,0.17,87,93,1,5,0,0,1,1,0,57,81,78,94,33,286,1
14,1,2,39,0.05,99,66,1,5,2,2,0,0,1,15,235,108,40,72,455,1
7,0,2,29,0.37,70,80,0,3,0,0,0,0,0,5,42,58,49,11,160,0
1,1,3,30,0.43,60,86,0,4,0,0,0,1,1,33,37,90,70,19,216,0
2,0,2,38,0.23,90,60,2,5,2,1,0,2,0,40,74,74,30,46,224,0
23,0,1,34,0.3,52,77,3,8,1,0,0,0,0,31,78,29,67,22,196,0
13,0,2,47,0.15,83,54,1,6,0,0,1,0,0,20,110,77,50,36,273,1
23,1,2,53,0.33,67,61,2,7,2,3,2,0,0,28,79,99,59,16,253,1
13,0,2,34,0.06,64,52,2,5,1,0,0,0,0,10,213,44,40,56,353,1
10,1,2,18,0.27,74,90,2,6,0,1,0,0,0,56,61,64,82,14,221,0
15,0,3,48,0.34,99,87,1,6,1,1,0,0,0,55,64,66,81,7,218,0
3,1,2,53,0.46,64,51,3,8,1,0,0,2,0,55,78,58,68,44,248,1
19,0,2,35,0.22,79,75,0,4,1,1,0,0,0,4,75,49,48,16,188,0
4,1,2,46,0.39,66,51,3,8,2,0,2,0,0,26,74,68,51,20,213,0
21,1,3,25,0.32,67,61,2,7,0,0,1,1,0,27,60,71,50,25,206,0
20,1,2,46,0.47,80,89,1,5,1,1,2,0,0,30,66,95,80,16,257,1
13,1,3,21,0.23,99,51,1,4,0,2,0,0,1,49,66,86,52,12,216,0
22,1,1,33,0.19,92,90,2,5,0,3,0,0,1,10,92,100,72,29,293,1
15,1,3,35,0.45,67,65,1,6,1,1,0,0,0,58,58,55,54,20,187,0
17,0,2,29,0.07,84,79,2,7,1,0,0,0,0,12,168,55,56,53,332,1
6,1,2,18,0.11,62,96,3,6,1,0,1,0,0,42,123,76,90,35,324,1
9,1,2,32,0.09,63,95,1,6,1,0,1,0,0,5,144,58,64,42,308,1
6,1,2,48,0.43,85,85,2,5,1,1,0,1,0,26,72,55,68,25,220,0
0,0,1,38,0.05,67,53,3,8,0,1,0,0,0,29,247,31,52,72,402,1
22,0,3,40,0.44,54,60,3,8,1,1,0,1,0,52,65,54,63,27,209,0
20,0,2,28,0.25,63,73,4,7,0,0,1,0,0,47,90,83,64,28,265,1
18,1,3,29,0.05,74,67,1,5,0,0,0,0,1,18,231,107,54,65,457,1
15,0,3,32,0.23,93,76,2,7,1,0,0,0,0,13,82,70,58,24,234,1
18,0,2,52,0.13,88,86,3,8,1,0,0,2,0,57,140,48,72,60,320,1
3,1,3,36,0.33,61,51,1,5,1,2,1,0,0,8,68,63,41,23,195,0
17,1,2,39,0.36,89,64,0,5,2,3,1,1,0,54,63,65,64,36,228,0
1,0,1,30,0.27,77,60,0,4,0,4,0,0,0,44,48,60,49,18,175,0
0,1,3,53,0.07,84,76,0,4,0,3,0,2,0,27,171,51,70,70,362,1
14,1,2,44,0.35,50,98,0,3,1,2,0,0,0,27,63,31,76,17,187,0
4,1,2,58,0.43,52,97,4,8,1,1,0,0,0,45,90,26,91,28,235,1
19,1,2,16,0.37,92,96,1,4,0,0,0,1,0,24,46,77,64,14,201,0
10,0,2,31,0.42,99,72,2,5,0,0,1,0,0,25,60,88,70,15,233,1
9,1,3,19,0.14,56,84,0,3,0,0,0,1,0,58,88,56,79,38,261,1
1,0,1,32,0.45,58,79,3,8,1,1,0,0,0,3,63,44,56,13,176,0
2,0,2,24,0.19,85,96,0,5,1,2,0,1,0,2,68,76,51,30,225,0
22,0,2,39,0.06,72,73,1,5,0,0,0,0,0,33,195,59,66,61,381,1
22,0,2,43,0.43,73,68,0,3,0,2,0,0,0,20,56,58,57,20,191,0
11,1,2,22,0.47,59,78,0,5,0,3,0,0,0,16,35,33,52,4,124,0
19,1,1,13,0.35,99,62,1,6,0,1,0,1,0,37,41,54,46,16,157,0
4,1,1,27,0.15,97,97,3,7,0,1,0,0,0,33,94,54,81,25,254,1
4,0,2,32,0.16,61,72,0,5,0,0,2,0,0,43,87,82,75,30,274,1
5,0,3,42,0.26,68,61,1,6,0,1,1,0,0,11,78,61,30,20,189,0
8,0,1,43,0.45,81,98,2,7,0,0,0,1,0,24,59,62,71,27,219,0
1,1,3,43,0.12,73,97,6,11,1,1,0,0,0,20,149,58,74,44,325,1
20,0,3,45,0.42,71,90,2,7,0,0,0,0,0,17,63,48,52,19,182,0
11,1,3,44,0.18,52,78,2,7,1,1,0,0,0,35,103,21,79,31,234,1
2,1,3,26,0.41,89,55,2,6,2,1,0,0,0,5,51,77,45,20,193,0
19,1,2,37,0.46,76,72,2,5,0,0,0,0,0,19,66,41,59,19,185,0
21,1,2,23,0.24,68,80,2,7,0,2,0,0,0,52,66,58,78,16,218,0
11,0,2,43,0.21,58,94,4,7,0,1,1,1,1,19,96,117,60,40,313,1
23,1,2,57,0.41,98,70,2,6,0,0,0,0,0,31,79,68,54,12,213,0
16,0,3,20,0.29,62,73,1,5,0,0,2,1,0,30,57,72,44,25,198,0
9,1,2,22,0.36,51,57,1,4,1,1,0,0,0,19,55,31,37,9,132,0
23,0,3,42,0.33,85,93,3,6,1,0,2,0,1,50,81,168,85,22,356,1
13,0,1,11,0.12,78,58,1,5,0,1,0,0,0,56,92,60,65,32,249,1
22,1,3,43,0.43,60,71,3,8,1,0,0,1,0,29,73,43,52,22,190,0
16,1,2,38,0.14,83,53,3,6,0,0,1,0,0,2,110,75,34,28,247,1
17,1,2,46,0.47,53,62,1,4,0,1,0,0,0,19,67,37,53,20,177,0
18,0,2,13,0.16,53,83,0,5,1,1,0,1,0,7,79,36,44,36,195,0
16,1,3,21,0.38,50,52,2,5,0,0,0,0,0,20,53,31,56,20,160,0
13,1,2,35,0.18,74,86,3,8,1,2,0,0,0,47,96,60,74,27,257,1
8,0,3,37,0.19,75,77,0,4,2,1,2,0,0,22,90,104,59,22,275,1
7,1,3,12,0.19,60,75,2,5,1,2,0,0,0,53,78,31,69,23,201,0
1,0,3,29,0.39,72,99,2,7,0,2,2,0,0,0,48,107,61,13,229,0
12,1,1,19,0.3,51,95,4,9,1,0,0,0,0,1,70,51,38,24,183,0
6,0,3,27,0.45,68,83,0,4,0,1,0,0,0,9,42,49,51,15,157,0
8,0,3,36,0.19,78,64,2,5,2,2,0,1,0,36,83,78,48,35,244,1
21,1,1,40,0.36,89,57,2,7,2,1,0,0,0,57,77,53,65,18,213,0
21,0,1,36,0.39,53,97,2,5,0,1,0,0,0,29,59,37,71,14,181,0
10,1,1,51,0.12,65,84,2,7,1,1,1,0,0,50,138,80,66,41,325,1
13,1,1,10,0.23,96,73,1,4,0,0,0,0,0,43,53,66,58,21,198,0
3,0,2,15,0.27,86,86,0,3,0,0,1,0,0,23,42,71,58,9,180,0
12,1,3,20,0.21,76,53,1,6,0,1,1,0,0,31,68,74,50,22,214,0
1,0,2,43,0.19,54,61,2,7,0,3,0,0,1,55,88,86,69,29,272,1
22,0,2,48,0.36,64,68,0,3,1,0,1,0,0,49,76,66,54,31,227,0
4,0,3,29,0.15,72,64,1,4,0,1,1,0,0,29,97,83,63,33,276,1
10,0,2,30,0.37,98,79,3,7,1,1,0,0,0,37,62,74,70,16,222,0
5,0,3,30,0.47,52,94,2,7,2,1,0,1,0,54,54,17,79,14,164,0
17,0,2,27,0.3,67,86,1,4,1,0,0,0,1,13,54,83,53,11,201,0
20,0,2,30,0.33,92,61,2,5,0,1,1,0,0,54,65,88,67,16,236,1
9,0,2,28,0.08,75,68,0,5,1,1,0,1,1,2,140,88,49,48,325,1
3,1,2,13,0.44,55,83,5,8,1,1,0,0,0,24,50,29,78,11,168,0
8,1,1,22,0.18,93,56,2,5,1,3,0,1,1,44,84,110,57,27,278,1
5,0,3,27,0.33,66,77,1,5,0,2,0,0,0,6,64,63,62,20,209,0
1,1,2,38,0.49,95,77,2,6,1,1,0,1,0,16,56,70,65,26,217,0
16,1,3,34,0.32,87,78,1,6,1,0,0,0,0,40,59,67,76,8,210,0
4,1,2,22,0.38,91,86,3,8,1,2,0,0,0,26,56,64,66,28,214,0
5,1,1,36,0.25,97,69,5,10,2,3,0,0,0,37,90,73,62,33,258,1
11,1,2,28,0.08,99,60,5,9,0,0,0,0,1,37,170,100,63,54,387,1
22,1,1,58,0.41,76,99,5,9,0,1,0,0,0,22,97,60,67,28,252,1
20,0,3,10,0.07,69,99,1,5,0,4,1,0,0,31,154,70,92,44,360,1
9,1,3,47,0.37,55,88,5,8,0,2,0,0,0,1,80,42,61,25,208,0
21,1,3,28,0.06,84,91,2,6,0,0,0,0,0,10,196,67,45,61,369,1
20,1,1,10,0.44,61,72,3,7,0,3,0,0,1,33,47,70,53,8,178,0
5,1,2,49,0.12,97,95,2,7,1,0,1,0,0,51,128,85,90,40,343,1
7,0,2,26,0.28,52,69,2,6,1,1,0,0,0,59,68,41,85,20,214,0
1,0,3,30,0.32,97,69,1,5,0,1,0,0,0,46,64,72,79,23,238,1
11,0,1,31,0.26,53,60,1,4,0,2,1,0,0,33,69,44,53,27,193,0
12,0,2,24,0.2,94,51,2,6,0,2,0,0,0,6,74,59,35,15,183,0
20,1,2,59,0.26,53,62,0,5,1,1,0,0,0,9,92,36,44,30,202,0
6,0,1,48,0.19,53,62,6,9,1,1,0,0,1,24,126,84,62,38,310,1
9,0,2,57,0.25,88,90,4,8,0,2,0,0,0,1,106,68,45,36,255,1
12,0,2,48,0.21,70,98,0,4,1,1,0,0,0,48,83,63,91,25,262,1
16,0,3,41,0.3,93,64,1,5,0,0,0,1,1,29,76,113,71,31,291,1
20,1,3,58,0.16,51,80,0,3,2,2,1,1,0,16,110,76,64,42,292,1
13,0,2,13,0.49,65,72,0,3,1,2,0,0,0,28,35,43,53,3,134,0
1,1,2,53,0.28,56,71,3,7,2,2,0,0,0,17,91,51,54,25,221,0
21,0,2,54,0.14,68,65,4,9,0,3,0,1,1,45,132,73,72,52,329,1
10,1,3,41,0.26,92,91,3,7,0,1,0,1,0,59,77,69,77,36,259,1
0,1,3,13,0.44,82,78,0,3,0,1,0,0,0,34,40,58,57,11,166,0
18,0,3,10,0.06,58,69,1,4,1,2,1,0,0,16,186,58,21,63,328,1
20,0,3,42,0.36,86,77,1,4,0,0,2,0,1,55,63,139,88,18,308,1
3,0,2,16,0.3,66,76,2,7,1,1,0,0,0,46,56,45,76,21,198,0
18,0,3,18,0.13,76,93,4,8,1,0,0,0,0,21,114,56,73,27,270,1
20,1,2,10,0.42,82,78,0,4,1,3,0,0,0,50,34,55,67,12,168,0
10,1,2,25,0.22,98,54,1,4,1,0,1,0,0,24,71,97,30,21,219,0
7,0,3,27,0.18,61,98,1,5,1,1,1,0,0,19,79,49,60,22,210,0
10,0,1,56,0.42,94,91,1,6,0,0,1,0,0,15,72,89,52,24,237,1
3,1,1,15,0.34,60,87,0,5,1,3,0,1,1,24,41,85,78,23,227,0
16,0,2,11,0.45,62,87,4,8,2,0,1,1,0,14,49,61,38,26,174,0
6,1,2,18,0.33,80,93,3,7,1,1,0,0,0,36,69,61,74,23,227,0
7,0,3,13,0.38,62,51,2,6,1,2,0,0,0,14,46,27,37,10,120,0
2,1,1,54,0.43,87,94,2,6,2,3,0,0,0,56,75,60,96,31,262,1
21,1,1,32,0.07,75,69,3,7,1,1,1,0,0,14,181,68,36,61,346,1
1,1,1,52,0.4,80,92,2,6,2,1,1,0,0,55,70,83,65,20,238,1
22,1,1,54,0.33,71,96,2,5,0,3,1,1,0,17,87,75,96,38,296,1
14,1,1,52,0.08,55,62,5,8,1,0,1,0,0,36,182,63,59,50,354,1
23,0,2,17,0.28,69,75,2,5,0,0,0,0,0,0,61,55,33,11,160,0
21,1,2,48,0.09,70,84,2,7,0,2,1,1,0,32,152,50,72,58,332,1
21,0,3,34,0.38,59,95,3,8,0,1,0,0,0,2,70,45,42,28,185,0
4,1,3,25,0.3,68,57,1,6,0,1,0,0,0,48,63,60,59,17,199,0
23,1,2,44,0.48,84,77,1,6,0,0,0,0,0,21,64,60,74,20,218,0
0,0,1,26,0.13,75,90,3,6,0,2,1,2,1,53,108,111,68,48,335,1
3,0,1,27,0.32,56,64,0,4,0,2,1,0,0,20,47,59,52,6,164,0
14,0,3,36,0.15,86,99,1,5,1,1,0,1,0,45,99,58,78,37,272,1
19,0,2,24,0.33,57,57,4,8,0,2,0,0,0,40,63,41,43,18,165,0
18,1,3,26,0.38,54,60,3,8,0,2,0,0,0,26,58,34,38,22,152,0
2,0,3,52,0.38,93,78,2,5,0,2,0,1,0,3,75,84,46,26,231,1
19,1,3,14,0.42,85,54,4,8,0,0,0,0,0,50,57,58,64,11,190,0
10,0,3,25,0.43,77,96,2,7,1,0,0,0,0,34,64,62,72,14,212,0
16,0,2,24,0.08,99,96,1,6,1,2,0,0,0,0,150,67,46,51,314,1
12,1,2,51,0.2,52,56,2,7,1,0,0,0,0,3,97,35,34,37,203,0
10,1,3,55,0.36,88,67,2,6,0,0,0,0,0,54,87,69,45,35,236,1
1,0,2,43,0.27,57,77,1,4,0,3,0,0,0,23,81,42,41,30,194,0
8,1,1,57,0.14,64,61,6,10,0,2,0,1,0,45,151,45,69,56,321,1
1,1,2,28,0.3,76,61,2,5,1,0,1,0,0,28,70,70,40,20,200,0
20,1,2,17,0.23,98,85,4,7,1,2,0,0,0,21,86,70,72,29,257,1
8,1,3,56,0.23,85,78,3,7,1,0,1,1,1,22,90,120,81,36,327,1
8,1,2,19,0.41,65,60,4,8,0,0,0,0,0,20,59,38,47,25,169,0
7,1,2,14,0.23,75,55,1,6,0,0,0,0,0,13,53,57,41,18,169,0
16,1,3,57,0.06,94,70,4,9,0,0,2,0,0,7,234,112,52,68,466,1
0,1,3,35,0.08,93,59,1,5,1,1,0,0,0,57,159,75,64,44,342,1
10,0,2,31,0.44,53,81,1,5,0,1,0,0,0,15,54,41,67,16,178,0
7,1,2,53,0.48,61,96,0,3,0,2,1,1,0,34,60,61,79,27,227,0
9,0,2,32,0.36,66,82,1,4,2,3,0,0,1,23,59,75,62,21,217,0
6,1,2,22,0.21,90,66,3,8,1,3,0,0,0,58,82,57,66,25,230,0
2,1,1,18,0.47,93,52,0,3,0,2,0,1,0,25,33,69,63,20,185,0
2,1,2,58,0.35,75,92,3,7,0,0,0,0,0,6,84,45,43,37,209,0
17,1,3,29,0.43,80,67,0,3,1,2,0,0,0,24,53,34,71,20,178,0
4,0,2,37,0.39,64,59,2,5,1,0,0,0,0,37,69,53,58,23,203,0
11,0,2,53,0.22,83,90,3,6,1,0,0,0,0,44,84,58,70,22,234,1
11,1,1,46,0.27,78,88,5,9,0,3,1,1,0,25,93,72,56,28,249,1
18,0,2,33,0.13,58,92,2,7,1,2,1,0,0,25,111,55,65,48,279,1
5,1,3,53,0.18,63,57,1,4,1,1,0,1,0,29,106,46,58,40,250,1
1,1,2,42,0.4,85,83,5,9,1,0,0,2,0,1,73,59,58,35,225,0
11,0,1,29,0.45,53,86,1,4,0,0,1,0,0,59,44,52,80,12,188,0
18,0,2,57,0.38,87,90,5,8,0,2,0,1,0,42,95,71,65,41,272,1
4,1,3,39,0.26,86,82,3,7,0,0,0,0,1,52,85,87,59,27,258,1
11,1,2,53,0.09,73,98,0,3,2,1,0,2,1,8,150,72,61,58,341,1
16,0,1,18,0.08,66,59,0,4,0,3,1,0,0,38,140,76,55,25,296,1
16,1,2,54,0.22,62,89,2,7,0,2,0,0,0,43,95,45,89,35,264,1
9,0,3,58,0.26,69,67,3,6,0,0,2,0,1,10,92,120,26,35,273,1
22,1,2,26,0.32,66,74,2,6,1,2,1,0,0,14,63,58,61,25,207,0
16,1,2,45,0.05,76,91,0,3,1,2,0,0,0,11,239,53,67,71,430,1
14,0,2,23,0.5,82,90,1,4,1,0,1,0,0,34,48,80,64,9,201,0
11,0,2,28,0.21,70,85,3,6,1,1,0,0,0,49,78,58,59,27,222,0
15,0,3,16,0.43,66,51,2,6,2,0,0,0,0,55,48,52,60,15,175,0
23,1,3,12,0.29,71,68,5,9,0,2,0,0,0,39,70,46,75,23,214,0
18,1,2,42,0.11,74,59,4,8,1,1,1,0,1,46,153,111,37,46,347,1
7,1,2,53,0.41,52,98,1,6,0,1,1,0,0,15,66,61,85,15,227,0
20,1,1,41,0.37,76,52,2,5,0,0,0,0,0,48,70,68,73,23,234,1
16,0,2,56,0.29,76,68,2,6,0,2,0,0,0,31,89,55,58,27,229,0
22,1,2,20,0.28,95,75,3,6,0,1,0,0,0,17,58,69,41,13,181,0
4,1,1,51,0.09,61,96,1,4,0,1,0,0,0,52,163,37,91,48,339,1
21,1,1,11,0.35,64,74,2,5,0,0,2,0,0,44,42,83,47,14,186,0
15,0,1,35,0.46,87,99,3,7,0,0,1,1,1,20,60,124,57,25,266,1
5,1,3,13,0.09,69,66,0,5,0,0,1,1,0,15,120,68,54,53,295,1
7,1,3,26,0.17,71,59,2,7,0,1,1,1,1,6,85,109,40,29,263,1
17,0,3,26,0.46,51,95,2,7,1,2,0,0,0,4,55,22,49,6,132,0
11,1,1,37,0.18,53,99,2,7,2,1,0,0,0,43,95,38,88,30,251,1
14,1,3,39,0.34,94,60,1,5,2,1,0,1,0,40,55,78,60,20,213,0
8,0,1,49,0.29,62,60,1,6,1,1,0,0,0,32,69,57,46,23,195,0
12,1,2,32,0.32,81,61,4,9,1,1,1,0,0,30,79,89,48,27,243,1
14,1,3,55,0.24,71,89,1,5,1,0,0,1,1,20,86,77,61,32,256,1
9,1,2,33,0.18,74,97,2,6,1,0,1,0,0,2,91,81,32,32,236,1
15,0,2,38,0.07,76,57,0,3,0,0,1,0,1,9,174,121,47,46,388,1
6,1,1,13,0.38,66,73,1,4,0,0,1,0,0,10,36,86,54,13,189,0
16,1,1,47,0.39,55,63,1,6,0,2,0,0,0,21,61,42,43,5,151,0
22,0,2,38,0.35,92,72,1,4,1,0,0,0,0,16,67,67,51,19,204,0
20,0,2,28,0.34,65,99,0,4,1,0,0,0,0,49,49,48,80,14,191,0
21,1,3,36,0.16,57,85,1,4,0,1,1,1,0,24,102,82,74,41,299,1
6,1,2,38,0.06,82,66,2,5,0,2,1,1,0,40,210,75,52,74,411,1
13,1,2,45,0.41,59,94,0,4,0,2,0,0,0,27,62,52,76,29,219,0
14,1,1,44,0.27,83,54,1,6,1,1,0,0,0,49,86,54,52,33,225,0
20,0,1,15,0.19,68,52,2,5,1,3,1,0,0,19,71,67,46,15,199,0
6,1,3,32,0.1,63,58,2,5,0,0,0,1,1,29,133,82,44,52,311,1
8,0,1,48,0.08,52,69,1,6,0,0,2,0,1,30,171,108,53,48,380,1
18,0,2,55,0.21,90,99,4,7,1,1,0,1,0,12,111,73,54,50,288,1
15,1,1,53,0.41,72,69,2,7,2,1,1,1,0,9,73,85,49,34,241,1
7,1,3,57,0.46,89,68,4,8,1,0,0,0,0,50,84,74,61,24,243,1
17,0,3,17,0.45,60,70,1,5,0,0,0,1,0,55,34,44,76,28,182,0
22,0,2,11,0.46,96,65,2,7,0,0,0,0,0,32,41,81,68,17,207,0
17,1,2,22,0.46,55,82,4,8,0,2,1,1,0,40,62,46,70,27,205,0
19,0,2,49,0.29,83,54,2,6,1,1,0,0,1,19,83,111,28,24,246,1
6,1,2,30,0.15,50,73,5,9,1,2,1,0,0,47,119,67,60,39,285,1
2,1,1,40,0.41,84,64,2,6,0,2,0,0,0,13,66,69,54,19,208,0
17,0,3,57,0.15,74,75,1,5,1,1,1,1,0,59,115,77,78,39,309,1
9,0,1,45,0.17,78,93,1,5,0,1,0,0,0,7,101,64,50,28,243,1
6,1,3,57,0.15,72,74,1,4,2,0,0,0,1,7,116,93,62,36,307,1
16,0,2,47,0.28,67,77,2,5,0,1,0,0,0,37,83,51,74,26,234,1
13,1,1,36,0.19,63,82,1,4,0,3,0,0,0,27,85,43,72,17,217,0
23,1,2,45,0.12,66,95,2,6,1,2,0,1,1,9,122,84,58,44,308,1
2,1,2,57,0.25,51,67,4,7,1,2,0,1,0,56,106,27,92,37,262,1
11,0,2,32,0.44,80,67,2,7,1,0,1,1,0,39,52,62,59,32,205,0
12,1,2,30,0.31,68,87,5,10,2,2,0,0,0,13,79,68,64,24,235,1
1,1,2,22,0.45,81,82,3,8,0,1,0,2,0,50,65,50,76,41,232,1
2,1,2,46,0.14,77,76,4,7,0,0,0,0,0,13,133,46,31,36,246,1
4,1,1,56,0.13,90,98,1,5,2,2,0,0,0,5,123,75,56,40,294,1
10,1,2,35,0.31,57,99,1,6,1,3,0,0,0,33,60,65,80,14,219,0
7,1,2,49,0.26,91,64,2,5,0,1,1,2,0,16,85,96,56,45,282,1
22,1,2,16,0.35,90,93,1,4,1,1,0,0,0,20,47,68,45,8,168,0
22,1,2,55,0.41,89,62,3,7,1,3,1,0,0,38,74,74,52,23,223,0
11,1,2,48,0.39,88,83,2,6,0,1,0,0,0,27,72,76,74,8,230,0
6,1,3,31,0.47,71,53,0,3,0,0,0,0,0,37,51,51,39,29,170,0
14,1,3,48,0.23,73,84,0,4,0,1,1,1,0,14,80,54,58,38,230,0
23,0,2,32,0.14,87,68,0,4,0,0,0,0,0,35,92,57,57,26,232,1
16,1,2,39,0.3,51,80,2,6,2,1,0,0,0,35,68,46,64,26,204,0
3,1,2,27,0.1,90,74,2,6,0,0,0,1,0,8,125,55,38,50,268,1
21,1,3,51,0.18,90,89,1,5,0,0,1,0,0,43,107,91,81,28,307,1
12,0,1,27,0.14,68,61,3,6,1,1,0,0,0,34,109,38,48,30,225,0
17,1,2,55,0.23,90,61,1,6,1,1,2,1,0,58,92,95,62,30,279,1
0,0,3,19,0.1,51,91,2,5,1,0,0,1,0,44,129,43,89,47,308,1
15,1,1,48,0.06,77,74,1,4,0,0,0,0,0,17,214,47,48,61,370,1
12,1,1,39,0.35,81,82,2,5,1,0,0,1,0,53,69,64,83,28,244,1
9,0,2,35,0.32,68,86,2,5,1,0,0,0,0,16,71,30,48,17,166,0
11,1,2,16,0.37,65,77,1,4,0,1,0,0,0,17,38,41,68,12,159,0
1,0,3,16,0.35,79,92,2,6,1,0,1,0,0,3,50,83,49,12,194,0
22,0,3,14,0.1,71,58,0,5,0,0,1,0,0,56,110,90,55,27,282,1
2,1,1,10,0.18,63,63,3,7,1,1,0,0,1,47,71,96,59,23,249,1
9,1,1,55,0.11,50,52,1,6,1,0,1,0,0,19,137,54,39,42,272,1
1,1,2,27,0.43,94,54,3,6,1,0,1,0,0,57,69,96,83,13,261,1
22,1,2,22,0.39,51,75,4,7,0,3,0,1,0,12,65,36,45,29,175,0
12,0,2,34,0.14,71,90,1,4,2,0,0,0,0,10,103,60,58,34,255,1
12,0,1,49,0.2,95,67,5,8,1,1,0,1,0,50,108,76,62,36,282,1
17,1,2,17,0.48,82,87,0,3,1,1,0,0,0,42,43,80,72,12,207,0
2,0,2,19,0.32,64,70,3,6,0,1,1,0,1,32,66,113,74,12,265,1
6,0,2,41,0.41,99,88,3,6,2,0,0,0,0,27,75,64,66,34,239,1
13,1,2,26,0.17,90,65,2,7,0,3,0,0,0,7,87,66,33,32,218,0
19,0,2,47,0.14,71,89,1,4,1,3,1,1,0,42,102,62,61,36,261,1
16,0,2,24,0.4,89,72,0,3,1,3,0,0,0,19,50,53,72,17,192,0
20,1,1,24,0.36,88,78,5,8,0,2,0,1,0,58,78,60,77,31,246,1
11,0,1,57,0.36,90,59,0,5,0,1,0,0,0,17,73,64,50,21,208,0
15,1,2,49,0.3,90,54,0,5,1,1,0,0,0,6,65,59,40,24,188,0
23,0,2,29,0.3,60,60,1,4,0,1,1,0,0,43,63,45,53,23,184,0
11,1,2,24,0.38,53,78,2,6,1,1,0,0,0,32,54,22,60,13,149,0
14,0,2,44,0.17,56,94,1,6,1,3,1,0,0,50,106,63,77,27,273,1
9,0,2,15,0.21,70,76,5,8,1,0,2,0,0,57,84,75,66,30,255,1
6,1,3,39,0.44,56,83,1,6,0,1,0,0,0,10,58,46,53,14,171,0
19,1,2,17,0.19,53,63,2,6,1,2,0,0,0,52,73,52,62,30,217,0
4,1,1,40,0.3,61,90,3,6,1,1,0,1,0,54,78,38,57,43,216,0
0,1,1,57,0.37,76,91,1,6,0,1,0,0,0,29,72,50,74,22,218,0
16,0,2,56,0.5,66,59,1,5,0,0,1,0,0,34,74,74,45,19,212,0
2,0,2,41,0.25,69,91,1,6,0,1,0,0,0,44,71,45,91,9,216,0
12,0,1,54,0.24,80,60,2,7,1,1,0,0,1,19,94,87,58,25,264,1
13,1,2,24,0.43,75,60,1,4,1,0,1,0,0,36,49,69,56,7,181,0
23,0,1,27,0.41,80,84,2,5,0,0,0,1,0,9,47,52,29,23,151,0
17,0,2,22,0.38,84,68,2,7,1,0,0,1,0,29,51,65,66,28,210,0
3,1,2,33,0.26,58,73,4,8,1,0,0,0,0,17,85,33,54,25,197,0
17,1,3,49,0.2,54,50,1,4,0,0,0,2,0,59,93,46,48,49,236,1
4,0,1,23,0.32,97,61,3,8,1,1,0,0,0,24,64,76,59,16,215,0
15,1,3,37,0.44,57,96,3,8,1,0,0,0,0,31,60,30,45,12,147,0
0,0,3,20,0.45,70,63,3,6,2,0,1,2,0,38,47,79,53,40,219,0
20,0,2,15,0.1,65,52,3,6,0,3,0,2,0,33,130,23,64,54,271,1
13,1,1,34,0.24,65,94,0,5,0,0,0,0,0,43,73,37,84,14,208,0
14,0,2,10,0.26,67,99,0,3,2,0,0,0,0,53,52,33,87,16,188,0
8,1,3,34,0.49,96,81,2,7,0,0,0,0,0,38,57,80,67,12,216,0
14,1,3,11,0.36,77,65,2,6,1,2,1,0,0,30,49,78,54,16,197,0
16,0,2,41,0.23,67,87,0,3,1,3,0,1,0,27,68,44,82,32,226,0
23,0,3,22,0.06,63,59,1,4,1,0,0,0,0,25,182,52,23,57,314,1
3,0,1,42,0.3,97,66,0,5,0,0,0,0,1,43,65,107,66,17,255,1
11,1,1,41,0.09,86,98,1,4,2,1,0,0,0,3,148,83,59,43,333,1
4,0,3,33,0.43,89,89,1,5,0,1,0,1,0,42,52,74,76,22,224,0
4,1,3,36,0.39,65,53,0,5,1,2,0,0,0,19,52,60,22,19,153,0
10,1,2,13,0.26,70,64,1,5,1,0,1,2,0,7,47,58,45,31,181,0
5,0,3,33,0.24,50,82,2,6,0,4,0,1,0,1,75,55,40,24,194,0
6,1,3,32,0.45,60,88,5,9,0,1,0,0,0,49,66,35,87,17,205,0
23,0,3,38,0.18,60,59,0,4,2,2,1,0,0,49,91,45,54,27,217,0
13,0,3,43,0.16,51,56,0,5,1,0,0,0,0,26,91,31,27,24,173,0
23,0,3,30,0.47,81,82,3,6,1,2,0,0,0,33,63,66,51,15,195,0
10,0,1,39,0.41,68,66,6,10,1,3,0,1,0,54,85,45,58,37,225,0
12,0,3,35,0.42,54,61,2,6,0,1,0,0,1,35,64,79,64,22,229,0
1,0,1,29,0.14,52,66,1,6,1,0,0,1,0,20,99,26,45,31,201,0
6,0,3,25,0.11,77,96,1,5,0,0,0,0,0,7,113,55,68,40,276,1
19,1,2,12,0.06,75,65,1,5,1,0,0,0,0,22,179,57,39,50,325,1
3,0,2,58,0.16,72,63,2,6,0,1,0,0,0,42,123,49,67,37,276,1
7,1,2,46,0.4,79,52,2,6,1,1,0,0,0,7,68,54,42,22,186,0
19,1,1,49,0.16,57,93,1,4,1,1,1,0,0,4,105,60,63,35,263,1
21,1,2,53,0.38,85,99,0,4,0,0,0,0,0,39,77,59,75,19,230,0
20,0,3,34,0.16,78,79,2,7,0,0,0,0,0,0,98,67,43,29,237,1
18,1,3,32,0.23,62,95,5,8,0,0,0,0,0,20,94,54,59,25,232,1
12,1,2,53,0.49,74,90,4,9,1,0,1,0,0,43,74,85,80,19,258,1
13,0,3,10,0.16,71,84,1,4,0,0,1,1,0,42,74,65,73,33,245,1
9,0,3,42,0.22,95,75,3,6,0,1,1,0,0,9,93,73,60,23,249,1
10,1,2,24,0.19,82,61,2,6,0,0,1,0,0,1,80,71,20,26,197,0
1,0,1,26,0.1,86,80,2,6,2,0,1,0,0,20,133,75,58,37,303,1
8,0,3,43,0.27,56,66,3,8,1,1,1,0,0,12,85,45,53,25,208,0
16,0,2,26,0.22,72,86,1,4,0,0,1,0,0,43,67,73,73,19,232,1
2,0,3,50,0.36,55,57,6,9,1,1,0,1,0,49,95,43,52,34,224,0
23,1,3,53,0.42,64,68,5,9,2,1,1,1,1,53,93,92,68,38,291,1
5,0,3,13,0.29,64,75,2,5,1,2,0,1,0,56,48,31,80,37,196,0
4,0,2,22,0.06,89,53,3,7,0,0,0,0,0,27,197,58,50,66,371,1
4,0,2,13,0.33,83,64,2,6,0,2,0,2,0,29,51,70,61,32,214,0
21,1,2,16,0.07,63,96,0,5,0,0,1,0,0,17,162,45,60,37,304,1
14,1,2,55,0.33,78,63,0,4,0,1,0,1,1,41,82,103,57,24,266,1
22,0,1,18,0.36,65,79,1,5,1,0,0,0,0,1,49,47,61,4,161,0
16,0,2,32,0.14,78,97,3,6,1,1,0,0,0,57,111,25,68,29,233,1
8,1,2,42,0.42,72,91,2,7,1,1,1,0,1,18,73,105,87,19,284,1
2,0,3,42,0.46,59,73,2,7,1,1,0,0,0,57,70,34,59,17,180,0
19,0,1,29,0.42,96,95,4,9,0,1,1,0,0,20,68,93,64,8,233,1
16,1,2,13,0.19,53,92,0,4,1,1,1,0,0,25,67,51,59,18,195,0
9,0,1,10,0.31,61,83,2,7,1,1,1,0,0,45,48,58,75,19,200,0
2,0,1,51,0.46,91,68,0,4,0,1,0,0,0,24,55,54,55,24,188,0
17,1,1,43,0.19,83,52,7,11,1,1,1,0,0,18,126,85,45,40,296,1
17,1,3,36,0.42,53,53,1,5,0,2,0,0,0,24,56,21,45,15,137,0
16,0,1,30,0.05,69,60,1,5,0,0,0,1,0,40,229,43,51,72,395,1
23,1,3,33,0.05,77,62,4,9,1,1,0,0,1,56,247,87,67,77,478,1
2,0,2,24,0.39,77,99,3,8,0,1,0,0,1,19,64,90,77,8,239,1
2,0,3,44,0.39,55,67,2,5,1,2,0,2,0,57,67,25,64,35,191,0
5,0,3,34,0.41,63,68,1,6,0,1,0,0,0,5,49,41,42,7,139,0
12,1,3,18,0.47,84,93,1,4,1,2,0,0,1,17,41,93,64,14,212,0
23,1,3,26,0.1,96,82,2,7,2,2,1,0,0,48,136,78,77,43,334,1
14,0,3,30,0.15,50,87,1,6,2,3,1,1,0,17,88,54,60,32,234,1
8,0,3,22,0.46,68,52,3,8,1,1,1,0,0,19,55,71,50,15,191,0
3,1,2,12,0.13,50,98,2,6,2,1,0,0,0,38,97,28,67,34,226,0
13,1,1,13,0.36,62,84,0,5,1,2,0,0,0,33,47,32,64,9,152,0
4,1,2,13,0.29,57,50,2,7,2,1,0,0,0,9,57,32,30,13,132,0
1,0,2,52,0.09,67,84,2,5,1,0,0,0,0,32,157,46,75,52,330,1
10,1,2,37,0.18,84,85,3,8,1,3,0,0,0,50,102,50,78,30,260,1
8,1,2,16,0.28,72,87,1,5,0,3,0,0,0,54,54,46,79,19,198,0
23,0,3,35,0.43,99,88,5,10,1,1,0,0,0,18,77,60,73,23,233,1
2,0,3,20,0.37,75,74,2,5,2,0,0,1,0,1,44,45,54,28,171,0
8,0,2,33,0.33,90,89,1,6,1,2,0,0,0,46,55,59,66,18,198,0
2,1,2,52,0.27,87,62,2,7,0,0,1,0,0,48,83,82,52,22,239,1
1,0,3,19,0.18,69,53,2,5,1,3,1,0,0,2,89,59,40,27,215,0
11,0,2,46,0.1,51,55,2,7,1,3,0,0,0,29,147,27,31,49,254,1
9,0,3,22,0.23,75,60,1,4,1,0,0,0,0,38,61,55,56,16,188,0
8,0,2,53,0.06,85,50,1,4,1,0,2,0,0,18,215,109,43,69,436,1
14,1,2,51,0.14,74,57,2,6,0,1,1,0,0,20,123,54,53,35,265,1
7,0,2,48,0.24,79,83,3,7,2,2,0,0,1,58,97,92,65,26,280,1
4,1,3,28,0.24,67,89,4,7,1,0,0,1,0,53,78,47,77,37,239,1
10,1,2,28,0.07,56,58,1,5,0,1,0,0,0,43,171,27,45,47,290,1
1,1,1,21,0.32,76,85,1,5,1,1,1,0,1,13,50,116,54,21,241,1
23,0,2,31,0.3,60,98,2,5,0,1,0,0,0,30,64,24,78,24,190,0
14,1,2,56,0.09,86,88,0,5,0,1,0,1,0,20,162,61,54,52,329,1
5,0,3,46,0.47,57,91,3,8,1,0,1,0,0,16,79,64,63,28,234,1
7,0,3,39,0.09,60,86,4,9,1,1,1,1,0,52,163,66,75,63,367,1
4,0,2,55,0.43,73,91,2,6,0,1,0,0,0,50,74,45,65,21,205,0
15,1,2,21,0.05,79,93,2,6,0,2,0,0,0,23,227,52,64,68,411,1
17,0,2,38,0.45,79,70,4,9,0,0,1,0,0,36,55,84,66,9,214,0
5,0,3,30,0.06,64,69,0,3,1,0,0,0,0,39,198,37,69,64,368,1
4,0,3,20,0.39,84,87,2,5,1,0,1,0,0,40,59,79,92,13,243,1
15,1,2,46,0.21,88,50,1,4,0,1,0,1,0,33,97,55,45,28,225,0
12,1,3,57,0.38,73,84,1,5,0,3,1,0,0,46,72,71,61,18,222,0
4,1,2,27,0.23,57,77,0,5,0,0,0,0,0,19,64,26,51,14,155,0
12,0,3,53,0.08,92,56,2,5,1,1,0,0,1,15,183,95,33,55,366,1
16,1,3,36,0.4,91,92,4,9,0,2,0,1,1,57,66,107,82,37,292,1
17,0,3,46,0.08,69,93,2,7,1,0,1,0,1,48,172,105,77,53,407,1
7,0,3,57,0.46,90,58,2,6,1,1,0,0,0,41,75,79,69,26,249,1
12,1,2,21,0.07,96,50,0,3,0,2,0,0,0,11,148,76,20,55,299,1
18,0,3,32,0.27,75,85,3,7,0,0,0,0,0,40,80,69,73,22,244,1
2,1,2,43,0.38,73,83,1,6,0,2,1,1,0,57,66,70,67,19,222,0
23,0,2,47,0.23,71,83,3,8,1,1,0,0,0,59,96,40,84,24,244,1
7,1,2,32,0.15,54,66,6,11,1,0,0,0,0,23,116,17,58,36,227,0
1,0,3,34,0.39,64,81,4,7,1,0,0,0,0,12,78,42,64,18,202,0
7,0,1,13,0.4,85,51,0,3,0,0,0,0,0,33,37,53,37,15,142,0
12,0,2,39,0.47,86,85,1,4,0,0,0,0,0,26,59,59,72,11,201,0
12,0,2,39,0.22,78,74,1,6,0,0,0,0,0,37,86,44,56,19,205,0
0,0,1,22,0.28,64,92,2,7,0,0,1,1,0,20,66,46,69,23,204,0
5,1,1,51,0.21,76,75,3,6,1,0,1,1,0,52,100,67,63,51,281,1
23,0,3,58,0.17,98,94,0,5,2,0,0,1,0,2,107,65,58,41,271,1
18,1,3,23,0.39,57,75,5,10,1,2,0,1,0,48,69,19,71,29,188,0
15,1,2,56,0.2,78,70,0,5,1,1,1,0,0,13,95,67,64,32,258,1
7,1,3,17,0.24,68,67,6,9,1,2,0,0,1,42,88,75,42,29,234,1
0,0,3,33,0.23,80,78,0,4,1,2,1,1,0,37,64,88,81,36,269,1
15,0,2,27,0.37,58,73,2,6,1,3,0,0,0,53,45,40,63,23,171,0
8,0,3,44,0.46,59,96,4,8,1,2,0,0,0,36,75,39,68,28,210,0
12,1,3,34,0.35,86,77,3,6,0,0,0,0,0,40,62,51,57,21,191,0
10,0,2,26,0.26,59,61,1,6,0,0,0,1,1,41,62,86,78,26,252,1
12,0,2,41,0.4,82,60,3,7,0,0,2,0,0,43,64,85,58,23,230,0
20,1,3,33,0.34,74,76,3,7,2,1,1,0,0,56,71,90,69,27,257,1
9,1,2,16,0.08,53,72,2,5,1,0,1,0,0,29,147,73,50,42,312,1
3,1,1,22,0.09,54,82,3,8,0,2,1,0,1,44,143,114,69,41,367,1
5,1,2,36,0.07,72,65,1,6,1,2,0,0,0,9,179,52,25,59,315,1
6,1,2,57,0.26,88,77,1,4,0,2,0,0,0,0,94,58,45,14,211,0
4,1,3,14,0.42,54,77,2,6,2,0,1,0,0,38,42,53,69,15,179,0
10,0,2,45,0.19,57,94,0,5,0,1,0,2,0,27,89,32,67,42,230,0
12,1,2,35,0.22,66,87,3,8,1,0,1,0,0,53,89,70,89,22,270,1
18,0,2,51,0.46,50,55,1,5,1,1,1,0,0,44,60,47,48,14,169,0
22,0,2,54,0.43,99,91,4,7,2,4,0,0,1,18,90,114,60,18,282,1
9,0,2,40,0.35,61,78,2,6,1,2,0,1,0,29,65,35,51,28,179,0
9,1,2,19,0.17,84,83,4,9,1,1,1,1,0,19,90,86,69,40,285,1
10,0,3,55,0.1,63,52,1,4,0,1,0,0,0,51,147,50,47,39,283,1
20,1,1,35,0.06,97,55,0,4,0,0,0,0,0,19,189,65,56,57,367,1
6,1,2,31,0.1,67,97,1,5,0,1,0,1,0,22,125,37,62,41,265,1
17,0,2,21,0.18,59,87,3,6,1,2,1,0,1,30,89,86,73,17,265,1
3,1,2,41,0.3,64,62,2,7,0,4,2,0,0,31,70,86,45,5,206,0
1,0,2,36,0.08,91,85,3,6,0,1,0,0,0,46,173,54,62,53,342,1
13,0,2,42,0.11,82,64,2,5,1,2,1,0,0,51,129,68,65,43,305,1
12,1,3,29,0.13,68,55,0,5,1,1,0,0,0,25,104,45,32,33,214,0
11,0,2,48,0.33,83,82,2,6,1,1,1,1,0,13,80,66,78,27,251,1
6,0,3,50,0.33,94,90,1,4,0,0,0,0,0,5,70,67,58,28,223,0
1,0,1,49,0.3,74,61,1,4,2,2,0,1,1,32,72,87,52,35,246,1
12,1,3,22,0.16,65,92,2,6,1,0,1,1,0,7,92,67,34,42,235,1
13,0,2,23,0.22,57,62,2,7,0,1,0,0,0,59,79,54,69,28,230,0
16,1,3,53,0.09,84,82,0,4,1,1,0,1,0,3,153,57,58,59,327,1
8,1,2,49,0.15,70,77,3,7,0,2,0,0,0,12,126,44,46,36,252,1
16,0,2,31,0.45,68,85,1,4,1,3,0,0,0,34,57,55,66,12,190,0
7,0,2,27,0.49,95,54,2,5,0,1,0,0,0,28,47,73,49,16,185,0
1,1,3,57,0.34,60,74,2,7,1,1,1,0,0,24,91,51,71,24,237,1
23,1,2,38,0.46,93,66,2,5,2,1,0,0,1,33,65,116,44,20,245,1
12,0,2,52,0.34,60,86,1,5,0,1,0,0,0,55,71,34,90,21,216,0
2,0,3,25,0.06,60,68,2,6,0,2,2,0,1,10,193,112,53,55,413,1
15,1,2,55,0.5,71,84,4,9,0,1,0,0,0,37,89,60,55,27,231,1
5,1,3,44,0.09,70,92,2,5,1,1,1,1,1,28,163,119,50,60,392,1
18,1,2,43,0.36,76,83,5,8,0,1,0,0,0,44,86,49,62,24,221,0
6,1,3,12,0.16,67,95,3,8,1,0,0,0,1,21,98,91,63,17,269,1
9,1,2,13,0.23,91,55,2,7,0,0,0,1,1,57,71,95,48,30,244,1
8,0,2,14,0.34,97,68,2,5,1,5,1,0,0,53,54,91,70,13,228,0
1,1,2,19,0.25,89,50,2,7,0,0,1,0,1,33,68,107,35,14,224,0
14,1,3,38,0.16,87,56,5,9,1,1,0,0,0,45,120,70,61,45,296,1
4,0,2,41,0.2,79,83,2,7,0,2,0,1,0,10,85,52,51,31,219,0
21,0,2,40,0.2,94,68,0,4,1,0,1,1,0,27,79,74,51,40,244,1
3,1,3,11,0.48,96,82,7,11,1,3,1,0,0,54,64,86,87,19,256,1
19,1,1,21,0.41,94,75,4,8,1,1,1,0,0,7,59,71,59,16,205,0
3,0,3,36,0.26,82,90,1,4,0,0,0,0,0,23,75,60,72,25,232,1
17,1,3,14,0.14,70,98,5,9,0,1,0,1,0,9,108,49,51,51,259,1
3,1,3,46,0.41,51,91,0,5,1,1,1,1,0,14,64,58,50,29,201,0
16,0,3,36,0.12,62,76,3,7,1,1,0,0,0,44,126,38,61,35,260,1
11,1,2,32,0.14,51,87,0,3,0,0,0,0,0,38,103,20,89,33,245,1
21,0,2,42,0.21,92,75,4,7,0,1,0,0,0,38,102,58,51,35,246,1
16,0,3,13,0.45,94,84,2,5,0,0,0,2,0,20,41,49,66,34,190,0
9,0,2,30,0.11,80,69,4,7,1,0,0,1,0,35,138,65,44,55,302,1
21,0,1,33,0.11,59,73,0,5,1,2,0,2,0,35,121,31,67,61,280,1
0,1,3,53,0.27,72,96,1,4,1,0,2,0,0,49,84,73,74,30,261,1
21,0,2,40,0.17,71,70,1,6,0,1,0,0,1,47,88,90,70,26,274,1
23,1,3,53,0.31,96,75,1,4,0,0,0,1,0,19,84,85,45,42,256,1
17,1,3,57,0.25,78,69,2,5,1,2,0,1,0,54,87,51,61,34,233,1
17,1,3,33,0.25,82,55,4,9,0,1,0,0,0,12,79,59,37,30,205,0
13,1,3,58,0.1,80,52,4,8,0,0,0,1,0,1,167,43,24,68,302,1
14,1,3,19,0.11,63,59,0,5,1,0,0,1,0,46,104,43,47,45,239,1
11,0,3,58,0.42,59,61,2,6,0,1,0,1,0,26,80,23,44,39,186,0
3,0,2,58,0.45,67,82,3,8,1,1,0,0,0,6,91,29,54,32,206,0
2,0,2,59,0.16,60,71,1,5,0,1,0,0,0,40,116,53,33,35,237,1
19,0,3,11,0.1,88,65,0,3,0,0,1,1,0,25,105,78,53,44,280,1
11,1,3,40,0.07,96,66,0,4,0,2,0,0,0,29,179,71,36,61,347,1
6,0,2,34,0.32,52,59,0,4,1,1,0,0,0,18,51,55,47,10,163,0
10,1,1,13,0.37,51,61,2,5,1,2,0,0,0,39,44,25,78,19,166,0
0,1,2,20,0.22,57,68,1,4,1,1,1,0,0,20,66,65,48,7,186,0
5,0,1,26,0.36,80,89,1,5,0,0,0,0,0,57,50,44,83,12,189,0
14,0,3,53,0.37,57,72,1,5,0,1,0,0,0,25,78,32,44,24,178,0
14,0,3,11,0.47,92,89,1,6,0,0,0,0,0,9,35,70,55,10,170,0
18,0,1,15,0.08,97,59,4,7,2,0,1,0,0,35,158,83,36,52,329,1
10,1,2,18,0.14,51,59,1,4,0,1,1,0,0,43,91,52,68,19,230,0
22,1,1,14,0.08,71,99,1,4,1,0,1,1,0,26,146,59,60,56,321,1
1,0,3,29,0.44,54,59,1,6,1,0,0,0,0,7,46,32,37,9,124,0
13,1,2,38,0.41,56,88,1,6,0,0,1,1,0,25,51,54,82,29,216,0
1,1,2,30,0.31,69,79,3,7,1,1,1,0,0,0,75,71,45,16,207,0
3,1,2,18,0.09,77,53,2,7,0,2,0,0,0,22,132,53,41,41,267,1
16,0,1,37,0.17,62,50,2,7,0,1,0,0,0,8,93,43,37,34,207,0
2,1,2,17,0.18,51,92,3,8,0,3,0,1,0,30,85,41,84,32,242,1
12,0,1,40,0.3,81,68,2,5,1,2,1,0,0,6,76,88,40,22,226,0
8,0,2,29,0.17,75,54,1,5,0,1,0,0,0,8,92,28,52,27,199,0
6,1,1,36,0.08,52,79,3,8,0,0,0,1,0,6,169,54,54,58,335,1
14,1,2,17,0.38,90,75,0,5,0,1,0,0,0,27,40,61,65,11,177,0
22,0,3,30,0.18,91,89,4,9,0,0,0,0,0,33,96,85,78,20,279,1
10,1,3,37,0.25,62,83,3,6,1,1,0,0,0,52,92,48,77,30,247,1
19,1,3,32,0.11,70,51,3,7,0,0,1,0,0,51,137,72,53,39,301,1
1,0,3,15,0.41,94,73,1,5,2,1,0,0,0,15,32,60,49,8,149,0
14,0,1,12,0.3,86,63,2,7,1,3,0,2,0,9,60,53,34,42,189,0
13,0,1,14,0.46,72,90,4,8,1,1,1,0,1,23,50,121,55,11,237,1
19,0,2,18,0.27,56,91,3,6,0,1,1,0,0,9,71,59,54,21,205,0
21,1,3,16,0.47,66,62,1,6,0,2,1,0,0,45,41,76,56,0,173,0
10,1,3,13,0.45,77,78,0,4,1,1,0,0,0,28,37,46,54,21,158,0
2,0,1,48,0.31,96,50,1,6,0,1,0,2,0,24,80,62,31,50,223,0
16,0,2,14,0.47,79,95,0,3,1,1,0,2,0,40,34,22,83,28,167,0
11,0,2,20,0.2,54,83,5,10,0,0,0,1,0,29,94,18,81,47,240,1
23,1,3,24,0.21,73,53,2,5,2,0,0,0,0,50,72,53,76,23,224,0
20,0,2,43,0.07,56,77,2,7,0,2,0,1,0,18,203,23,61,59,346,1
14,1,1,22,0.32,83,68,2,7,0,0,0,0,0,52,55,65,51,12,183,0
15,0,2,57,0.37,99,50,0,4,1,2,1,0,0,30,74,86,63,24,247,1
4,0,2,16,0.4,91,85,1,5,0,2,0,0,1,29,43,99,71,10,223,0
19,0,3,49,0.12,82,92,0,3,0,0,0,0,0,33,124,52,81,34,291,1
5,1,1,15,0.25,76,62,2,5,0,1,0,1,0,27,56,59,64,28,207,0
18,1,3,48,0.13,63,99,5,8,0,1,0,1,0,51,140,56,100,56,352,1
4,1,2,59,0.35,68,91,1,5,0,0,1,1,0,18,76,45,64,28,213,0
2,0,3,39,0.12,97,54,1,6,0,0,1,0,1,10,111,131,28,43,313,1
0,1,3,31,0.46,87,82,3,6,1,2,1,0,0,27,59,86,75,16,236,1
5,1,1,34,0.15,61,63,1,6,0,2,0,1,0,5,107,43,5,41,196,0
14,0,1,37,0.18,52,65,1,6,0,1,0,0,0,16,87,36,37,25,185,0
1,0,3,29,0.43,56,81,1,5,1,1,0,0,0,36,53,42,84,9,188,0
2,1,1,48,0.26,84,99,2,6,0,1,1,0,0,26,89,91,65,23,268,1
16,1,3,12,0.06,74,76,3,8,0,2,0,0,0,42,195,52,83,51,381,1
23,1,3,14,0.27,98,84,2,5,1,3,0,1,0,35,59,52,60,20,191,0
11,1,3,10,0.09,64,52,2,6,1,1,0,0,0,0,133,44,18,34,229,0
17,0,2,24,0.49,68,53,3,8,0,1,1,0,0,15,57,58,41,15,171,0
14,0,2,35,0.31,68,56,2,6,2,4,0,0,1,3,78,76,43,18,215,0
11,0,2,12,0.17,72,62,2,7,1,0,1,0,0,46,74,67,55,19,215,0
15,1,1,49,0.3,60,90,4,8,0,3,0,0,0,22,97,41,68,29,235,1
7,1,3,50,0.08,70,52,1,4,2,1,0,0,1,31,171,82,50,47,350,1
13,0,3,56,0.41,83,66,3,6,0,0,0,2,0,2,81,72,43,44,240,1
16,0,2,51,0.47,88,96,4,8,2,1,1,1,0,43,81,79,108,42,310,1
20,1,3,43,0.44,56,59,2,6,0,3,1,0,0,20,76,71,39,20,206,0
7,1,1,14,0.2,91,96,3,7,0,0,0,1,0,23,75,57,73,31,236,1
14,0,2,40,0.2,93,50,2,5,1,0,0,1,0,14,96,82,30,40,248,1
13,0,3,22,0.07,76,77,2,6,0,2,0,0,0,10,171,43,40,56,310,1
17,0,3,52,0.34,99,59,3,6,0,0,2,0,0,2,92,116,35,25,268,1
19,1,2,10,0.29,72,56,3,7,1,0,1,1,0,18,56,85,26,22,189,0
6,1,3,31,0.26,87,88,4,8,0,3,0,0,0,42,88,59,78,29,254,1
2,1,2,24,0.46,69,52,2,7,2,0,0,0,0,7,49,43,38,18,148,0
11,1,2,35,0.13,76,56,1,4,0,1,0,1,0,50,111,55,53,39,258,1
20,1,2,27,0.05,57,58,3,7,1,0,1,0,0,33,230,60,49,70,409,1
23,1,3,57,0.08,86,89,1,4,0,0,1,1,0,33,170,73,82,67,392,1
2,0,1,18,0.15,52,84,1,6,1,0,0,1,0,43,86,32,69,43,230,0
19,0,2,10,0.06,51,75,1,4,0,0,2,1,0,39,179,87,54,69,389,1
13,1,2,52,0.28,71,54,3,6,1,1,0,0,0,37,84,38,44,27,193,0
14,0,3,18,0.19,55,62,2,5,0,2,0,2,0,25,78,54,60,41,233,1
13,1,2,32,0.13,88,94,1,4,0,0,1,0,0,2,108,70,75,31,284,1
6,0,2,52,0.39,89,79,0,3,0,2,1,1,0,31,62,90,64,27,243,1
16,1,1,54,0.14,85,89,0,3,0,4,1,0,0,42,119,94,76,36,325,1
11,0,2,11,0.36,93,99,2,5,0,1,1,0,0,47,46,78,80,17,221,0
19,0,3,23,0.21,73,88,1,5,1,0,0,0,0,42,66,58,71,18,213,0
3,1,2,47,0.28,61,59,2,6,0,3,0,0,0,9,87,41,29,24,181,0
8,1,3,49,0.47,66,91,2,5,0,0,1,0,0,9,60,50,59,21,190,0
5,0,1,27,0.07,71,72,1,4,1,1,0,0,0,48,161,51,64,42,318,1
15,0,3,25,0.28,68,60,5,9,1,0,1,0,0,10,73,62,25,24,184,0
21,1,2,38,0.43,58,61,0,5,2,3,0,0,0,53,54,47,65,16,182,0
21,0,1,53,0.31,61,62,4,8,2,2,1,0,0,13,97,64,31,28,220,0
20,1,2,20,0.17,81,89,3,8,0,1,1,0,0,30,85,93,37,21,236,1
20,1,3,15,0.23,80,98,3,6,2,2,1,0,0,8,72,76,61,19,228,0
1,0,3,12,0.36,66,95,0,3,0,1,1,1,0,47,44,68,73,25,210,0
23,1,2,23,0.45,72,98,5,9,2,2,0,0,0,5,62,56,55,18,191,0
7,0,3,11,0.07,59,65,2,6,1,1,0,0,0,48,154,66,70,50,340,1
10,0,1,41,0.08,79,58,0,4,1,2,2,0,1,53,169,143,44,54,410,1
12,1,1,40,0.2,68,59,1,4,1,2,1,0,0,56,88,63,77,20,248,1
16,0,2,20,0.15,75,78,4,8,1,3,1,0,0,53,96,71,77,17,261,1
7,1,2,31,0.17,75,58,2,6,1,1,0,0,0,34,91,37,62,28,218,0
20,1,3,12,0.15,60,82,5,10,0,0,0,0,1,33,88,76,55,24,243,1
17,1,2,59,0.14,69,73,5,8,0,2,1,0,0,42,138,48,85,40,311,1
17,0,1,40,0.11,94,84,2,5,1,2,1,0,1,55,133,131,73,39,376,1
13,1,2,42,0.47,53,60,2,5,0,0,0,0,0,17,66,23,41,15,145,0
14,0,1,33,0.11,96,88,2,6,1,0,0,0,0,22,118,64,66,36,284,1
5,1,1,10,0.14,61,99,3,6,1,1,0,0,0,29,96,36,75,30,237,1
10,1,2,53,0.16,74,62,2,6,0,1,0,1,0,2,112,49,43,40,244,1
12,1,2,24,0.47,59,72,0,5,1,0,0,0,0,14,42,50,52,13,157,0
0,0,2,46,0.39,71,74,1,4,1,1,0,1,0,36,74,52,44,26,196,0
5,0,2,36,0.41,56,99,2,7,2,3,1,1,0,42,67,50,88,28,233,1
8,1,1,47,0.1,73,65,2,7,0,1,2,1,0,2,147,64,45,52,308,1
7,1,1,57,0.43,51,97,1,4,2,0,0,0,0,14,72,33,54,28,187,0
10,0,2,36,0.23,81,70,5,8,2,1,0,0,0,2,92,60,30,28,210,0
21,0,1,53,0.17,70,59,0,4,1,0,0,0,0,28,94,41,53,33,221,0
18,0,2,21,0.31,56,90,2,7,1,0,0,1,0,30,54,46,72,26,198,0
23,1,1,12,0.42,57,89,1,6,1,2,0,0,0,6,42,40,67,9,158,0
8,0,2,39,0.4,87,68,2,6,0,4,0,0,0,6,64,72,55,18,209,0
16,1,1,41,0.45,70,84,1,4,1,1,0,0,0,54,51,56,96,10,213,0
11,0,1,32,0.47,57,77,3,8,1,2,0,0,0,10,58,40,45,16,159,0
13,1,2,11,0.16,74,90,3,7,2,2,0,1,0,47,92,50,66,44,252,1
14,1,3,16,0.24,77,51,0,5,1,0,0,0,0,27,52,34,29,18,133,0
15,1,1,43,0.06,77,79,1,6,1,1,1,0,0,59,198,56,69,62,385,1
21,0,2,41,0.45,80,89,1,5,1,0,1,0,0,35,61,64,80,22,227,0
21,0,3,48,0.12,85,99,2,7,0,1,0,0,0,42,132,62,64,39,297,1
19,0,2,41,0.44,74,89,7,11,0,1,0,0,0,45,87,57,61,25,230,0
0,1,3,52,0.2,90,54,2,6,1,2,0,0,0,39,103,57,44,30,234,1
9,1,1,52,0.22,86,87,3,8,0,1,0,1,0,24,103,69,66,44,282,1
7,0,3,23,0.07,87,91,3,8,0,1,1,1,0,16,176,97,69,61,403,1
17,1,2,12,0.2,61,64,1,4,1,0,0,0,0,54,71,50,64,16,201,0
0,1,2,55,0.45,86,85,0,3,1,1,0,1,0,55,67,64,70,27,228,0
1,1,3,41,0.06,86,52,1,6,1,1,0,0,0,49,204,54,64,72,394,1
0,0,2,52,0.23,80,73,1,4,1,1,0,0,0,37,90,43,58,31,222,0
0,1,2,45,0.06,67,90,1,4,0,0,1,0,0,59,208,57,55,59,379,1
8,0,3,26,0.22,75,97,1,5,0,0,1,0,0,20,73,87,75,12,247,1
12,0,2,57,0.13,55,97,5,10,1,0,1,0,0,51,147,56,90,46,339,1
0,0,1,12,0.16,58,96,5,8,1,3,1,0,1,19,104,111,77,34,326,1
12,0,2,19,0.44,60,90,2,5,1,0,0,0,0,9,42,19,49,19,129,0
19,0,1,56,0.25,80,98,3,6,0,2,0,0,0,5,103,48,64,31,246,1
21,1,3,49,0.17,95,61,3,8,1,0,1,0,0,11,110,75,54,31,270,1
6,0,3,27,0.32,51,57,2,6,1,1,1,0,0,16,62,53,54,23,192,0
1,0,2,12,0.11,78,63,0,5,0,3,0,0,0,44,106,63,54,35,258,1
5,0,2,48,0.17,95,67,2,6,0,1,0,0,0,32,110,79,44,37,270,1
6,1,1,19,0.3,91,93,2,5,1,0,0,2,0,35,58,59,60,31,208,0
13,1,1,18,0.16,54,95,2,7,0,1,1,1,0,47,86,67,49,42,244,1
17,1,3,55,0.36,72,69,2,6,0,0,0,0,0,18,76,50,50,23,199,0
14,1,1,55,0.27,85,72,3,6,0,0,1,0,0,4,102,75,30,30,237,1
1,0,2,20,0.4,56,54,2,5,0,0,0,0,0,44,51,46,66,12,175,0
9,0,3,42,0.48,62,50,3,8,0,3,1,1,0,41,71,58,36,37,202,0
22,1,3,45,0.1,91,94,1,5,0,1,0,0,1,57,147,105,86,37,375,1
11,1,2,35,0.2,59,95,2,5,0,2,0,0,0,28,86,31,52,16,185,0
16,1,2,36,0.19,85,51,5,8,1,0,0,1,0,36,100,44,56,32,232,1
7,1,2,47,0.12,65,65,0,3,0,0,0,0,0,47,117,44,78,40,279,1
10,0,3,31,0.41,64,54,1,5,1,3,0,0,0,29,48,36,56,12,152,0
2,1,2,35,0.39,92,71,3,7,1,1,0,1,0,0,77,77,52,20,226,0
5,1,2,31,0.27,68,50,1,4,0,2,1,1,1,11,64,120,44,27,255,1
8,1,1,14,0.29,70,61,2,6,0,1,1,0,1,14,46,98,55,19,218,0
5,1,1,44,0.08,84,68,3,6,1,0,0,1,0,4,168,57,38,54,317,1
8,1,2,11,0.3,64,71,1,4,0,1,0,0,0,37,57,60,37,18,172,0
6,1,3,44,0.41,97,91,2,6,0,2,0,0,0,10,71,71,61,16,219,0
8,1,3,18,0.31,63,93,5,9,1,4,0,0,0,19,76,43,63,32,214,0
17,0,3,58,0.17,78,97,3,8,0,0,1,0,0,28,113,69,79,30,291,1
11,0,2,27,0.35,54,66,1,6,1,1,0,0,0,13,60,40,56,11,167,0
7,0,3,52,0.21,98,62,3,7,2,0,0,0,0,25,97,74,54,29,254,1
7,0,3,21,0.3,67,88,4,8,0,0,0,1,0,33,68,45,46,28,187,0
17,0,2,12,0.27,50,77,3,7,0,1,0,0,0,9,63,50,34,15,162,0
19,0,2,27,0.22,76,52,2,6,1,2,0,0,0,26,77,61,43,26,207,0
14,1,2,47,0.37,76,54,4,7,2,0,0,0,0,56,85,64,67,25,241,1
6,1,3,16,0.45,74,85,3,6,0,2,0,0,1,43,46,96,64,10,216,0
10,0,2,42,0.05,90,64,0,5,0,1,0,0,1,40,232,103,54,65,454,1
19,1,3,15,0.47,70,66,2,6,0,0,1,0,0,40,37,76,69,6,188,0
15,0,2,27,0.28,63,93,1,6,0,1,0,0,0,24,69,52,67,20,208,0
3,1,3,54,0.37,69,95,3,7,0,1,1,0,0,9,84,62,75,24,245,1
5,1,2,31,0.44,77,78,1,5,0,1,0,1,0,38,47,51,65,21,184,0
21,1,3,48,0.26,70,53,1,5,1,0,0,1,0,59,90,44,57,35,226,0
2,1,2,18,0.43,72,81,1,4,2,0,0,0,0,31,40,65,50,6,161,0
8,1,3,44,0.13,60,98,0,5,1,1,0,0,0,33,115,55,63,35,268,1
9,1,2,32,0.12,51,92,0,4,1,0,0,0,0,22,106,41,59,27,233,1
13,0,2,21,0.35,69,87,2,7,0,1,0,0,0,32,55,69,86,29,239,1
10,0,2,33,0.44,73,53,3,8,0,3,0,0,0,31,67,45,71,19,202,0
17,1,2,59,0.45,74,62,1,4,1,2,0,0,1,21,73,98,44,20,235,1
21,0,2,49,0.34,86,69,3,6,1,2,0,0,1,21,86,90,64,29,269,1
11,1,2,18,0.29,71,96,3,7,1,2,0,1,0,52,69,38,90,33,230,0
22,0,3,22,0.2,73,67,1,6,0,1,0,0,0,22,67,38,45,12,162,0
11,1,2,49,0.49,64,98,3,6,1,3,1,0,0,18,66,47,57,23,193,0
12,0,2,51,0.19,61,91,1,6,0,2,1,1,0,22,96,61,69,34,260,1
12,1,2,26,0.38,95,86,2,7,0,3,1,0,0,21,61,85,48,15,209,0
18,0,2,16,0.29,80,61,3,7,0,0,0,1,0,29,59,68,74,24,225,0
18,1,3,26,0.32,92,74,1,6,1,0,0,0,0,18,62,64,56,17,199,0
22,0,2,59,0.23,80,79,6,9,0,1,1,1,0,21,123,75,68,52,318,1
13,1,3,33,0.48,79,64,5,9,2,0,0,0,0,0,75,72,36,17,200,0
3,1,2,11,0.31,90,85,2,6,1,2,1,0,0,33,50,93,81,12,236,1
12,1,1,44,0.47,69,57,1,5,1,1,0,0,0,59,58,48,76,16,198,0
7,0,3,37,0.05,57,77,1,4,2,0,0,0,0,25,233,30,62,72,397,1
22,0,2,28,0.31,93,71,1,5,0,0,1,0,0,3,59,72,26,19,176,0
20,0,1,42,0.37,79,98,0,5,1,3,0,2,1,47,60,92,70,37,259,1
22,1,2,30,0.39,84,87,2,6,1,0,0,0,1,44,60,116,79,13,268,1
18,0,3,19,0.46,70,65,1,4,0,1,2,0,0,11,40,77,56,12,185,0
11,1,2,55,0.05,96,54,1,4,1,1,0,0,1,27,247,87,53,84,471,1
17,0,2,54,0.05,89,95,3,7,0,0,0,1,0,36,263,47,81,85,476,1
5,0,2,18,0.26,77,83,1,6,0,0,1,1,0,2,53,72,60,31,216,0
17,0,2,47,0.06,88,98,4,7,2,1,1,0,1,27,223,125,76,68,492,1
18,0,3,15,0.49,66,87,2,5,1,0,0,0,0,28,50,58,71,17,196,0
21,1,2,51,0.15,61,60,1,4,0,1,0,1,1,19,111,94,61,41,307,1
4,0,2,44,0.26,99,51,0,4,2,1,0,0,1,1,78,101,30,14,223,0
23,0,3,27,0.08,67,74,2,5,0,0,0,0,1,55,153,84,88,49,374,1
8,1,2,28,0.28,96,74,0,3,1,1,0,0,0,36,53,74,41,8,176,0
2,1,2,14,0.22,77,50,2,5,2,1,0,0,0,0,75,50,28,23,176,0
9,0,2,34,0.07,52,80,1,5,1,1,0,0,0,45,170,27,65,45,307,1
18,0,2,20,0.2,64,54,0,3,1,3,0,0,0,46,66,38,63,25,192,0
2,1,2,19,0.23,65,89,1,4,1,2,0,0,0,35,71,60,62,18,211,0
21,1,2,26,0.5,71,53,1,5,1,2,0,0,1,43,40,82,46,13,181,0
14,1,2,45,0.14,98,54,2,6,0,3,0,0,0,41,120,58,41,27,246,1
0,0,2,35,0.3,80,54,2,7,0,0,0,0,0,17,73,59,46,15,193,0
6,0,2,40,0.49,80,65,0,3,0,0,0,0,0,8,52,58,47,11,168,0
11,0,1,41,0.41,50,67,1,5,1,2,0,0,0,36,71,17,65,22,175,0
16,1,2,30,0.5,60,92,4,9,1,0,0,0,0,53,65,49,77,23,214,0
20,1,3,27,0.49,55,66,1,4,1,0,0,0,0,24,47,35,55,12,149,0
23,1,2,27,0.27,72,84,0,4,1,1,0,0,0,40,54,67,63,9,193,0
19,0,3,10,0.36,58,67,2,6,1,0,1,0,0,18,45,55,52,10,162,0
4,1,2,23,0.1,65,53,3,6,1,1,0,1,0,24,136,47,57,51,291,1
3,0,3,17,0.25,87,80,5,8,0,0,2,0,0,51,82,108,72,28,290,1
11,1,3,11,0.41,93,80,3,8,0,2,2,1,0,48,51,112,67,28,258,1
19,0,1,24,0.28,68,58,2,5,0,1,1,0,0,14,56,61,40,16,173,0
23,0,2,43,0.37,94,80,4,7,1,1,0,0,0,45,81,55,74,29,239,1
17,1,2,45,0.39,62,54,0,3,0,1,1,0,1,55,57,108,66,23,254,1
16,0,2,10,0.16,81,85,0,4,1,0,1,1,0,49,63,75,74,32,244,1
18,1,1,30,0.44,85,65,0,5,0,2,1,0,0,25,43,91,50,3,187,0
8,0,3,51,0.26,58,91,1,6,0,1,0,0,0,45,82,44,86,12,224,0
3,1,1,10,0.14,95,90,0,5,1,2,0,0,0,19,74,71,60,18,223,0
20,1,2,41,0.44,95,65,4,8,0,4,0,0,1,2,75,96,41,15,227,0
1,0,2,29,0.24,98,69,2,5,1,1,0,0,0,24,78,77,51,32,238,1
3,1,2,56,0.39,86,79,4,8,2,1,0,0,0,20,92,71,56,28,247,1
1,0,3,45,0.3,80,75,4,9,1,0,0,0,0,33,87,57,64,22,230,0
14,1,3,48,0.22,80,98,0,3,1,0,0,1,0,51,88,53,87,39,267,1
1,1,2,39,0.41,68,80,1,4,1,1,1,0,1,52,57,110,70,8,245,1
3,1,2,16,0.31,51,99,1,6,0,0,0,0,0,37,57,26,85,22,190,0
5,1,2,31,0.23,94,64,3,6,1,1,0,2,0,23,84,42,47,51,224,0
6,0,3,59,0.1,81,90,1,5,0,1,1,0,0,40,156,48,71,44,319,1
9,1,1,54,0.45,92,87,3,8,0,0,0,0,0,24,78,51,71,22,222,0
18,1,2,19,0.07,83,87,2,6,0,0,1,0,1,0,166,114,58,46,384,1
18,0,3,17,0.44,50,92,2,5,1,1,0,0,0,28,46,49,70,15,180,0
21,0,2,36,0.21,70,69,1,6,1,0,1,0,0,31,80,69,57,21,227,0
11,0,3,19,0.34,52,84,0,3,1,2,1,0,0,46,42,62,71,13,188,0
2,0,1,23,0.46,76,72,1,6,0,1,1,0,0,0,38,72,42,12,164,0
12,0,3,55,0.12,93,93,1,6,0,0,0,0,0,34,129,58,66,32,285,1
17,0,1,20,0.31,56,96,1,6,1,0,1,1,0,55,47,55,114,32,248,1
7,1,2,15,0.39,82,88,7,12,1,1,0,1,0,15,64,50,67,33,214,0
20,0,2,30,0.39,58,74,2,7,0,3,0,1,0,31,60,29,55,27,171,0
14,1,3,42,0.29,79,99,3,6,0,3,1,1,0,46,79,82,87,28,276,1
0,0,2,28,0.33,67,71,4,9,1,3,0,0,0,14,78,44,32,24,178,0
2,1,1,48,0.39,75,96,2,6,0,2,0,0,1,4,70,83,55,27,235,1
7,1,2,33,0.43,69,57,1,6,1,3,1,0,0,9,50,70,52,5,177,0
3,1,2,27,0.39,87,58,0,4,1,0,0,0,0,21,52,70,66,11,199,0
15,0,2,44,0.21,90,64,2,5,0,0,1,0,1,42,95,114,53,28,290,1
22,0,3,52,0.5,80,97,2,7,0,1,1,0,1,7,76,125,66,30,297,1
9,0,2,46,0.25,57,69,2,7,1,1,0,0,0,14,85,41,43,25,194,0
11,0,2,28,0.06,72,84,6,10,0,0,0,0,0,19,210,59,70,61,400,1
13,1,1,33,0.21,99,86,1,6,0,2,0,0,0,24,82,82,48,26,238,1
13,0,2,43,0.11,74,52,4,7,1,2,0,0,0,11,149,39,40,49,277,1
1,1,2,31,0.1,96,83,2,5,1,0,0,0,1,25,133,91,49,40,313,1
22,1,2,13,0.18,50,83,0,5,1,1,0,0,0,3,73,28,50,18,169,0
4,0,1,19,0.07,95,85,4,8,1,1,1,2,0,25,180,82,60,78,400,1
4,0,2,11,0.36,67,84,2,5,2,2,2,1,0,59,46,89,80,28,243,1
5,0,3,17,0.08,68,58,2,7,0,1,0,0,0,9,151,50,53,53,307,1
12,1,2,42,0.14,91,79,3,7,1,0,0,1,0,47,115,84,76,45,320,1
8,0,2,47,0.09,55,75,1,5,1,0,0,0,0,14,154,17,53,44,268,1
21,1,3,52,0.08,66,61,0,3,0,0,0,0,0,4,159,48,39,44,290,1
14,0,3,37,0.17,95,73,0,5,0,1,0,0,0,31,89,75,61,23,248,1
13,1,2,19,0.31,94,90,4,7,1,3,1,0,0,31,68,74,78,14,234,1
23,0,2,54,0.48,57,68,3,7,0,0,0,0,0,21,80,35,55,25,195,0
6,0,3,10,0.44,91,93,1,4,1,2,0,0,0,21,34,75,80,21,210,0
19,1,1,43,0.44,58,65,0,5,1,0,0,0,0,11,52,25,35,27,139,0
1,0,2,12,0.13,86,75,0,3,1,1,0,0,0,10,96,65,49,22,232,1
6,0,2,18,0.17,76,72,1,5,1,3,0,0,0,23,73,66,54,24,217,0
5,0,2,14,0.08,85,82,0,3,1,1,1,1,1,42,130,98,67,48,343,1
16,0,2,51,0.4,55,91,2,6,1,2,0,0,1,44,75,72,76,21,244,1
1,0,3,19,0.08,55,79,1,5,1,0,0,2,0,40,144,54,72,64,334,1
2,0,1,21,0.3,94,72,3,7,1,1,0,2,0,15,66,70,41,48,225,0
4,0,2,27,0.16,53,59,3,6,1,2,1,0,0,15,102,59,20,34,215,0
4,1,2,30,0.16,71,85,0,5,0,1,0,0,0,0,81,59,55,28,223,0
0,1,2,30,0.5,89,80,3,7,1,0,0,0,0,50,65,51,65,13,194,0
7,0,3,10,0.39,76,92,2,5,0,2,0,0,0,22,41,49,54,14,158,0
11,0,2,12,0.43,86,71,2,6,1,2,0,0,0,27,35,58,54,10,157,0
23,0,3,14,0.31,51,92,2,5,0,2,2,0,1,31,55,118,87,23,283,1
3,1,2,34,0.44,58,92,5,9,1,0,0,0,0,50,74,35,96,16,221,0
12,1,2,58,0.34,60,87,4,7,2,0,1,0,0,52,96,42,76,21,235,1
22,0,3,17,0.48,69,96,2,6,1,1,1,0,0,35,48,72,61,17,198,0
14,1,2,26,0.18,92,51,5,9,1,1,0,0,0,36,107,56,58,37,258,1
10,0,1,18,0.32,88,72,1,5,1,1,1,1,0,2,46,83,64,25,218,0
9,0,3,41,0.36,63,84,1,6,0,0,1,0,0,50,53,64,93,25,235,1
2,0,2,15,0.23,75,86,2,5,0,0,0,0,0,12,63,45,57,14,179,0
21,0,3,58,0.45,87,81,2,7,0,2,1,0,0,27,75,72,67,20,234,1
13,1,3,49,0.49,79,92,0,3,0,1,0,0,0,27,58,76,73,8,215,0
15,1,2,30,0.27,85,61,2,6,2,1,0,1,1,57,63,115,67,26,271,1
9,0,2,16,0.23,87,84,1,4,0,0,0,0,0,44,59,60,66,14,199,0
9,1,2,16,0.26,84,90,2,5,1,1,1,0,0,23,57,88,55,18,218,0
11,1,2,56,0.43,55,52,0,4,2,0,0,1,1,50,62,84,65,31,242,1
8,0,3,48,0.34,52,83,3,7,1,0,2,0,1,12,74,124,58,20,276,1
0,1,3,36,0.07,50,87,3,7,0,0,0,1,0,23,184,36,68,70,358,1
4,0,2,17,0.29,67,73,2,5,0,2,1,1,0,4,63,75,41,29,208,0
19,0,1,18,0.06,72,87,0,4,0,1,1,1,0,16,179,80,54,78,391,1
7,0,2,37,0.4,81,66,1,5,1,0,1,1,1,49,50,125,47,23,245,1
10,0,2,24,0.2,78,89,3,6,0,1,0,0,0,11,92,35,40,32,199,0
11,1,3,11,0.26,72,50,1,6,1,0,0,0,0,54,43,50,67,4,164,0
0,0,1,16,0.41,85,57,4,7,1,1,1,0,0,48,56,98,76,25,255,1
21,1,3,56,0.07,55,64,1,4,0,2,2,0,0,17,189,85,47,55,376,1
19,0,2,27,0.12,66,99,1,4,0,1,0,0,0,32,106,35,76,40,257,1
10,0,3,31,0.23,67,94,2,6,1,0,0,1,0,57,75,30,77,30,212,0
4,1,2,59,0.15,80,74,2,5,0,0,0,0,0,30,126,57,48,35,266,1
14,0,2,19,0.2,55,57,2,7,1,1,1,0,0,54,74,37,55,24,190,0
4,1,2,59,0.5,83,81,3,6,1,1,1,0,0,33,86,81,80,26,273,1
11,1,3,42,0.42,93,99,3,6,0,0,1,1,1,29,83,124,95,26,328,1
4,0,2,16,0.45,93,62,2,6,2,2,0,0,1,44,48,97,47,4,196,0
16,0,2,12,0.47,76,95,2,6,0,2,0,0,1,31,44,106,80,17,247,1
16,0,2,23,0.2,85,64,1,6,0,1,0,0,1,9,71,97,56,23,247,1
23,0,1,53,0.18,97,55,1,4,1,2,1,0,0,30,107,79,43,35,264,1
11,0,2,55,0.16,91,82,1,4,0,1,1,2,1,34,112,135,68,58,373,1
23,0,3,45,0.42,74,56,0,3,0,2,0,2,0,14,56,54,32,33,175,0
14,1,1,22,0.36,59,82,2,5,2,2,0,0,0,26,55,37,73,13,178,0
14,1,2,25,0.16,88,96,3,6,0,2,0,0,0,58,95,47,93,21,256,1
5,0,2,25,0.22,95,78,3,6,0,1,1,1,0,26,83,85,46,33,247,1
11,1,2,14,0.28,88,87,4,8,1,1,0,0,0,54,59,52,76,22,209,0
19,1,1,34,0.29,61,86,4,9,0,4,1,0,0,0,81,69,47,22,219,0
17,0,2,47,0.45,60,93,1,4,1,0,0,0,0,11,68,27,76,20,191,0
13,0,1,47,0.22,98,81,6,9,0,2,0,0,0,3,118,80,52,37,287,1
1,1,1,59,0.46,92,52,3,7,1,1,2,1,0,22,82,116,40,29,267,1
8,0,3,47,0.25,52,69,1,4,0,1,1,0,0,33,86,54,68,23,231,1
4,1,2,48,0.39,71,63,2,6,1,1,0,1,0,51,79,57,46,37,219,0
19,0,3,57,0.47,53,77,4,9,0,0,0,0,0,56,86,47,59,18,210,0
0,1,1,50,0.46,57,87,2,5,1,1,1,0,0,22,78,52,79,23,232,1
22,1,2,35,0.08,63,53,2,7,2,1,0,0,0,50,161,49,52,51,313,1
2,1,1,22,0.14,69,64,1,4,0,1,1,1,1,18,87,116,40,38,281,1
5,1,2,53,0.26,73,66,0,5,0,1,0,0,0,58,77,43,65,25,210,0
4,0,3,35,0.24,63,86,1,6,0,1,1,0,0,19,73,74,81,20,248,1
20,0,3,10,0.34,77,73,1,4,2,0,0,0,0,19,46,59,64,9,178,0
4,1,1,17,0.48,65,87,5,10,1,2,0,0,0,28,52,55,51,18,176,0
0,1,2,13,0.1,81,91,1,5,2,1,1,0,0,12,115,83,62,36,296,1
16,0,2,30,0.25,96,90,2,6,1,0,0,1,0,27,81,79,60,37,257,1
18,0,2,31,0.14,61,85,1,6,0,0,0,0,0,23,99,45,75,23,242,1
13,1,1,46,0.45,65,90,4,9,0,2,0,1,0,21,81,40,53,28,202,0
11,1,3,58,0.48,68,57,2,6,2,0,0,0,0,21,77,45,49,20,191,0
9,1,3,12,0.27,54,52,1,4,0,1,0,0,0,39,51,33,48,13,145,0
19,1,3,28,0.1,61,79,1,5,0,2,0,0,0,10,122,38,52,38,250,1
20,1,3,10,0.4,78,71,1,6,1,2,0,0,0,7,32,63,49,5,149,0
17,0,2,38,0.36,54,82,4,8,0,0,1,1,0,31,78,57,76,32,243,1
23,1,2,32,0.21,91,74,3,6,0,2,1,0,0,23,90,85,49,30,254,1
10,0,1,42,0.45,66,79,0,4,1,1,0,1,0,11,58,26,41,26,151,0
1,0,1,50,0.49,96,86,0,3,0,0,0,0,0,48,63,69,80,23,235,1
17,0,2,32,0.3,57,52,0,5,0,0,0,0,1,39,61,82,41,17,201,0
6,1,3,14,0.3,89,53,1,5,1,0,0,0,0,20,48,64,46,17,175,0
23,0,3,16,0.18,89,78,1,5,1,1,1,0,0,2,69,64,46,31,210,0
14,0,3,15,0.31,79,81,3,6,0,1,0,0,0,38,63,50,58,25,196,0
10,0,3,58,0.25,59,72,3,7,0,1,0,0,0,44,98,25,55,20,198,0
17,0,3,31,0.19,69,68,2,6,2,0,0,0,0,17,87,41,57,30,215,0
22,1,2,58,0.08,94,64,4,7,0,1,0,0,0,41,181,64,57,59,361,1
11,1,3,22,0.16,65,65,1,5,0,1,1,0,0,57,92,66,58,32,248,1
5,0,2,21,0.14,90,72,2,5,0,1,1,1,0,5,96,79,45,32,252,1
19,0,2,13,0.29,65,89,0,5,0,1,0,0,0,35,35,42,62,12,151,0
22,1,3,17,0.32,91,95,1,5,1,2,0,0,0,44,56,61,81,13,211,0
12,1,3,46,0.32,52,86,1,4,1,4,0,1,0,14,72,23,62,30,187,0
19,1,1,40,0.22,72,50,2,5,0,0,1,1,0,48,87,63,54,38,242,1
15,0,1,46,0.24,71,68,2,6,1,3,0,1,0,44,96,57,58,33,244,1
17,1,2,54,0.43,77,86,3,6,1,1,0,0,0,14,79,66,47,25,217,0
9,0,2,35,0.26,95,84,2,7,0,1,1,0,1,37,83,125,70,20,298,1
22,0,3,52,0.49,94,79,1,6,0,0,0,0,0,50,60,70,63,6,199,0
7,1,2,17,0.25,85,66,2,6,1,0,1,0,0,43,65,75,55,25,220,0
17,0,1,49,0.34,53,88,2,7,0,2,1,0,0,51,80,51,77,21,229,0
20,1,2,42,0.07,87,98,2,6,1,1,1,0,0,51,190,74,88,56,408,1
0,0,1,54,0.34,73,75,2,6,1,2,0,0,0,23,77,72,72,36,257,1
22,1,1,38,0.43,68,62,1,4,0,0,0,1,0,6,50,37,33,28,148,0
7,0,3,14,0.47,60,71,0,3,0,0,1,0,0,8,43,68,41,17,169,0
5,0,2,37,0.5,89,95,0,3,0,1,0,1,0,10,54,50,43,26,173,0
4,1,2,49,0.18,95,72,2,5,0,0,1,1,0,15,103,109,52,36,300,1
14,1,1,26,0.31,89,93,3,7,0,2,1,0,0,6,70,91,46,23,230,0
21,1,2,32,0.25,95,92,2,5,1,1,0,0,0,24,72,68,75,27,242,1
14,1,3,54,0.3,88,82,2,5,0,2,0,0,1,13,86,118,58,28,290,1
1,0,2,18,0.12,67,76,5,10,1,1,0,0,0,0,118,49,33,43,243,1
0,1,3,11,0.44,61,84,2,6,0,1,0,0,0,19,40,50,59,12,161,0
22,1,2,41,0.46,63,61,2,7,1,0,1,1,0,27,58,76,50,31,215,0
22,0,2,58,0.25,96,58,2,7,1,0,1,0,0,48,105,85,70,36,296,1
10,1,2,40,0.18,67,83,3,8,1,0,1,1,0,37,101,66,72,41,280,1
9,1,2,16,0.11,93,63,2,5,0,1,2,1,0,33,110,106,46,37,299,1
17,0,3,39,0.36,91,86,2,6,0,1,2,0,0,57,64,93,97,29,283,1
17,1,2,12,0.19,61,52,4,9,0,0,0,0,1,8,90,79,24,26,219,0
16,1,2,18,0.46,89,93,2,7,0,1,0,0,0,47,46,57,96,14,213,0
7,1,1,19,0.35,76,93,1,5,2,0,0,0,0,59,55,62,85,15,217,0
14,1,2,55,0.34,55,70,3,6,1,3,1,0,0,19,89,47,38,24,198,0
7,1,3,59,0.3,73,56,1,6,1,0,0,1,0,42,88,58,47,39,232,1
16,1,2,56,0.07,82,82,2,6,1,1,0,0,0,51,198,61,79,53,391,1
11,0,2,35,0.47,94,84,1,4,1,1,1,0,0,37,48,71,81,6,206,0
7,1,3,10,0.33,65,60,2,5,1,0,1,0,0,30,54,72,42,17,185,0
13,0,2,39,0.5,99,94,1,4,0,0,2,0,0,20,57,115,61,19,252,1
3,0,2,47,0.29,61,81,3,6,0,3,0,1,0,21,84,37,48,31,200,0
0,0,2,24,0.37,80,71,2,5,1,1,2,1,0,12,56,95,42,22,215,0
0,0,3,34,0.08,86,91,2,6,1,2,0,0,0,43,164,50,68,46,328,1
18,1,3,15,0.33,62,68,2,5,0,0,1,2,1,46,50,120,57,43,270,1
15,1,2,27,0.39,57,85,1,6,1,1,0,0,0,24,48,38,65,17,168,0
13,1,2,10,0.4,87,86,3,7,0,2,1,0,0,21,42,80,53,6,181,0
20,0,3,12,0.4,52,60,2,7,0,1,1,0,1,37,43,98,54,11,206,0
15,1,1,26,0.15,69,90,2,7,0,0,0,0,0,51,102,53,95,26,276,1
4,1,2,57,0.49,53,62,2,5,1,0,1,0,0,54,72,61,51,9,193,0
8,1,1,17,0.5,93,77,0,3,1,2,1,1,0,19,30,86,63,19,198,0
1,0,3,58,0.08,94,98,2,6,1,1,0,0,0,31,179,62,62,58,361,1
17,0,1,49,0.47,51,64,3,7,0,0,0,1,0,15,73,39,44,32,188,0
5,1,2,26,0.18,85,62,2,7,1,1,1,0,0,52,87,85,66,19,257,1
8,0,1,34,0.36,72,92,4,7,0,1,1,1,0,19,74,76,65,38,253,1
0,0,2,50,0.2,94,82,2,5,0,0,1,0,1,40,97,131,75,23,326,1
8,1,3,21,0.49,68,57,2,7,0,1,0,0,0,21,47,49,35,14,145,0
15,0,2,38,0.1,89,81,4,7,0,1,1,0,0,41,154,90,69,39,352,1
12,0,2,34,0.27,57,86,1,5,0,1,0,1,0,37,72,27,60,42,201,0
8,1,2,45,0.24,65,97,2,7,1,0,0,0,0,44,85,31,81,26,223,0
20,0,2,34,0.2,92,53,1,4,0,1,1,0,0,36,85,66,60,20,231,1
12,0,3,38,0.34,67,67,2,7,1,1,0,1,0,14,69,49,59,31,208,0
8,0,2,20,0.11,85,72,3,6,1,1,0,2,0,11,119,79,56,53,307,1
10,0,3,13,0.37,73,78,2,5,1,1,1,1,0,8,38,82,54,30,204,0
3,0,2,23,0.49,50,51,2,5,1,2,0,0,0,36,50,32,51,13,146,0
1,0,2,55,0.41,50,62,2,6,1,2,0,0,0,43,77,36,60,16,189,0
5,0,2,47,0.44,95,65,2,7,1,0,0,0,0,14,74,58,56,17,205,0
13,0,2,26,0.21,85,57,2,6,0,0,0,0,0,43,87,71,35,15,208,0
3,1,2,11,0.2,60,68,0,4,1,0,2,0,1,55,54,122,68,16,260,1
5,1,3,17,0.28,67,81,4,9,0,1,1,0,0,53,62,63,77,16,218,0
18,1,2,45,0.07,65,52,0,5,0,0,0,1,0,21,173,40,31,62,306,1
5,1,1,19,0.48,66,98,2,5,0,1,0,0,0,11,47,49,39,15,150,0
1,0,3,16,0.11,73,81,1,4,1,0,1,0,0,26,107,57,53,27,244,1
17,1,3,45,0.46,83,90,0,5,1,0,1,0,0,18,58,71,76,14,219,0
12,1,1,25,0.09,53,70,1,4,1,0,0,0,1,46,135,86,89,50,360,1
8,0,2,23,0.42,84,74,3,6,0,1,0,0,0,24,61,38,32,12,143,0
22,0,2,25,0.12,64,66,1,6,0,2,0,1,0,9,108,30,50,50,238,1
18,0,3,34,0.07,51,74,1,5,0,2,2,0,1,34,169,125,59,54,407,1
12,0,3,50,0.37,80,82,4,9,1,0,1,1,0,56,82,87,73,50,292,1
10,0,3,13,0.18,58,80,1,6,0,1,0,0,0,43,75,51,57,27,210,0
0,1,3,38,0.37,59,85,3,7,1,1,0,0,0,11,69,41,57,21,188,0
23,0,2,15,0.3,74,72,3,6,2,2,0,0,0,49,63,54,43,21,181,0
21,1,3,10,0.1,54,96,3,7,1,0,0,0,0,7,123,46,69,39,277,1
6,1,2,48,0.47,63,93,3,7,1,3,0,0,0,10,78,39,81,28,226,0
20,0,1,10,0.25,91,74,1,6,0,1,0,0,1,38,59,101,57,15,232,1
14,1,2,49,0.38,97,98,1,4,2,1,1,0,0,18,66,75,52,13,206,0
0,1,3,12,0.28,87,93,0,3,1,1,2,1,0,22,50,90,52,16,208,0
11,0,3,10,0.32,89,97,1,5,1,2,0,1,1,23,39,105,65,15,224,0
6,1,1,10,0.19,51,79,1,6,2,1,0,2,0,14,69,34,40,46,189,0
14,1,3,48,0.14,67,62,1,5,2,0,1,0,0,19,112,61,46,32,251,1
20,1,3,30,0.29,78,92,4,7,0,0,0,0,0,24,67,67,71,27,232,1
18,0,2,54,0.25,69,96,0,3,0,2,0,0,1,55,93,80,81,21,275,1
0,0,2,39,0.23,57,78,2,7,1,0,0,0,1,13,84,75,51,28,238,1
16,0,3,41,0.35,86,65,6,11,1,1,0,0,0,9,95,60,49,24,228,0
16,1,2,42,0.36,98,87,3,7,0,1,0,0,0,47,75,67,71,28,241,1
2,0,1,57,0.07,97,76,0,5,1,2,1,0,0,49,192,85,83,55,415,1
11,1,3,31,0.2,75,75,2,6,0,1,0,0,0,28,81,41,66,29,217,0
5,0,3,39,0.24,86,60,2,7,0,1,0,1,0,46,80,64,61,30,235,1
10,1,2,55,0.09,98,96,2,6,0,1,0,0,0,53,168,67,83,46,364,1
2,0,3,13,0.16,53,86,3,6,0,0,0,0,0,48,87,41,78,36,242,1
7,0,2,32,0.07,82,52,0,3,1,0,0,0,0,48,163,58,66,57,344,1
13,1,1,53,0.5,71,75,5,8,2,1,1,0,0,57,89,88,72,19,268,1
13,0,2,34,0.38,55,83,5,8,1,1,0,0,0,11,80,49,63,19,211,0
9,1,2,21,0.09,82,82,0,3,1,1,1,1,0,32,127,66,71,43,307,1
1,0,3,26,0.06,77,64,2,5,0,0,1,1,0,22,194,96,34,59,383,1
13,0,1,24,0.37,73,51,1,6,1,0,1,0,0,13,50,67,50,4,171,0
8,1,2,19,0.25,53,77,5,10,1,2,0,0,0,22,84,31,55,34,204,0
2,1,2,44,0.4,51,69,5,10,1,0,0,0,0,48,83,30,53,30,196,0
20,1,3,38,0.47,62,87,3,7,0,2,0,1,0,52,58,38,88,18,202,0
7,0,1,21,0.32,95,93,4,9,1,3,0,0,0,36,67,60,73,10,210,0
15,1,1,10,0.13,98,65,1,6,2,1,0,0,1,21,89,113,39,34,275,1
1,0,2,10,0.4,60,95,0,4,0,1,2,1,0,28,33,88,78,24,223,0
5,1,3,19,0.48,84,53,3,7,0,0,1,1,0,35,51,77,48,28,204,0
20,1,2,27,0.31,88,57,4,7,0,0,0,1,0,1,77,55,33,38,203,0
11,1,2,56,0.36,59,93,1,6,0,0,1,0,0,19,76,62,69,24,231,1
4,1,1,11,0.2,92,95,2,7,1,1,0,0,0,4,68,63,41,18,190,0
1,1,3,58,0.22,59,69,3,7,2,1,0,0,1,26,108,64,58,20,250,1
15,1,1,17,0.38,57,75,0,3,1,3,0,0,0,2,31,47,54,7,139,0
4,0,2,31,0.47,54,81,1,6,1,2,0,0,0,17,48,35,58,13,154,0
14,1,2,31,0.33,72,62,1,5,1,1,0,0,0,12,58,60,44,18,180,0
11,0,2,35,0.41,83,54,1,5,0,0,0,0,0,21,56,46,57,17,176,0
3,1,3,35,0.13,96,93,3,8,1,0,0,0,0,12,114,68,46,43,271,1
14,1,2,18,0.15,81,91,4,8,1,0,0,0,0,11,101,65,66,39,271,1
10,1,3,30,0.29,65,62,2,6,1,0,0,1,0,31,67,54,56,25,202,0
15,0,3,40,0.13,53,90,1,6,0,1,0,0,0,57,106,34,68,27,235,1
22,0,2,52,0.34,77,60,4,7,0,2,0,0,0,35,88,40,53,25,206,0
5,1,3,15,0.18,97,86,5,10,0,0,0,1,0,6,92,69,62,50,273,1
13,0,3,23,0.41,93,81,2,5,1,0,0,0,0,5,58,56,57,15,186,0
17,1,3,42,0.41,63,94,1,5,1,3,0,0,0,39,70,37,74,14,195,0
11,1,2,16,0.26,61,91,2,7,0,2,0,0,0,36,60,32,66,21,179,0
10,0,2,33,0.13,70,67,1,6,1,0,0,0,0,5,114,61,43,32,250,1
12,0,2,18,0.34,97,78,1,4,0,0,1,2,0,24,53,82,57,36,228,0
20,0,3,20,0.5,65,64,0,4,0,3,0,0,0,26,38,46,55,8,147,0
22,0,2,32,0.33,93,69,2,7,1,1,0,0,1,4,61,94,36,17,208,0
10,1,2,57,0.07,51,93,2,7,0,0,0,0,0,56,201,45,82,64,392,1
22,0,2,11,0.06,72,85,1,5,0,1,0,0,0,18,177,51,69,52,349,1
15,0,2,24,0.19,78,54,2,5,0,2,1,0,0,8,86,87,48,26,247,1
14,1,2,44,0.14,95,89,2,7,0,0,0,0,0,49,115,58,68,34,275,1
20,0,1,45,0.42,92,86,4,8,1,3,0,0,0,39,79,64,58,18,219,0
14,0,2,37,0.43,58,82,2,7,1,1,0,1,0,0,65,34,27,29,155,0
3,0,3,48,0.17,56,67,6,11,0,0,0,0,0,45,135,33,58,38,264,1
10,0,2,53,0.2,78,68,2,7,0,2,1,0,0,8,104,82,62,38,286,1
18,1,3,13,0.16,93,81,0,3,0,1,0,0,0,38,82,66,73,36,257,1
14,1,1,19,0.46,66,91,1,5,1,2,0,1,0,9,37,37,67,18,159,0
3,0,2,15,0.28,58,71,3,8,1,0,0,1,0,48,60,24,67,26,177,0
20,0,3,39,0.35,55,90,0,5,0,2,0,0,1,42,58,78,81,23,240,1
12,1,3,55,0.24,93,50,0,5,0,1,0,1,0,48,83,62,49,31,225,0
21,0,2,44,0.33,69,74,2,5,0,1,1,0,0,13,79,79,52,26,236,1
18,0,3,58,0.22,59,69,1,6,0,0,0,0,0,45,94,53,69,28,244,1
1,0,3,52,0.2,58,84,2,6,0,3,0,0,0,39,98,45,82,26,251,1
13,0,3,19,0.34,61,94,3,6,1,0,0,1,0,24,52,48,73,32,205,0
3,0,2,41,0.32,82,55,2,6,0,3,1,0,0,49,74,71,57,19,221,0
15,0,1,51,0.18,81,55,0,5,0,1,0,1,0,18,101,60,31,37,229,0
20,0,2,51,0.12,83,99,2,7,1,2,0,2,0,49,136,65,81,49,331,1
19,0,2,12,0.22,68,86,2,5,1,0,0,0,1,16,75,85,64,24,248,1
13,0,1,35,0.24,82,98,1,6,0,1,0,0,1,17,80,105,64,21,270,1
14,1,3,24,0.33,97,52,0,4,0,2,1,0,1,45,55,125,43,11,234,1
2,1,1,26,0.46,65,86,1,5,1,1,0,1,0,39,57,44,77,18,196,0
7,1,2,36,0.07,99,80,1,5,1,3,0,0,0,49,179,76,72,55,382,1
15,0,2,27,0.16,99,84,0,5,0,0,2,0,0,8,78,95,46,25,244,1
9,0,3,28,0.14,72,94,1,6,0,2,0,0,0,0,101,46,34,23,204,0
3,1,2,21,0.28,75,64,4,7,0,0,1,0,0,5,75,96,41,23,235,1
17,0,3,33,0.24,94,66,4,7,1,2,1,1,0,37,87,70,54,26,237,1
1,1,2,14,0.38,93,64,2,6,1,1,0,0,1,37,43,115,81,22,261,1
16,0,3,33,0.16,90,54,5,9,0,0,0,0,0,38,117,56,65,33,271,1
12,1,3,36,0.32,86,71,1,4,0,0,1,0,1,16,64,110,39,21,234,1
3,1,2,57,0.45,58,95,3,6,1,2,0,0,0,8,81,36,72,25,214,0
10,1,3,39,0.46,79,60,3,7,0,0,0,0,0,10,78,39,41,30,188,0
6,0,1,24,0.48,62,77,3,6,0,3,0,0,0,52,61,35,82,17,195,0
11,1,2,56,0.4,97,63,1,6,1,0,0,0,0,55,67,79,92,14,252,1
9,0,1,47,0.46,91,88,0,5,0,1,0,0,0,17,72,77,56,23,228,0
6,0,2,53,0.16,65,52,3,6,1,1,0,0,0,44,121,35,48,43,247,1
12,0,3,43,0.14,95,91,2,5,1,0,0,0,0,45,119,64,67,41,291,1
6,0,1,36,0.05,51,60,2,7,1,1,0,1,0,36,244,39,62,78,423,1
23,0,2,29,0.37,80,79,2,7,1,0,0,0,0,6,66,63,58,16,203,0
16,0,2,50,0.47,92,87,3,7,0,1,0,0,1,34,80,118,86,24,308,1
9,0,2,41,0.13,68,54,0,3,1,2,0,0,1,43,106,83,60,35,284,1
9,1,2,13,0.34,60,71,2,7,1,1,0,1,0,6,53,42,31,17,143,0
23,1,3,14,0.39,63,62,2,5,0,0,0,0,1,38,52,71,71,16,210,0
3,1,1,17,0.47,96,93,3,8,0,1,0,0,0,10,56,62,64,19,201,0
19,0,2,31,0.34,74,70,2,7,1,0,0,1,0,9,59,47,43,24,173,0
3,0,2,51,0.49,56,86,3,6,0,2,1,0,0,33,80,52,59,25,216,0
21,0,2,16,0.21,64,74,0,4,0,1,0,1,0,23,65,50,65,37,217,0
6,0,2,31,0.21,79,70,2,7,0,1,0,0,0,11,78,76,33,26,213,0
21,1,3,55,0.29,80,77,3,6,0,0,2,1,0,8,96,84,68,35,283,1
0,0,2,39,0.22,73,90,3,8,1,0,0,0,0,21,90,49,64,30,233,1
11,1,2,46,0.05,74,53,1,4,0,1,0,2,0,37,238,50,28,86,402,1
23,0,1,25,0.38,57,78,2,5,0,1,1,1,0,45,52,75,73,31,231,1
12,1,2,24,0.39,79,96,1,6,1,1,0,0,0,31,48,52,75,16,191,0
9,0,3,14,0.39,85,84,2,6,1,1,1,1,1,7,50,120,51,39,260,1
14,1,1,12,0.21,99,72,2,7,1,1,0,1,0,47,55,69,84,30,238,1
12,0,2,32,0.29,63,56,1,6,0,0,1,0,0,20,59,73,54,23,209,0
22,1,3,19,0.21,78,95,0,4,0,3,0,1,0,15,60,65,50,27,202,0
21,0,2,14,0.06,76,95,1,5,1,0,1,0,0,32,188,68,79,54,389,1
21,1,2,32,0.3,99,58,3,6,0,1,0,0,0,41,73,63,64,20,220,0
20,1,2,24,0.11,85,72,2,5,0,1,0,0,0,24,126,65,50,35,276,1
21,0,1,27,0.09,83,52,3,7,1,1,1,1,0,50,145,91,53,64,353,1
8,1,3,34,0.39,70,58,0,4,0,0,0,2,0,38,45,32,53,28,158,0
8,0,1,17,0.05,87,53,3,8,1,2,1,1,0,5,221,77,19,77,394,1
14,0,3,40,0.48,60,98,2,6,1,1,1,0,0,58,59,61,84,13,217,0
9,0,2,30,0.28,82,74,2,7,0,0,1,1,0,3,61,57,46,29,193,0
23,1,3,11,0.49,64,55,0,5,0,1,0,0,1,22,29,79,55,7,170,0
9,1,1,31,0.08,61,97,0,5,0,1,1,0,0,8,159,63,55,45,322,1
7,0,2,17,0.31,73,67,1,5,0,1,0,0,0,35,44,41,58,16,159,0
23,0,2,32,0.21,99,94,2,6,2,2,0,2,0,10,87,55,51,51,244,1
15,1,2,41,0.43,86,56,3,8,1,1,0,0,0,53,78,63,52,28,221,0
16,1,2,17,0.21,60,84,2,6,0,1,1,0,0,34,69,65,59,21,214,0
4,1,3,13,0.17,68,80,0,3,0,1,1,0,0,11,67,60,48,15,190,0
3,0,3,39,0.44,50,87,2,5,0,0,1,0,0,34,57,59,70,12,198,0
17,0,1,28,0.22,66,81,1,6,1,1,0,0,0,6,66,22,56,15,159,0
23,0,1,32,0.06,89,84,3,7,2,1,0,0,1,56,208,107,87,63,465,1
18,0,3,27,0.23,65,77,1,4,0,0,0,0,0,28,81,59,47,26,213,0
3,0,1,38,0.34,75,93,4,9,2,1,0,0,1,20,76,104,69,24,273,1
6,1,3,32,0.16,92,54,3,6,0,1,0,1,0,2,106,64,18,42,230,0
9,0,2,42,0.24,92,79,2,7,0,0,0,0,0,53,80,75,47,24,226,0
17,1,2,56,0.08,64,71,1,6,0,0,0,0,0,23,171,43,57,47,318,1
18,1,1,27,0.31,57,66,0,5,1,2,0,0,0,29,48,49,56,4,157,0
3,0,2,53,0.39,79,59,6,9,0,1,0,0,0,26,94,45,58,27,224,0
9,1,2,42,0.24,63,56,5,10,1,1,0,0,0,28,100,44,37,36,217,0
0,0,3,16,0.24,82,53,1,6,0,0,1,0,0,59,50,92,56,16,214,0
22,1,3,37,0.09,91,91,2,5,1,1,1,0,0,29,150,87,73,38,348,1
17,0,1,10,0.14,56,76,3,8,0,1,1,0,0,35,83,67,59,26,235,1
4,0,1,48,0.12,67,56,3,6,0,1,0,0,0,54,134,51,57,33,275,1
14,1,1,43,0.27,61,72,8,13,0,0,1,0,0,22,105,60,57,32,254,1
16,0,3,48,0.29,51,60,2,6,1,3,0,0,0,36,89,48,64,27,228,0
2,1,2,28,0.48,99,57,3,7,1,0,1,1,1,25,59,120,60,21,260,1
11,0,1,40,0.08,78,57,2,5,0,2,2,0,0,49,165,86,66,48,365,1
1,0,2,22,0.32,70,86,1,6,0,2,0,0,0,35,46,52,60,9,167,0
0,0,2,33,0.29,56,54,2,5,1,1,1,1,0,27,70,77,34,36,217,0
22,1,3,14,0.28,76,56,1,6,0,0,0,0,0,36,50,35,79,24,188,0
20,1,2,32,0.44,61,71,0,3,2,0,0,0,1,50,49,70,62,6,187,0
16,0,2,28,0.14,69,85,2,6,2,0,0,1,0,3,102,49,49,40,240,1
21,1,2,10,0.07,63,51,4,7,1,2,0,0,1,28,166,88,44,44,342,1
15,0,2,42,0.35,59,73,1,5,1,2,1,0,0,43,67,65,49,16,197,0
4,1,1,59,0.21,90,51,1,5,1,0,2,1,0,13,92,105,27,42,266,1
14,1,1,42,0.06,72,97,1,5,0,0,0,0,0,43,191,44,84,57,376,1
2,0,2,41,0.16,79,61,6,9,0,2,1,0,0,44,120,73,42,38,273,1
6,0,1,37,0.19,96,96,1,4,0,0,1,0,0,36,80,88,69,26,263,1
10,0,2,46,0.33,80,91,1,5,2,1,0,1,0,32,77,72,58,31,238,1
9,0,2,50,0.13,59,75,1,4,1,1,0,0,0,50,128,54,63,29,274,1
8,0,3,21,0.24,68,87,3,8,0,3,1,0,0,30,77,87,63,26,253,1
13,1,2,18,0.27,68,94,3,7,1,2,0,0,0,13,65,48,71,7,191,0
12,1,2,59,0.26,93,55,5,10,0,1,1,0,0,24,105,76,53,22,256,1
1,0,2,20,0.49,72,72,2,6,1,0,1,0,0,8,46,61,47,2,156,0
2,0,2,42,0.07,93,51,1,6,0,0,0,1,0,24,176,67,40,56,339,1
6,0,1,28,0.48,90,75,2,6,1,0,0,0,0,40,49,68,50,11,178,0
20,1,3,51,0.31,81,63,5,9,0,1,0,0,1,45,94,113,44,29,280,1
17,0,1,43,0.41,69,67,5,9,1,0,0,0,0,24,87,38,54,26,205,0
2,0,2,16,0.24,53,87,3,6,0,1,1,0,0,29,67,48,79,18,212,0
9,1,3,40,0.25,82,81,2,7,0,0,0,0,0,19,68,67,59,16,210,0
21,1,2,11,0.45,97,63,6,10,1,2,0,0,0,22,56,57,49,8,170,0
6,1,3,28,0.45,50,79,3,6,1,0,0,2,0,0,58,35,67,35,195,0
8,1,2,47,0.16,62,62,1,5,2,0,0,0,0,14,105,59,51,32,247,1
16,0,3,41,0.14,52,89,3,8,1,0,0,0,0,20,111,45,50,36,242,1
10,1,3,19,0.27,61,80,1,5,1,2,0,0,0,29,60,44,50,22,176,0
6,1,3,50,0.46,78,86,3,6,2,1,0,0,0,10,81,59,51,32,223,0
23,0,3,17,0.2,80,94,1,5,1,0,0,0,0,49,70,36,69,21,196,0
13,0,3,35,0.34,90,87,4,8,1,0,1,1,0,25,77,99,58,40,274,1
18,0,3,39,0.37,85,71,1,5,1,2,1,1,0,51,65,61,67,26,219,0
3,1,2,20,0.4,51,77,0,4,2,0,0,0,0,29,42,30,47,2,121,0
5,0,1,50,0.3,71,68,3,6,1,0,0,1,0,8,83,42,44,39,208,0
9,1,2,29,0.23,71,92,1,5,1,1,1,1,0,4,76,70,59,33,238,1
6,1,3,29,0.49,90,65,0,5,0,2,0,0,1,46,49,97,84,14,244,1
12,1,3,18,0.33,80,54,3,8,1,1,0,0,0,46,50,47,53,15,165,0
13,0,3,17,0.38,94,93,1,5,0,0,0,0,0,33,37,57,67,5,166,0
3,1,3,24,0.21,63,98,1,4,0,1,0,0,0,32,72,74,93,15,254,1
7,0,1,43,0.35,78,51,2,7,1,1,0,0,0,33,74,52,32,21,179,0
4,0,2,33,0.17,84,59,2,6,1,1,1,1,0,57,99,80,88,42,309,1
0,0,2,42,0.16,99,96,3,7,0,2,0,0,0,0,115,77,60,33,285,1
3,1,1,50,0.37,58,68,1,4,0,3,0,0,0,50,74,41,77,10,202,0
2,1,2,50,0.28,96,69,1,5,0,0,0,0,0,14,80,55,44,15,194,0
8,1,3,54,0.36,81,78,3,6,0,1,1,0,0,30,81,85,47,21,234,1
7,0,3,49,0.17,76,74,3,8,0,1,0,0,1,58,117,91,61,36,305,1
0,1,2,36,0.32,59,66,1,5,0,1,1,1,0,55,68,54,71,29,222,0
5,1,1,30,0.25,74,62,2,5,0,1,0,1,0,11,78,40,62,31,211,0
8,1,2,14,0.32,98,94,2,6,1,0,0,1,0,6,46,67,48,17,178,0
6,1,2,44,0.18,94,65,0,4,0,1,2,0,1,44,96,166,62,30,354,1
3,1,2,30,0.37,82,84,1,6,0,2,0,1,0,32,61,55,51,37,204,0
12,0,1,13,0.41,60,85,2,6,1,1,0,0,1,41,40,66,83,22,211,0
16,0,2,58,0.17,86,88,2,5,1,1,0,0,0,31,116,58,71,32,277,1
1,0,2,57,0.19,58,52,1,4,0,2,0,0,1,50,105,95,39,25,264,1
4,0,3,25,0.35,56,58,3,6,0,3,0,0,0,54,68,46,64,17,195,0
11,1,1,40,0.36,56,89,4,8,1,1,1,0,0,4,78,51,59,15,203,0
20,0,1,35,0.37,83,99,0,4,0,0,0,0,0,37,53,43,89,13,198,0
7,1,1,44,0.36,68,95,3,8,1,0,2,0,0,4,77,107,63,22,269,1
5,0,2,15,0.23,69,78,2,6,0,1,1,0,0,55,60,59,43,14,176,0
7,0,2,42,0.23,99,54,2,5,2,2,1,0,0,16,87,75,18,19,199,0
17,0,3,30,0.16,91,52,4,7,1,1,0,0,0,6,109,64,38,32,243,1
2,1,2,25,0.12,74,59,0,5,0,4,0,0,1,24,106,88,28,37,259,1
21,1,2,56,0.36,54,80,3,6,0,0,0,0,0,24,86,45,93,27,251,1
11,0,2,48,0.09,97,60,1,4,1,2,1,0,0,2,157,100,39,45,341,1
2,1,2,43,0.47,78,66,1,4,0,1,0,1,0,51,61,49,70,32,212,0
21,0,1,51,0.42,76,89,2,7,0,2,1,0,0,35,74,57,65,22,218,0
5,0,2,24,0.44,74,90,2,7,0,1,0,0,0,55,61,53,83,11,208,0
1,0,3,15,0.46,86,57,1,4,1,1,1,0,0,27,40,83,72,16,211,0
22,1,3,11,0.23,64,51,0,3,1,0,0,0,0,22,51,69,39,14,173,0
11,0,3,33,0.43,97,53,3,7,0,0,0,0,1,7,65,96,41,12,214,0
1,0,2,58,0.12,53,65,5,9,1,0,2,1,0,30,154,91,61,56,362,1
5,0,2,37,0.06,63,90,0,3,1,2,1,0,1,20,195,120,54,49,418,1
16,1,3,10,0.4,98,90,1,5,2,3,1,0,0,44,41,74,77,9,201,0
2,0,1,10,0.08,66,70,0,3,1,1,0,1,0,34,133,39,62,53,287,1
1,1,1,37,0.49,70,54,1,4,2,0,1,0,0,40,60,70,65,11,206,0
22,0,1,45,0.35,65,84,3,7,2,1,1,1,0,40,78,61,65,29,233,1
19,1,2,29,0.39,75,63,0,5,0,1,1,0,0,41,57,74,41,18,190,0
7,0,2,57,0.16,58,64,1,6,0,3,1,0,0,57,113,64,80,33,290,1
21,0,2,17,0.35,51,55,3,8,0,1,1,0,0,49,57,57,58,25,197,0
11,1,2,10,0.07,92,65,1,4,1,0,0,0,0,55,153,65,74,54,346,1
3,1,3,35,0.43,64,72,1,4,0,1,1,1,0,28,58,68,63,28,217,0
4,0,1,52,0.13,84,80,3,8,1,1,0,0,0,59,143,49,96,52,340,1
12,1,2,58,0.36,73,91,1,6,0,1,1,0,0,2,79,78,59,16,232,1
14,0,2,34,0.15,97,95,2,7,0,1,0,0,0,43,107,74,89,26,296,1
22,0,2,19,0.08,87,61,3,6,0,4,0,0,0,24,154,70,53,46,323,1
15,0,2,21,0.27,63,90,3,6,2,2,0,0,0,1,56,43,54,22,175,0
9,1,3,50,0.13,86,68,2,6,0,1,1,1,1,43,135,103,81,49,368,1
22,0,1,16,0.38,86,61,4,8,1,1,1,0,0,40,61,89,69,16,235,1
15,1,3,21,0.16,55,94,1,5,0,2,0,0,0,33,97,50,65,20,232,1
11,0,2,56,0.2,67,62,0,5,1,2,0,1,1,14,95,76,46,35,252,1
16,1,1,49,0.31,71,98,3,6,0,3,1,0,0,38,85,55,78,22,240,1
15,1,3,26,0.18,67,51,2,6,0,2,0,0,0,38,86,41,48,27,202,0
11,0,2,14,0.22,51,69,4,8,2,2,1,0,0,39,80,30,65,20,195,0
7,1,1,23,0.42,81,80,1,5,0,0,1,0,1,46,46,116,74,13,249,1
19,0,1,43,0.13,66,58,1,5,0,1,0,0,0,11,114,52,26,33,225,0
2,0,1,57,0.09,50,70,2,7,1,0,1,0,1,51,163,90,64,39,356,1
15,0,2,26,0.2,58,57,1,4,1,3,0,1,0,51,75,36,57,30,198,0
12,0,1,44,0.24,62,88,3,6,2,0,0,0,1,23,96,89,58,32,275,1
22,0,2,10,0.29,85,86,2,5,1,1,0,0,0,5,54,57,43,9,163,0
18,1,1,59,0.22,86,78,4,8,1,0,2,0,0,5,113,99,45,34,291,1
7,0,3,59,0.41,79,68,1,6,0,1,1,0,0,47,76,89,61,29,255,1
21,1,3,45,0.07,80,84,1,6,1,0,1,0,0,57,178,76,78,58,390,1
4,1,3,24,0.24,72,94,3,8,1,0,0,0,0,36,78,56,68,28,230,0
19,0,1,28,0.22,99,87,3,6,0,2,0,0,1,25,79,109,64,24,276,1
7,1,3,51,0.34,77,75,0,3,1,0,0,0,0,2,71,55,25,23,174,0
23,0,2,14,0.48,59,60,2,7,0,0,0,1,0,31,48,25,47,20,140,0
11,1,3,28,0.28,74,85,3,7,0,1,1,0,0,45,72,46,87,18,223,0
0,1,2,52,0.49,85,84,2,5,0,0,0,1,0,17,67,55,58,30,210,0
20,1,2,48,0.19,75,53,0,3,0,4,0,0,0,55,94,62,56,29,241,1
19,0,3,14,0.06,75,52,2,6,1,2,0,0,1,27,190,96,44,59,389,1
5,1,1,21,0.12,94,94,2,6,0,1,0,0,0,32,105,63,92,32,292,1
21,0,2,28,0.23,62,96,4,7,0,0,0,0,0,16,81,48,78,29,236,1
17,1,3,56,0.19,66,61,1,5,0,0,1,0,1,31,104,101,53,38,296,1
7,1,3,21,0.09,89,81,2,6,0,2,1,1,0,11,143,87,48,54,332,1
6,1,3,45,0.24,53,96,1,5,0,0,1,0,1,36,86,89,68,27,270,1
0,1,2,21,0.2,72,75,6,10,1,0,0,0,1,20,94,84,61,28,267,1
20,0,2,27,0.11,84,92,0,4,0,1,0,0,0,1,119,47,60,26,252,1
15,0,1,58,0.18,60,92,2,7,0,1,0,0,0,25,109,30,65,26,230,0
11,1,2,57,0.45,61,62,3,6,1,2,1,1,0,38,88,57,69,39,253,1
5,1,2,52,0.19,58,93,1,6,1,1,1,0,0,16,105,75,61,38,279,1
19,0,2,43,0.37,64,87,3,8,0,0,1,0,0,51,79,64,69,27,239,1
1,0,1,57,0.33,94,78,1,6,1,2,0,0,0,35,77,64,65,18,224,0
13,0,2,42,0.24,86,68,1,4,2,1,2,1,0,33,86,114,39,31,270,1
3,0,3,58,0.16,54,84,2,5,0,0,0,0,0,18,128,26,63,42,259,1
0,1,3,27,0.22,68,97,1,4,1,0,1,0,0,31,78,59,63,29,229,0
22,1,3,38,0.32,60,90,3,8,0,3,0,0,0,49,71,37,80,23,211,0
17,0,3,54,0.21,58,76,2,5,0,0,1,1,0,21,94,62,72,43,271,1
12,0,2,14,0.15,84,95,2,7,0,2,0,1,0,49,90,78,79,44,291,1
1,0,3,34,0.1,99,80,0,4,1,0,1,1,0,44,121,110,74,50,355,1
8,0,2,33,0.45,76,52,2,5,1,0,0,0,0,38,59,52,44,19,174,0
20,0,3,38,0.25,62,84,4,8,0,0,1,0,0,53,90,53,85,29,257,1
1,0,3,47,0.33,61,73,2,7,0,0,0,0,0,57,73,35,74,22,204,0
8,1,3,42,0.27,58,56,2,5,0,0,1,1,0,17,85,55,37,34,211,0
0,1,2,19,0.44,91,84,2,5,0,0,2,1,0,50,43,116,57,20,236,1
10,1,1,46,0.3,77,70,3,7,1,0,1,0,0,23,88,82,55,26,251,1
2,0,1,42,0.27,62,50,4,9,1,0,2,0,0,0,90,87,25,27,229,0
19,0,1,32,0.47,69,93,4,9,0,0,0,0,0,40,67,33,91,31,222,0
22,0,1,20,0.37,62,55,1,4,0,0,1,1,1,1,47,110,13,26,196,0
3,1,1,33,0.1,76,88,2,5,2,0,0,0,0,39,136,31,81,41,289,1
17,0,2,33,0.13,75,83,6,9,1,1,0,0,0,23,141,43,62,43,289,1
22,0,2,16,0.4,78,67,6,9,0,0,1,0,0,39,57,69,56,17,199,0
5,1,3,59,0.43,78,74,2,5,0,0,1,0,1,51,87,123,86,27,323,1
2,0,2,30,0.3,71,64,4,9,0,2,1,1,0,1,67,78,48,28,221,0
21,1,2,29,0.3,58,96,2,5,2,1,0,0,0,26,72,38,62,23,195,0
10,1,3,19,0.33,73,81,0,4,0,1,2,1,0,1,44,84,38,27,193,0
14,0,2,34,0.25,91,91,0,3,0,0,0,0,1,22,69,106,74,28,277,1
21,1,3,56,0.36,68,98,5,8,0,2,0,0,1,32,96,82,85,29,292,1
4,0,1,45,0.1,87,99,1,6,0,0,1,1,0,33,140,80,70,53,343,1
19,1,1,57,0.48,80,67,2,7,1,0,1,1,0,31,76,72,66,37,251,1
9,0,2,56,0.39,88,80,0,5,0,0,1,1,0,2,71,85,65,28,249,1
11,1,1,24,0.33,64,78,1,5,0,0,0,0,0,54,50,35,79,22,186,0
14,0,2,53,0.19,81,64,2,7,0,0,0,0,0,26,98,52,58,23,231,1
16,1,2,49,0.12,95,72,0,3,0,0,0,1,0,11,109,52,65,39,265,1
9,1,2,49,0.23,97,87,4,9,0,2,0,0,0,7,102,61,55,36,254,1
5,1,1,59,0.35,95,90,1,5,1,0,1,0,1,19,92,131,69,29,321,1
17,0,2,15,0.34,78,60,2,5,0,0,1,0,0,51,43,73,58,7,181,0
12,0,2,46,0.22,83,64,1,4,0,1,0,1,0,57,95,28,65,46,234,1
2,1,2,11,0.33,58,72,2,6,1,0,1,0,0,16,50,59,54,22,185,0
23,0,1,21,0.42,84,52,2,7,1,1,0,0,0,44,50,57,41,7,155,0
9,1,1,13,0.06,55,68,3,8,1,2,0,0,0,32,195,50,67,62,374,1
13,0,1,32,0.25,86,50,1,6,0,2,1,0,0,54,69,82,64,15,230,0
5,1,1,22,0.39,63,73,2,7,1,1,1,1,0,10,49,83,39,30,201,0
2,0,3,26,0.3,96,98,0,4,0,1,0,1,0,8,46,77,48,31,202,0
15,1,1,40,0.34,99,60,1,5,2,3,1,1,0,33,66,78,48,32,224,0
6,1,3,25,0.28,98,79,0,5,1,1,0,1,0,43,54,91,72,25,242,1
19,1,3,50,0.5,58,99,4,8,1,0,0,0,1,56,78,76,83,19,256,1
13,1,1,35,0.07,68,60,2,5,0,0,0,0,0,42,185,43,64,56,348,1
8,0,2,37,0.27,72,88,1,6,0,2,0,0,0,6,69,38,40,16,163,0
14,1,3,10,0.09,90,50,5,8,2,1,1,0,0,15,148,72,35,50,305,1
20,0,3,56,0.12,77,61,1,4,1,0,0,0,1,26,126,67,53,32,278,1
2,0,2,21,0.22,65,53,3,6,0,1,0,0,0,14,82,52,32,21,187,0
1,1,3,46,0.12,75,74,2,7,0,0,0,0,0,23,136,62,49,42,289,1
1,0,3,59,0.48,87,57,1,6,1,1,0,1,0,36,73,65,62,32,232,1
2,0,2,29,0.48,89,64,1,6,2,0,1,0,0,48,49,81,65,17,212,0
17,0,3,11,0.2,74,92,3,7,1,1,0,0,0,39,77,45,81,24,227,0
13,1,2,45,0.34,84,79,2,7,0,2,0,0,1,57,78,99,87,32,296,1
19,0,2,24,0.29,54,89,0,3,0,1,1,0,0,18,51,57,63,18,189,0
17,0,3,47,0.42,56,81,1,6,0,1,0,1,0,52,67,49,77,35,228,0
9,1,3,31,0.33,72,93,0,4,2,1,0,0,0,22,66,51,76,18,211,0
1,1,2,53,0.05,74,84,2,7,0,0,0,0,0,38,249,43,86,71,449,1
21,0,1,59,0.39,50,70,2,6,1,2,1,0,0,30,85,58,64,24,231,1
0,1,2,41,0.39,71,80,2,5,0,1,0,0,0,29,70,45,81,20,216,0
3,0,3,29,0.28,53,85,3,6,0,1,0,0,0,6,74,45,70,21,210,0
13,0,2,45,0.46,77,76,4,7,1,1,0,0,0,58,83,54,57,21,215,0
0,0,3,42,0.46,97,93,2,5,1,0,0,0,0,44,73,84,86,15,258,1
13,1,3,24,0.29,63,57,2,5,0,1,1,1,0,58,71,66,56,28,221,0
15,0,2,59,0.32,82,72,3,6,0,2,0,0,1,49,97,114,80,32,323,1
21,1,1,55,0.5,53,72,3,7,1,3,0,0,0,49,85,37,80,27,229,0
13,1,2,12,0.18,91,91,1,4,1,1,0,0,1,2,65,111,64,19,259,1
19,0,2,38,0.2,60,82,0,5,1,1,0,0,0,37,71,41,52,25,189,0
2,1,2,56,0.13,88,62,2,6,0,0,0,0,1,47,118,94,63,26,301,1
2,1,2,36,0.45,81,88,3,7,1,1,0,0,0,29,63,46,79,24,212,0
8,1,2,14,0.39,53,84,1,6,1,0,0,1,0,59,50,40,83,31,204,0
5,1,2,40,0.1,50,65,2,7,1,1,1,0,0,9,143,60,45,40,288,1
12,1,2,31,0.49,75,61,5,10,1,2,0,0,0,33,66,44,46,17,173,0
20,0,2,44,0.38,82,80,5,10,2,0,1,0,0,12,98,69,56,26,249,1
1,1,1,16,0.43,66,54,3,8,0,1,1,1,0,38,46,80,43,16,185,0
7,0,2,15,0.07,76,99,4,7,0,0,2,0,1,12,170,146,71,51,438,1
20,0,2,35,0.28,91,89,3,7,1,1,1,1,0,24,75,90,62,22,249,1
1,0,2,10,0.36,54,93,4,9,0,2,2,1,1,40,59,123,59,28,269,1
3,0,1,28,0.29,56,74,4,9,2,0,1,0,0,33,70,69,46,20,205,0
14,0,3,16,0.35,74,70,7,11,0,1,0,1,0,39,78,66,61,36,241,1
3,0,2,45,0.42,57,52,1,5,0,1,0,0,0,39,58,46,45,14,163,0
12,1,2,21,0.22,83,97,2,5,0,3,0,0,0,39,74,69,85,26,254,1
11,1,3,29,0.43,90,59,3,7,0,0,0,0,0,33,64,55,53,18,190,0
12,1,2,32,0.12,53,72,0,5,1,0,0,1,0,14,106,29,65,45,245,1
13,0,2,34,0.17,61,66,3,7,0,1,1,0,0,2,99,71,58,31,259,1
19,1,3,39,0.07,80,91,2,7,0,2,2,0,0,51,173,86,88,56,403,1
17,1,3,38,0.21,60,84,2,6,1,1,0,1,0,58,89,54,86,38,267,1
5,1,3,40,0.22,86,74,1,5,0,0,0,1,0,45,81,51,54,32,218,0
10,0,3,27,0.41,93,51,0,3,1,0,0,0,0,21,40,71,39,14,164,0
1,1,1,50,0.34,85,76,2,7,0,1,0,0,0,33,87,61,60,27,235,1
22,0,1,28,0.25,94,95,2,5,1,0,0,1,0,4,73,58,61,33,225,0
18,1,2,13,0.34,71,58,2,5,0,2,1,1,0,40,49,69,54,19,191,0
18,0,2,10,0.07,50,98,2,7,1,1,1,0,1,21,167,94,70,54,385,1
4,0,2,50,0.13,99,53,2,6,1,0,0,0,1,59,117,112,62,36,327,1
18,0,3,24,0.33,53,75,4,7,2,4,0,0,0,28,65,26,60,15,166,0
1,1,2,17,0.34,85,81,2,6,0,1,1,0,0,7,51,83,63,16,213,0
9,1,2,24,0.4,57,78,3,7,1,0,1,0,0,33,49,66,70,15,200,0
1,0,3,24,0.23,74,71,2,5,0,0,0,1,0,3,70,64,39,38,211,0
10,1,3,59,0.38,77,96,3,6,2,1,2,0,0,53,78,80,71,19,248,1
17,0,2,48,0.36,87,62,1,4,1,1,0,0,0,51,65,66,50,20,201,0
23,0,3,31,0.48,85,72,5,9,0,0,0,0,1,24,72,94,51,23,240,1
14,1,3,27,0.15,85,80,2,7,0,0,2,0,0,59,97,112,93,21,323,1
8,1,2,25,0.3,92,90,1,6,0,1,1,0,0,49,59,80,82,15,236,1
22,1,1,11,0.32,90,85,5,8,1,2,1,0,1,22,59,122,70,17,268,1
18,0,1,45,0.5,95,89,3,7,1,2,0,0,0,24,69,77,56,8,210,0
8,0,2,29,0.14,53,80,2,5,2,4,0,0,0,33,102,31,60,34,227,0
2,1,2,25,0.29,62,64,2,6,1,0,0,0,0,43,55,30,65,16,166,0
20,0,3,12,0.21,87,63,2,7,1,1,0,0,1,5,70,69,40,23,202,0
8,1,3,39,0.29,94,84,2,7,0,2,0,0,1,33,82,105,76,28,291,1
13,0,3,11,0.15,74,73,3,6,1,2,1,1,0,20,96,49,49,36,230,0
18,1,3,44,0.07,52,79,1,4,0,0,0,0,0,43,174,20,76,43,313,1
6,1,3,35,0.31,81,79,1,6,1,2,0,0,0,29,69,53,44,6,172,0
15,0,2,14,0.2,88,76,2,6,0,0,0,0,0,58,68,67,81,25,241,1
15,1,1,11,0.13,50,98,2,7,0,0,1,1,0,55,104,51,111,46,312,1
0,1,3,29,0.2,60,89,0,4,1,3,2,0,0,2,72,68,58,20,218,0
3,0,2,43,0.07,51,63,3,6,2,1,1,0,0,14,197,51,56,64,368,1
3,1,2,43,0.48,54,94,0,5,1,2,1,1,0,20,49,35,59,29,172,0
6,0,2,29,0.31,71,96,0,3,1,0,0,1,0,18,55,51,77,30,213,0
7,1,3,59,0.42,95,60,2,7,1,2,0,1,0,18,94,85,35,41,255,1
16,0,2,34,0.24,62,96,3,6,0,0,1,0,0,48,76,76,86,18,256,1
4,1,3,29,0.46,97,93,0,5,0,0,1,0,0,45,45,76,90,24,235,1
6,1,2,34,0.27,72,75,1,6,2,1,0,0,0,33,72,38,49,17,176,0
19,1,2,23,0.31,96,70,3,6,2,3,0,0,0,54,63,53,60,22,198,0
19,1,1,56,0.27,80,58,1,6,0,0,0,1,0,13,82,43,29,31,185,0
3,0,3,53,0.38,84,96,3,8,0,1,0,0,0,3,90,48,38,32,208,0
5,0,1,52,0.3,87,50,1,6,1,2,1,0,0,30,81,72,61,22,236,1
6,0,3,52,0.17,90,93,1,6,1,0,0,0,1,45,114,108,87,41,350,1
17,0,1,48,0.12,84,55,2,5,0,2,0,0,0,10,130,68,28,42,268,1
4,0,2,21,0.32,94,50,3,6,0,1,0,0,0,43,64,55,48,31,198,0
19,0,2,57,0.27,62,71,0,5,2,0,2,2,0,44,77,67,44,34,222,0
2,0,2,14,0.09,56,62,1,6,0,2,0,0,0,10,132,47,33,41,253,1
6,1,1,11,0.23,54,87,3,6,0,0,0,1,0,48,63,47,89,32,231,1
21,1,2,25,0.28,78,98,1,6,1,1,0,0,0,3,63,68,38,12,181,0
13,1,3,39,0.42,57,94,5,9,0,1,1,0,0,15,78,52,49,30,209,0
6,1,2,56,0.08,57,90,1,4,0,1,0,0,0,56,174,28,84,45,331,1
4,0,1,52,0.21,56,89,1,6,0,1,0,0,1,55,94,87,88,24,293,1
21,0,3,47,0.42,68,80,5,9,0,1,0,0,0,37,86,63,56,28,233,1
4,0,1,54,0.34,88,64,2,7,1,1,1,0,0,5,83,82,30,13,208,0
22,1,2,51,0.18,72,99,1,6,1,0,0,1,0,17,94,64,62,35,255,1
1,0,2,33,0.43,85,51,2,7,0,1,0,0,1,52,61,95,52,23,231,1
20,1,2,39,0.27,91,80,1,5,0,1,1,0,0,24,70,80,29,16,195,0
21,0,2,46,0.27,81,75,1,5,0,2,1,0,0,23,81,90,54,28,253,1
5,0,3,48,0.49,94,51,3,6,0,0,0,0,1,51,76,106,42,26,250,1
14,0,2,20,0.48,53,60,3,8,1,1,0,0,0,38,47,44,47,8,146,0
20,0,2,23,0.21,79,82,3,8,0,1,0,0,1,46,74,85,77,15,251,1
9,1,2,32,0.11,91,67,1,5,0,0,1,1,0,8,123,79,36,46,284,1
22,1,3,25,0.2,88,70,2,7,1,1,1,2,0,36,79,65,57,43,244,1
23,0,2,59,0.06,54,80,3,8,0,1,0,0,0,33,229,37,61,70,397,1
6,1,3,30,0.06,52,75,2,7,0,0,1,0,0,33,198,49,47,54,348,1
4,0,3,13,0.23,71,79,0,4,1,0,0,0,0,39,52,52,67,17,188,0
0,0,3,42,0.47,77,88,1,6,1,0,0,0,0,55,56,50,87,21,214,0
12,0,3,56,0.44,71,70,1,6,1,2,0,0,0,39,73,68,69,20,230,0
20,0,1,23,0.28,71,98,1,4,1,3,1,2,0,36,56,72,71,48,247,1
17,1,3,28,0.3,83,65,3,8,2,2,1,0,0,27,61,78,44,14,197,0
12,0,2,14,0.05,78,56,1,5,1,2,1,0,0,49,216,67,60,65,408,1
20,0,3,45,0.15,92,71,0,4,0,1,0,1,0,47,103,64,87,40,294,1
20,1,2,40,0.06,91,56,3,8,1,2,1,1,0,10,222,90,43,72,427,1
17,0,3,54,0.39,62,51,2,5,0,1,0,0,0,13,74,28,37,33,172,0
4,1,2,27,0.12,56,86,3,8,1,0,2,0,0,58,119,89,77,35,320,1
12,0,2,53,0.44,59,63,2,7,0,2,0,0,0,25,80,50,43,21,194,0
3,0,3,40,0.34,77,57,2,7,0,2,0,1,0,59,72,56,42,26,196,0
16,0,1,39,0.15,53,78,2,6,0,0,0,1,0,59,111,48,76,48,283,1
2,0,2,30,0.12,81,93,5,10,0,1,0,0,0,7,133,49,49,46,277,1
16,0,2,56,0.33,71,56,0,4,0,0,1,0,0,27,75,53,45,28,201,0
10,0,3,39,0.46,69,87,2,5,1,0,0,0,0,19,62,52,65,17,196,0
20,1,1,50,0.37,97,94,2,7,0,1,1,0,0,59,78,71,101,23,273,1
19,0,1,13,0.21,69,71,2,6,1,2,0,0,0,24,72,35,42,22,171,0
22,1,1,14,0.31,55,93,2,6,1,1,1,1,0,9,61,48,51,21,181,0
20,1,1,50,0.19,58,66,0,4,1,2,1,0,0,53,85,59,76,20,240,1
3,0,3,54,0.5,77,65,3,8,0,1,0,0,0,10,73,50,35,32,190,0
1,1,3,19,0.39,62,82,1,4,1,0,0,0,0,25,52,33,58,21,164,0
19,0,2,36,0.33,80,88,0,4,1,0,1,1,0,22,64,96,52,26,238,1
15,1,2,25,0.24,88,84,3,8,1,1,0,0,0,18,77,72,72,18,239,1
17,0,3,39,0.33,99,87,1,5,0,2,0,0,1,17,67,110,64,23,264,1
7,1,1,22,0.2,63,81,1,5,0,1,0,0,0,49,75,52,63,32,222,0
2,1,2,45,0.06,71,52,4,9,0,2,0,0,0,18,224,48,52,66,390,1
8,0,2,30,0.23,86,52,1,5,0,1,0,0,1,38,69,117,66,20,272,1
19,1,1,54,0.47,94,57,4,8,0,3,0,0,0,39,77,90,40,30,237,1
5,0,2,49,0.33,73,95,2,7,1,1,1,0,0,14,75,77,74,20,246,1
9,0,2,54,0.09,57,80,2,5,1,1,1,0,1,15,163,80,57,50,350,1
20,0,1,24,0.45,64,58,1,4,0,1,1,0,0,19,46,67,28,14,155,0
9,0,1,29,0.17,90,54,2,5,1,1,0,0,0,18,88,63,40,19,210,0
12,0,3,29,0.16,55,77,0,3,0,0,0,0,0,10,95,40,52,31,218,0
16,1,1,54,0.18,72,64,1,6,0,2,0,0,0,6,99,61,23,22,205,0
8,1,3,14,0.31,74,98,7,12,1,0,2,0,0,18,73,86,89,20,268,1
16,1,1,41,0.3,80,76,4,7,1,0,1,1,0,23,85,74,51,23,233,1
23,0,3,15,0.27,95,91,2,7,1,0,0,0,0,30,54,67,73,15,209,0
8,1,3,39,0.37,78,80,0,3,0,0,0,1,1,51,64,89,72,35,260,1
8,1,3,35,0.19,72,89,4,8,0,3,0,1,0,47,100,57,74,41,272,1
0,1,3,46,0.4,59,67,2,6,2,0,0,1,0,7,81,30,37,27,175,0
1,1,2,22,0.13,58,87,2,6,2,1,0,1,0,49,111,44,77,50,282,1
15,1,2,38,0.4,98,98,1,4,0,3,0,0,0,23,59,78,59,12,208,0
0,0,2,14,0.35,62,53,3,7,1,0,0,1,0,7,51,51,35,22,159,0
9,0,1,34,0.36,81,70,3,6,0,0,0,1,0,12,71,56,32,38,197,0
17,1,1,22,0.27,98,96,1,6,0,0,1,0,0,9,66,100,71,20,257,1
7,0,3,33,0.35,94,91,2,6,1,2,0,0,0,18,59,51,57,23,190,0
20,0,2,40,0.09,90,72,1,5,1,0,0,0,0,49,138,65,65,41,309,1
10,1,2,29,0.43,50,94,0,4,1,0,0,0,0,22,44,64,72,18,198,0
22,1,3,17,0.07,50,71,4,9,1,1,0,1,0,56,172,49,84,61,366,1
1,0,2,18,0.12,86,50,1,4,1,2,1,1,0,41,107,86,68,41,302,1
7,1,2,30,0.31,89,74,4,8,0,2,0,0,0,32,70,71,69,29,239,1
21,0,3,29,0.38,67,90,3,7,1,0,0,1,0,29,66,48,56,33,203,0
7,0,1,24,0.08,85,77,1,4,2,0,0,0,0,29,146,59,74,40,319,1
16,1,2,35,0.46,80,86,3,7,0,0,0,1,0,28,60,62,56,23,201,0
14,0,3,51,0.49,50,60,1,5,0,1,1,0,0,36,68,60,43,28,199,0
16,0,3,20,0.32,96,71,0,4,2,0,0,1,0,34,40,79,55,18,192,0
22,0,3,46,0.27,85,74,2,5,0,2,0,1,1,8,89,99,52,38,278,1
23,1,2,50,0.38,58,70,0,4,0,2,0,2,0,7,67,41,68,44,220,0
12,1,3,20,0.2,71,85,3,8,0,1,0,1,0,47,76,63,72,28,239,1
18,1,1,36,0.27,77,69,2,5,0,3,0,0,0,24,86,47,81,22,236,1
4,1,1,39,0.46,75,65,2,6,0,1,0,0,1,56,71,93,75,22,261,1
11,0,2,28,0.48,59,77,2,7,1,0,1,1,0,41,43,71,61,21,196,0
0,1,2,43,0.47,96,78,4,9,1,2,0,0,1,50,73,98,81,29,281,1
22,1,2,47,0.17,52,99,0,5,1,1,1,1,0,45,94,56,71,39,260,1
4,1,2,32,0.15,51,75,0,5,1,2,0,0,1,54,88,56,67,17,228,0
7,1,1,10,0.18,86,89,2,7,1,1,0,0,0,36,79,55,63,25,222,0
12,0,2,12,0.25,80,51,3,7,1,2,1,0,0,37,60,68,55,19,202,0
7,0,3,12,0.19,82,98,3,8,2,1,1,0,0,7,76,71,74,28,249,1
22,0,2,37,0.22,81,59,1,4,0,0,0,0,0,25,78,72,48,17,215,0
10,1,1,23,0.33,92,62,1,5,0,0,0,1,1,10,42,84,39,33,198,0
0,1,2,39,0.39,61,64,0,4,0,0,0,0,0,39,60,51,55,15,181,0
12,0,2,14,0.38,52,58,2,7,0,1,0,0,1,22,55,72,27,21,175,0
18,1,2,58,0.42,97,76,2,7,1,1,1,1,0,31,76,91,57,35,259,1
23,1,2,24,0.06,75,57,4,8,0,1,0,0,0,44,208,44,56,69,377,1
2,0,2,47,0.07,63,55,3,6,1,2,2,0,0,0,196,93,54,54,397,1
23,0,3,23,0.41,61,85,0,4,0,0,0,1,0,48,46,38,63,24,171,0
16,1,1,23,0.29,75,99,2,6,1,1,0,1,0,47,70,39,86,31,226,0
4,1,2,58,0.31,65,73,2,7,0,1,0,0,0,53,88,44,56,24,212,0
19,1,2,17,0.07,57,52,1,4,1,0,1,0,0,8,154,57,39,37,287,1
20,0,2,17,0.16,98,75,5,10,2,2,0,1,0,39,112,61,67,49,289,1
7,0,1,28,0.34,98,85,0,5,0,0,1,0,0,27,51,88,76,15,230,0
13,0,1,41,0.44,77,70,0,5,0,0,0,1,0,32,50,44,58,32,184,0
3,0,2,40,0.46,56,62,3,8,0,2,0,1,0,31,66,34,54,19,173,0
10,1,3,38,0.28,64,60,2,5,1,2,0,1,0,7,75,52,43,31,201,0
19,0,3,50,0.3,90,57,3,8,0,2,1,1,0,36,82,90,49,32,253,1
14,0,2,20,0.42,85,95,3,8,1,0,0,0,0,17,50,59,67,12,188,0
18,1,3,54,0.29,57,95,1,4,0,0,0,0,0,6,87,38,59,25,209,0
6,1,1,22,0.28,59,97,4,8,0,2,0,0,0,17,74,55,56,23,208,0
18,1,3,36,0.46,64,63,4,9,1,1,0,0,0,47,74,57,67,19,217,0
18,0,2,28,0.41,67,82,0,4,0,1,0,0,0,11,49,46,71,15,181,0
10,1,2,35,0.46,95,51,3,8,1,1,1,0,0,3,59,62,21,14,156,0
4,1,3,46,0.15,86,50,5,10,0,0,1,0,0,12,128,88,39,44,299,1
4,0,3,57,0.29,90,60,2,5,1,2,0,0,0,10,96,61,54,30,241,1
21,0,3,18,0.43,94,55,0,3,0,2,1,0,0,15,37,81,39,13,170,0
7,1,1,37,0.1,92,81,1,5,1,1,1,0,0,43,139,80,87,35,341,1
9,0,3,41,0.41,93,64,1,6,0,1,0,0,0,13,65,79,54,22,220,0
5,1,3,12,0.13,84,61,3,6,0,1,0,1,0,15,97,63,33,43,236,1
14,1,2,41,0.41,51,86,1,6,1,1,1,1,0,51,67,58,71,35,231,1
15,0,1,14,0.33,71,78,0,5,0,0,0,1,0,52,48,45,82,16,191,0
16,1,1,17,0.14,64,93,2,6,0,2,0,1,0,21,95,57,47,42,241,1
7,0,3,23,0.26,86,71,2,7,0,3,1,0,1,17,72,118,42,24,256,1
7,0,2,12,0.36,88,95,0,3,0,1,0,0,0,39,37,79,80,11,207,0
8,0,2,33,0.34,85,63,2,6,1,1,0,1,0,24,66,60,44,30,200,0
1,1,2,22,0.24,54,68,3,6,2,1,1,0,0,34,72,70,45,21,208,0
14,0,2,52,0.45,97,54,0,4,0,0,0,1,0,6,58,59,35,24,176,0
17,0,2,38,0.28,64,84,1,5,2,0,1,0,0,19,67,62,72,14,215,0
2,1,2,17,0.28,76,74,2,7,1,3,0,0,0,26,53,73,49,10,185,0
16,1,3,51,0.08,65,99,1,5,0,1,0,0,0,28,176,61,66,51,354,1
3,1,2,40,0.46,85,87,0,4,0,2,0,1,0,9,53,73,54,26,206,0
3,1,3,35,0.13,87,58,1,6,0,1,1,0,0,10,115,82,58,45,300,1
13,0,2,27,0.29,67,56,1,5,1,2,1,0,0,19,50,78,32,18,178,0
8,0,1,27,0.41,84,67,2,6,0,0,1,0,0,32,50,98,45,15,208,0
8,0,2,16,0.15,74,51,1,4,0,2,0,1,0,42,81,66,55,33,235,1
22,1,2,57,0.29,71,59,5,8,0,0,0,0,0,36,109,49,69,31,258,1
17,1,2,47,0.16,80,93,3,8,1,1,0,1,0,53,116,71,74,46,307,1
9,0,3,57,0.39,86,51,1,5,0,1,0,0,0,12,76,56,55,19,206,0
20,1,2,25,0.3,83,94,2,7,1,3,0,0,0,15,55,44,48,17,164,0
3,1,1,42,0.44,72,57,3,8,2,4,0,0,0,10,75,44,25,14,158,0
11,0,1,12,0.45,65,56,2,7,1,1,0,0,0,4,41,43,27,12,123,0
7,0,2,47,0.34,55,84,3,6,0,2,0,1,0,37,91,43,68,32,234,1
1,1,3,13,0.38,64,72,3,8,0,2,0,0,0,2,40,49,41,4,134,0
21,1,2,45,0.3,67,57,3,7,1,0,0,0,1,58,83,78,54,27,242,1
12,1,2,13,0.22,87,70,2,5,2,1,0,0,0,1,60,49,19,16,144,0
20,0,2,51,0.34,62,82,1,4,1,2,0,0,0,52,69,45,75,19,208,0
15,0,2,18,0.46,73,96,2,5,1,2,0,1,0,37,42,30,73,16,161,0
1,0,2,49,0.24,62,50,0,4,0,1,0,0,0,9,88,53,34,26,201,0
10,0,1,26,0.19,50,61,2,7,1,2,0,0,0,5,83,34,28,26,171,0
9,0,2,26,0.22,97,60,2,7,1,2,0,0,0,20,74,54,42,29,199,0
14,1,1,42,0.25,85,97,1,4,2,3,0,1,0,30,77,59,71,37,244,1
16,1,1,29,0.08,98,79,2,5,1,1,1,0,0,33,159,94,58,48,359,1
7,1,3,23,0.27,67,53,2,7,1,0,0,0,1,48,63,90,48,20,221,0
17,0,1,31,0.27,97,83,2,6,1,1,0,0,0,31,73,81,70,27,251,1
22,0,3,36,0.31,82,72,4,7,2,0,0,0,0,28,82,63,43,22,210,0
8,0,3,52,0.21,87,81,2,5,1,1,0,1,0,57,98,63,76,37,274,1
7,1,2,12,0.33,92,52,3,7,0,2,0,0,0,53,56,62,51,10,179,0
13,0,2,33,0.45,55,77,1,4,1,0,0,0,0,0,49,31,40,8,128,0
17,0,1,39,0.48,66,53,3,7,1,3,0,1,0,32,65,43,56,33,197,0
21,1,3,17,0.31,53,99,1,6,1,2,1,0,0,37,44,69,85,14,212,0
19,0,2,31,0.07,63,61,2,7,1,1,1,1,0,16,168,58,46,49,321,1
19,1,2,34,0.49,79,73,0,3,1,0,0,0,0,33,54,81,65,20,220,0
20,0,1,19,0.37,95,82,2,7,1,2,0,0,0,48,55,58,77,12,202,0
11,0,3,58,0.2,69,52,2,6,0,2,0,0,0,15,113,60,30,35,238,1
18,1,1,38,0.12,57,53,0,3,1,2,0,0,0,6,118,56,33,36,243,1
13,1,2,49,0.11,51,79,2,6,0,0,1,0,0,35,136,40,56,44,276,1
16,1,2,10,0.13,86,55,0,5,2,1,2,0,0,12,74,112,38,15,239,1
23,1,1,30,0.07,53,98,2,7,2,2,0,0,1,19,173,74,36,46,329,1
20,1,2,48,0.46,59,79,5,10,0,1,1,0,0,3,87,45,18,33,183,0
2,1,3,33,0.29,69,57,1,4,2,0,0,0,0,4,66,32,38,28,164,0
22,0,3,18,0.36,84,67,2,6,0,0,1,0,1,15,52,128,60,18,258,1
6,0,3,53,0.42,97,65,3,6,1,1,0,0,0,59,79,81,67,17,244,1
16,1,2,35,0.41,59,55,2,7,0,0,0,1,0,8,56,41,27,24,148,0
11,0,2,18,0.45,77,73,1,6,0,0,0,2,0,42,49,71,59,32,211,0
8,1,1,29,0.49,64,77,1,4,1,0,0,1,0,11,51,27,54,21,153,0
14,0,2,44,0.25,85,81,1,5,1,1,2,1,0,13,82,101,72,32,287,1
17,1,1,45,0.48,50,74,0,5,1,0,1,0,0,14,49,61,16,16,142,0
20,0,2,51,0.38,71,77,3,7,0,0,0,0,0,4,81,56,55,33,225,0
12,0,2,45,0.08,76,70,0,5,0,0,2,0,1,41,163,115,56,44,378,1
20,0,2,18,0.36,78,57,1,4,1,0,0,0,0,17,56,60,42,17,175,0
7,0,2,31,0.36,64,85,0,5,0,1,0,0,1,7,58,84,26,23,191,0
13,0,3,10,0.46,59,58,2,5,0,1,0,0,0,7,38,47,30,11,126,0
7,1,2,14,0.22,69,89,2,5,1,0,0,0,0,24,70,36,63,31,200,0
13,1,3,18,0.31,71,70,1,4,2,1,1,1,1,3,53,124,47,29,253,1
6,1,3,46,0.06,99,50,2,7,0,0,0,0,1,50,217,114,37,68,436,1
22,0,2,47,0.2,97,53,1,5,1,0,0,0,0,25,91,71,51,30,243,1
11,1,2,28,0.08,58,59,4,8,1,0,0,0,0,10,168,50,47,54,319,1
10,0,1,17,0.28,81,75,1,6,0,1,1,0,0,5,50,86,59,17,212,0
21,0,3,51,0.42,66,89,1,4,1,0,0,1,0,32,68,55,69,33,225,0
21,0,2,52,0.14,91,52,3,7,1,1,0,0,0,21,134,67,36,39,276,1
10,1,3,41,0.29,68,93,3,7,0,0,0,0,0,28,83,49,91,30,253,1
21,0,2,22,0.14,89,58,4,9,1,0,0,0,0,4,101,58,21,33,213,0
12,1,3,29,0.1,76,81,2,5,1,0,0,0,0,0,130,46,48,37,261,1
17,1,3,45,0.28,86,52,1,5,0,0,1,1,1,21,79,119,41,38,277,1
1,0,2,52,0.09,83,53,2,7,0,2,0,0,0,34,153,67,61,44,325,1
20,0,2,53,0.31,96,55,4,9,0,1,1,0,0,55,98,96,56,21,271,1
14,1,2,46,0.06,98,58,0,3,0,2,0,0,1,30,208,85,46,64,403,1
19,1,2,39,0.1,59,75,1,6,0,0,0,1,0,2,137,49,70,52,308,1
17,1,2,19,0.3,79,51,1,4,1,0,0,1,0,2,50,38,43,22,153,0
14,1,3,40,0.32,70,51,2,6,0,1,0,1,0,6,65,46,36,31,178,0
18,1,2,34,0.06,70,99,2,7,0,2,1,0,0,0,198,78,53,52,381,1
22,1,3,38,0.31,83,70,4,8,0,0,0,1,0,41,90,53,68,45,256,1
23,0,3,33,0.43,58,71,2,5,1,0,0,0,1,57,58,76,82,12,228,0
11,1,2,48,0.38,83,52,1,4,1,1,0,0,0,23,75,53,34,29,191,0
12,1,3,30,0.11,99,84,1,4,0,1,0,0,0,51,118,71,63,43,295,1
21,1,2,50,0.32,61,99,2,7,2,1,0,1,0,36,77,32,82,42,233,1
10,1,3,18,0.35,96,87,1,6,1,3,1,0,0,29,47,92,74,14,227,0
4,0,2,51,0.07,70,82,5,10,1,0,0,1,0,31,214,60,73,69,416,1
0,0,2,51,0.43,69,64,2,6,0,1,0,1,0,31,76,66,50,36,228,0
23,1,2,11,0.46,55,60,2,6,0,1,1,0,0,20,35,54,46,9,144,0
2,1,2,13,0.43,99,59,1,6,2,1,1,0,0,47,35,103,63,10,211,0
21,1,2,17,0.42,94,85,3,7,0,1,0,1,0,15,45,65,62,30,202,0
18,0,2,41,0.39,85,63,1,4,1,0,0,0,1,3,69,96,37,21,223,0
22,0,2,23,0.34,61,51,2,7,1,5,1,0,0,58,58,64,50,16,188,0
6,0,3,58,0.36,90,94,0,3,1,1,1,0,0,16,75,83,60,20,238,1
11,0,2,22,0.41,80,97,0,3,0,0,0,0,0,12,44,59,80,13,196,0
14,0,2,30,0.35,51,93,4,7,1,2,0,0,1,34,72,59,78,19,228,0
4,0,2,33,0.2,65,86,0,4,1,2,2,1,0,39,72,86,73,30,261,1
14,1,3,59,0.22,50,78,0,3,0,3,0,0,0,33,82,28,56,27,193,0
7,0,3,27,0.45,53,84,1,5,0,0,1,0,1,55,49,115,68,8,240,1
9,0,2,54,0.06,96,69,2,5,0,1,0,0,0,10,230,59,43,66,398,1
15,1,1,49,0.36,50,70,3,8,0,1,1,0,0,35,77,48,45,23,193,0
7,0,2,35,0.48,96,83,1,4,0,1,0,0,1,24,44,101,69,21,235,1
0,1,2,41,0.37,84,98,2,5,1,1,0,0,0,39,68,56,95,22,241,1
11,0,3,53,0.5,62,92,4,9,1,0,0,0,0,29,84,49,56,29,218,0
4,1,2,42,0.36,99,82,2,6,2,0,0,0,0,12,66,61,46,20,193,0
2,1,3,40,0.07,94,68,1,6,0,0,1,1,1,23,176,132,54,64,426,1
0,1,2,27,0.42,91,57,1,4,0,2,1,0,1,35,44,113,52,13,222,0
3,1,3,44,0.18,80,80,1,4,1,2,0,1,0,33,95,64,65,38,262,1
7,1,1,21,0.25,69,60,2,6,1,2,0,1,0,7,68,59,43,22,192,0
2,0,3,34,0.19,56,57,2,5,1,1,0,1,1,54,88,65,79,34,266,1
9,0,3,54,0.17,89,74,1,4,0,2,0,0,0,17,102,57,35,32,226,0
1,1,3,40,0.24,82,98,0,4,1,0,0,0,0,6,76,65,82,28,251,1
10,1,1,19,0.22,77,69,2,6,0,0,0,0,0,48,74,46,60,25,205,0
9,1,1,56,0.34,99,87,2,6,0,1,0,0,0,45,83,74,69,20,246,1
20,0,2,43,0.42,93,56,2,6,1,0,2,3,0,21,70,97,44,53,264,1
13,1,1,12,0.18,99,62,2,5,1,0,0,0,0,6,79,76,33,25,213,0
6,1,1,55,0.15,93,88,2,6,0,0,0,0,0,12,116,68,84,37,305,1
1,1,2,48,0.35,69,92,1,5,1,1,1,1,0,1,64,77,57,30,228,0
8,1,2,17,0.35,81,59,1,4,1,0,0,0,0,43,51,59,65,6,181,0
15,0,2,41,0.46,58,57,3,7,1,1,0,0,0,1,79,49,46,16,190,0
12,1,1,52,0.06,83,91,1,4,0,1,0,2,0,28,203,61,71,76,411,1
8,1,1,38,0.43,63,92,2,6,0,0,0,0,1,26,71,86,60,16,233,1
19,0,2,31,0.28,53,69,2,6,1,3,0,0,0,39,70,57,65,23,215,0
3,1,2,29,0.33,78,66,2,7,1,0,0,0,0,17,68,50,41,10,169,0
21,1,1,15,0.09,64,60,5,8,0,0,0,0,1,57,141,84,69,50,344,1
9,0,2,52,0.24,66,65,0,4,0,0,0,0,0,1,80,41,30,33,184,0
21,0,3,58,0.15,68,86,2,7,0,0,1,0,1,58,127,104,78,40,349,1
11,0,3,38,0.16,87,91,4,9,0,0,0,0,1,52,117,98,75,34,324,1
16,1,3,51,0.28,58,81,1,4,1,0,0,0,0,3,80,42,35,18,175,0
13,1,3,26,0.42,76,75,2,7,0,2,0,0,0,48,54,51,58,12,175,0
13,0,2,40,0.38,98,86,1,4,1,2,1,0,0,45,61,95,77,19,252,1
1,0,2,43,0.32,64,58,1,6,0,0,1,1,0,7,64,63,19,30,176,0
20,0,2,47,0.29,86,84,1,4,0,0,0,1,0,35,77,67,69,39,252,1
19,1,2,46,0.24,77,52,0,4,2,1,1,0,1,58,77,122,61,20,280,1
10,1,2,13,0.49,99,80,0,3,1,0,0,0,0,47,28,68,82,5,183,0
15,0,2,11,0.3,53,91,2,7,1,1,0,1,0,8,45,20,47,30,142,0
18,1,2,21,0.16,70,56,0,3,1,0,0,0,0,17,78,53,36,20,187,0
22,0,1,44,0.15,83,51,2,6,0,1,0,0,0,49,112,62,30,31,235,1
5,1,3,15,0.33,68,74,1,5,1,1,1,1,0,21,50,61,60,29,200,0
23,1,1,55,0.29,86,89,0,5,0,1,1,0,0,44,79,70,87,29,265,1
18,1,2,17,0.05,53,61,6,11,1,0,0,0,0,10,235,34,57,69,395,1
4,1,1,30,0.42,86,79,0,5,1,0,0,0,0,26,46,57,78,5,186,0
3,0,2,55,0.37,81,79,2,6,0,0,0,1,0,31,85,57,60,47,249,1
14,1,1,44,0.35,94,78,2,6,1,0,1,0,0,1,70,85,45,16,216,0
3,1,3,57,0.08,97,90,2,7,1,0,1,0,0,1,170,87,65,53,375,1
19,0,2,24,0.21,61,60,1,5,1,0,0,0,0,29,69,19,43,24,155,0
9,1,2,16,0.47,90,72,2,6,0,0,1,0,0,21,41,93,57,11,202,0
23,0,2,24,0.44,65,66,1,6,1,0,0,0,0,21,52,35,54,11,152,0
21,0,2,54,0.18,63,62,2,6,2,2,0,0,0,23,112,39,59,28,238,1
2,1,3,15,0.12,50,82,2,7,1,2,1,1,0,26,114,42,58,48,262,1
4,1,2,56,0.25,81,50,3,7,0,3,0,1,0,10,101,79,47,31,258,1
5,0,3,26,0.21,70,89,1,4,0,0,0,0,0,12,86,52,64,26,228,0
20,0,3,13,0.36,53,62,2,5,0,0,0,0,1,57,58,74,65,16,213,0
21,0,3,31,0.48,58,87,1,5,1,1,0,0,0,26,53,28,60,17,158,0
7,1,2,41,0.21,95,52,2,6,0,0,0,0,0,14,95,71,22,27,215,0
6,0,2,31,0.08,71,65,3,6,2,0,0,0,0,47,169,47,75,54,345,1
20,0,2,36,0.45,61,91,3,8,0,1,0,1,0,47,69,43,84,30,226,0
9,0,2,55,0.07,79,56,0,5,1,2,0,0,0,48,182,65,66,53,366,1
5,1,3,24,0.48,79,52,5,8,0,0,0,1,0,16,64,39,27,21,151,0
13,0,3,53,0.35,81,63,4,9,0,1,1,0,0,38,89,84,36,28,237,1
3,1,3,31,0.47,85,65,0,5,1,3,0,0,0,8,51,48,73,17,189,0
12,1,3,37,0.14,56,53,2,5,1,0,0,0,0,22,113,46,37,33,229,0
19,0,1,51,0.07,66,80,3,6,1,1,2,0,0,3,199,90,39,61,389,1
16,1,1,47,0.27,50,62,1,5,0,1,0,0,0,56,73,11,57,19,160,0
22,0,2,18,0.25,63,76,5,8,0,3,1,0,1,14,76,104,73,12,265,1
6,1,3,43,0.2,96,50,3,6,1,0,0,0,0,42,96,57,46,26,225,0
3,1,3,45,0.48,93,74,1,6,1,2,1,0,0,59,72,96,68,18,254,1
13,0,2,18,0.42,93,86,1,6,1,2,0,0,0,30,42,67,86,13,208,0
2,0,3,24,0.35,87,99,2,6,0,2,2,0,0,5,53,89,66,10,218,0
23,0,3,54,0.12,75,93,4,9,1,2,0,0,0,25,147,47,69,49,312,1
4,1,3,29,0.38,76,60,2,7,0,1,1,0,0,58,60,86,69,20,235,1
15,1,3,17,0.38,94,58,1,6,0,2,1,0,0,0,44,82,34,16,176,0
22,0,2,37,0.24,65,56,2,5,0,2,1,0,1,21,88,97,34,25,244,1
19,0,2,28,0.47,95,63,3,8,0,1,0,0,0,29,64,81,64,20,229,0
3,1,2,25,0.13,56,79,1,4,0,0,0,1,0,57,98,41,72,41,252,1
23,1,2,20,0.17,81,73,2,7,0,0,0,1,1,21,80,95,49,30,254,1
23,1,2,51,0.08,74,52,5,8,0,0,0,0,0,32,183,42,36,57,318,1
1,0,1,17,0.41,80,97,0,5,1,1,1,0,0,55,56,65,97,11,229,0
17,1,3,42,0.33,65,88,2,6,2,1,0,0,0,4,70,57,55,28,210,0
18,0,2,19,0.19,90,76,0,4,0,0,1,0,1,35,67,116,69,17,269,1
18,1,3,27,0.12,63,50,0,4,0,2,0,0,0,45,102,40,66,31,239,1
16,1,2,44,0.07,74,87,0,5,1,2,0,2,0,9,171,56,57,68,352,1
13,0,2,52,0.13,79,75,2,6,0,1,0,0,0,0,135,65,51,34,285,1
18,0,2,59,0.25,56,55,1,4,0,1,0,0,0,52,94,36,69,34,233,1
21,0,1,12,0.16,61,91,3,7,0,1,0,0,0,11,85,34,61,26,206,0
23,1,2,49,0.17,52,61,2,6,1,0,0,2,0,48,98,19,66,37,220,0
12,1,2,36,0.44,76,87,2,6,1,0,0,0,0,2,60,73,52,10,195,0
11,1,1,37,0.28,95,95,2,6,2,1,2,0,0,9,77,114,70,22,283,1
5,0,2,55,0.38,68,84,5,8,1,0,0,0,1,0,90,94,42,30,256,1
20,1,2,15,0.07,92,59,4,8,0,0,1,0,0,57,179,67,71,53,370,1
3,0,3,56,0.21,86,58,4,9,1,2,1,1,0,18,118,75,39,47,279,1
18,0,1,23,0.27,94,72,1,5,1,1,0,0,0,17,62,68,61,12,203,0
15,0,2,16,0.13,91,79,0,5,0,4,1,1,0,44,84,79,60,44,267,1
12,1,3,19,0.1,56,71,2,7,2,0,1,0,0,51,122,50,79,35,286,1
3,1,2,24,0.44,98,96,7,11,1,2,0,1,0,30,79,56,48,35,218,0
22,0,3,40,0.47,65,58,1,5,1,2,0,0,0,54,64,45,67,13,189,0
16,1,3,38,0.09,81,68,1,6,0,1,1,0,0,48,144,73,49,42,308,1
22,0,3,51,0.21,57,57,2,5,1,0,0,0,0,54,97,35,63,36,231,1
0,0,1,26,0.48,98,53,1,4,1,1,1,0,1,21,43,123,31,15,212,0
17,1,3,38,0.09,62,54,1,5,0,2,0,1,0,3,144,47,34,47,272,1
19,0,3,58,0.34,60,68,0,3,0,2,0,0,0,40,82,27,68,29,206,0
16,0,2,53,0.49,69,95,1,4,0,1,0,0,0,54,67,57,72,15,211,0
14,1,2,24,0.49,67,67,0,4,0,0,0,1,0,9,34,35,41,7,117,0
10,0,2,35,0.26,86,78,2,7,1,0,1,0,0,9,69,85,18,20,192,0
21,0,3,21,0.12,55,68,6,11,0,3,0,0,0,14,128,14,62,28,232,1
12,0,2,34,0.14,69,55,1,4,2,2,0,0,0,4,111,49,59,34,253,1
0,0,3,50,0.45,81,54,7,12,1,0,0,1,0,49,92,53,69,26,240,1
16,0,1,14,0.46,95,92,1,5,0,0,0,0,0,42,40,76,74,8,198,0
5,0,3,13,0.32,93,54,2,5,0,0,1,0,0,44,55,80,67,23,225,0
3,0,2,53,0.39,78,57,1,6,0,2,0,0,0,16,66,59,44,24,193,0
19,1,2,57,0.38,53,76,4,7,0,0,1,0,0,17,87,57,67,29,240,1
15,1,2,50,0.35,56,86,3,8,0,1,0,0,1,56,80,71,78,27,256,1
14,0,1,40,0.42,92,92,2,5,0,3,0,1,1,47,68,97,85,36,286,1
14,0,1,12,0.36,69,94,1,6,2,0,2,1,0,49,32,86,75,11,204,0
5,1,2,12,0.29,83,87,3,8,2,0,0,1,1,4,65,109,35,40,249,1
14,1,2,35,0.16,85,86,3,7,1,0,0,1,0,7,100,64,74,40,278,1
13,1,3,59,0.38,56,67,2,6,1,1,0,1,0,55,80,32,84,28,224,0
10,1,3,26,0.26,82,75,2,6,1,1,0,0,0,45,58,57,73,14,202,0
6,1,2,19,0.18,64,91,3,6,1,0,0,1,1,26,82,71,62,30,245,1
8,0,1,11,0.41,81,65,4,7,0,0,0,0,0,24,61,49,48,25,183,0
15,1,2,33,0.36,71,71,3,6,1,2,1,0,0,51,64,69,70,23,226,0
4,1,3,20,0.47,89,95,3,8,2,2,1,0,0,25,59,70,92,22,243,1
19,1,2,33,0.12,78,72,4,9,0,2,0,0,0,44,121,50,64,42,277,1
9,0,1,44,0.34,74,96,3,8,0,1,0,1,0,22,74,66,62,37,239,1
17,0,2,32,0.16,54,52,2,5,0,1,1,1,0,40,98,49,39,39,225,0
2,0,3,41,0.46,63,52,2,6,0,1,0,0,0,22,65,55,26,23,169,0
12,0,2,32,0.09,99,61,3,6,0,2,0,0,1,28,153,100,41,51,345,1
10,0,3,43,0.35,84,72,2,5,0,1,0,0,0,32,65,39,72,23,199,0
16,0,2,50,0.41,51,96,1,5,2,0,0,1,0,58,76,41,69,32,218,0
21,1,1,28,0.21,74,60,2,6,1,1,0,0,1,53,79,73,66,25,243,1
12,0,2,11,0.48,65,91,1,4,2,1,1,0,0,17,39,66,63,14,182,0
5,0,2,11,0.43,95,96,0,5,0,1,0,0,0,6,28,58,58,1,145,0
16,1,1,24,0.18,65,99,1,6,0,1,1,1,0,31,81,79,65,29,254,1
12,0,1,30,0.05,60,95,1,5,0,1,0,0,0,40,227,51,82,67,427,1
18,1,1,44,0.18,98,78,2,5,2,2,1,0,0,6,105,94,51,40,290,1
20,1,1,14,0.18,84,55,5,10,0,0,0,0,0,59,94,59,69,25,247,1
18,0,2,52,0.45,72,95,1,6,1,0,1,0,0,7,70,74,64,32,240,1
9,1,3,36,0.49,54,65,2,6,0,3,1,0,0,49,59,69,52,11,191,0
2,1,2,33,0.08,84,83,1,4,0,0,0,1,0,57,147,46,75,54,322,1
13,1,2,16,0.26,78,86,4,8,0,5,0,1,0,20,78,42,63,42,225,0
18,1,2,15,0.3,96,60,0,3,1,0,0,0,0,41,56,68,40,18,182,0
4,0,2,55,0.09,54,60,1,4,0,0,1,0,0,16,161,58,53,45,317,1
4,1,1,42,0.22,52,74,3,6,0,1,1,0,1,50,90,112,83,30,315,1
19,0,2,58,0.19,55,68,1,4,0,2,0,1,0,32,102,45,59,36,242,1
16,1,2,26,0.29,72,81,1,4,1,0,0,1,0,29,66,41,59,31,197,0
20,1,1,55,0.35,95,99,2,5,0,1,0,0,0,1,80,64,45,14,203,0
9,1,3,51,0.37,51,57,0,5,2,1,0,1,0,59,75,37,58,31,201,0
4,0,2,39,0.11,67,61,1,6,0,0,0,0,0,45,129,28,65,37,259,1
3,0,2,17,0.42,79,90,3,8,0,3,0,0,0,35,47,51,80,14,192,0
5,0,1,49,0.36,87,84,3,8,1,5,0,0,1,21,87,93,67,30,277,1
3,1,2,55,0.45,54,55,3,6,0,2,1,2,0,31,85,50,11,47,193,0
6,1,3,16,0.25,95,70,1,6,1,1,0,0,0,48,54,53,55,14,176,0
6,1,2,15,0.45,98,75,3,6,2,3,0,0,0,24,50,66,63,17,196,0
17,1,2,13,0.44,60,50,0,4,1,0,0,0,0,48,26,61,40,17,144,0
2,0,2,10,0.25,50,66,3,7,0,1,2,0,0,7,63,60,36,11,170,0
0,1,1,24,0.22,59,84,3,8,0,2,1,0,0,32,82,53,58,21,214,0
23,0,2,40,0.47,90,76,1,4,2,1,0,0,1,28,55,114,43,24,236,1
3,1,2,34,0.37,93,99,1,6,0,0,1,0,0,16,63,97,74,13,247,1
5,0,1,56,0.47,75,99,4,7,1,1,1,1,0,39,85,55,85,28,253,1
8,0,1,42,0.41,82,51,0,5,2,0,1,1,0,44,55,73,52,20,200,0
21,1,2,44,0.32,76,85,4,8,1,0,1,0,0,1,95,77,66,25,263,1
13,1,2,14,0.1,99,50,1,5,0,1,0,1,0,48,121,72,59,46,298,1
11,0,1,14,0.18,61,59,3,8,1,1,0,1,1,38,69,79,55,23,226,0
19,1,3,45,0.49,51,80,1,6,0,0,1,0,0,47,67,66,72,24,229,0
23,1,2,26,0.19,50,86,2,5,0,0,2,0,0,48,83,81,84,31,279,1
3,0,2,23,0.09,50,54,1,5,0,2,0,0,0,30,136,30,52,40,258,1
20,0,2,38,0.37,82,90,1,6,0,1,0,0,0,3,60,43,49,14,166,0
23,0,2,17,0.38,71,95,2,5,1,0,0,1,0,41,45,61,81,28,215,0
11,0,2,43,0.18,61,62,2,6,1,1,0,0,0,25,107,69,60,31,267,1
9,1,3,49,0.18,88,94,1,4,1,1,0,0,0,8,98,56,75,26,255,1
21,0,3,10,0.26,85,73,1,5,1,0,0,0,0,30,49,75,82,13,219,0
6,0,1,38,0.06,70,76,4,8,0,1,2,0,0,9,209,91,63,57,420,1
2,0,2,45,0.41,69,50,1,4,1,1,1,0,0,50,68,70,43,17,198,0
22,1,2,46,0.19,85,98,2,5,0,4,1,0,1,5,94,139,65,32,330,1
13,0,2,38,0.43,75,69,2,6,1,0,0,1,0,43,58,68,73,31,230,0
23,1,3,14,0.41,96,57,0,4,1,0,1,1,0,25,40,76,30,24,170,0
9,0,2,41,0.35,80,52,2,5,0,0,0,0,0,10,57,58,38,22,175,0
15,0,1,33,0.2,50,98,0,5,1,1,0,0,0,14,70,43,61,24,198,0
15,1,2,28,0.28,87,81,1,4,0,3,1,1,0,56,66,75,70,35,246,1
21,0,1,21,0.25,63,93,2,7,1,2,0,0,0,19,72,52,69,20,213,0
9,0,3,10,0.2,75,74,3,6,1,2,0,0,0,13,66,39,41,26,172,0
12,1,2,16,0.43,95,74,0,5,1,2,1,0,0,43,43,84,58,18,203,0
5,0,2,26,0.27,91,99,1,6,0,0,2,0,1,59,66,159,83,24,332,1
11,0,2,43,0.42,56,63,2,6,1,1,1,0,0,50,64,64,50,18,196,0
8,0,3,52,0.1,61,92,0,3,1,2,0,1,0,20,145,50,59,48,302,1
12,0,3,16,0.11,73,76,3,6,0,0,0,0,0,43,119,52,81,33,285,1
3,1,2,26,0.49,68,97,1,4,0,2,0,0,1,26,44,85,60,8,197,0
23,0,2,12,0.31,58,81,3,8,0,0,0,0,0,29,59,51,64,9,183,0
10,1,2,38,0.28,84,76,4,9,0,3,2,2,0,6,82,117,47,43,289,1
19,0,1,31,0.29,53,53,3,7,0,1,1,0,0,36,78,66,67,24,235,1
17,1,1,47,0.15,94,99,1,6,0,2,1,1,0,14,106,82,74,42,304,1
10,0,1,52,0.37,91,88,3,6,1,0,0,0,0,15,86,81,59,36,262,1
20,1,1,38,0.09,81,60,1,6,1,2,1,0,0,58,143,84,80,38,345,1
3,0,2,59,0.31,95,97,1,6,1,1,1,1,0,42,83,76,72,26,257,1
17,1,3,59,0.31,55,97,1,5,1,2,0,1,0,58,79,39,102,37,257,1
0,1,2,51,0.46,77,52,3,8,0,2,0,1,0,19,71,55,54,39,219,0
6,0,1,14,0.29,77,74,0,3,1,0,1,0,0,48,51,78,70,18,217,0
5,1,2,39,0.11,89,73,2,5,1,0,0,1,0,37,136,49,56,52,293,1
14,0,2,32,0.31,78,58,0,3,1,2,1,0,0,19,65,70,57,21,213,0
17,0,1,30,0.09,91,57,3,6,0,1,0,0,1,21,152,105,52,39,348,1
23,0,3,35,0.14,54,88,5,9,0,1,0,0,1,5,135,70,62,46,313,1
10,0,2,56,0.06,54,80,2,6,0,1,2,0,1,43,217,114,73,67,471,1
19,0,3,30,0.28,86,66,1,4,0,2,2,0,0,51,66,116,61,14,257,1
23,1,2,29,0.09,90,92,3,6,0,1,1,0,0,39,138,77,80,35,330,1
14,0,2,32,0.26,77,80,2,7,1,3,1,2,0,19,75,79,48,44,246,1
15,0,1,13,0.47,90,53,2,7,1,0,2,0,0,4,36,110,26,6,178,0
6,0,2,30,0.37,96,53,2,7,0,1,1,0,0,52,60,80,72,17,229,0
20,0,2,30,0.08,58,86,3,8,1,3,0,1,1,10,156,76,82,58,372,1
9,0,3,10,0.15,78,57,4,9,1,2,1,0,0,1,90,78,32,22,222,0
11,0,3,24,0.35,63,91,1,4,0,2,0,0,0,29,62,49,80,21,212,0
23,1,3,26,0.45,87,98,1,6,1,0,0,0,0,7,51,52,65,15,183,0
13,1,3,23,0.06,89,55,3,8,0,2,1,0,0,39,194,91,51,59,395,1
4,0,3,28,0.42,83,58,0,5,0,0,1,0,0,57,46,87,60,10,203,0
20,1,2,59,0.3,86,91,3,7,0,1,1,0,0,7,101,81,72,28,282,1
17,0,2,43,0.3,98,57,1,5,1,0,0,0,0,16,62,63,39,28,192,0
4,0,2,15,0.48,91,81,0,4,0,1,0,1,0,38,38,71,62,28,199,0
2,0,2,54,0.39,63,64,1,4,0,0,0,1,0,34,73,42,66,24,205,0
22,0,3,58,0.43,67,67,0,4,0,2,0,0,0,29,83,51,70,28,232,1
4,0,2,15,0.21,82,72,0,5,1,0,0,1,1,0,55,113,51,22,241,1
23,1,1,14,0.3,83,54,2,7,1,0,1,0,0,4,58,83,17,16,174,0
16,1,3,16,0.33,77,99,2,7,0,0,0,0,0,15,43,47,65,6,161,0
18,1,2,42,0.19,85,76,1,4,0,0,0,1,0,35,90,45,77,35,247,1
18,1,1,22,0.31,94,82,0,4,1,2,1,0,0,14,48,88,58,12,206,0
20,0,3,10,0.16,97,51,4,8,1,0,2,0,0,54,86,110,42,20,258,1
11,1,3,22,0.11,86,91,1,6,1,2,0,0,0,48,113,49,85,29,276,1
8,0,1,52,0.22,72,87,3,8,1,1,0,1,0,16,105,35,57,39,236,1
0,1,3,36,0.38,91,77,1,5,1,1,0,0,0,12,68,63,41,23,195,0
17,1,3,16,0.46,66,73,0,4,0,1,1,0,0,23,36,59,41,8,144,0
20,1,3,12,0.26,60,70,0,5,1,2,1,1,1,42,47,117,64,26,254,1
3,1,3,34,0.34,81,80,1,5,1,0,0,0,0,47,62,50,78,9,199,0
9,0,2,42,0.1,86,60,2,6,0,1,1,0,0,3,146,71,27,40,284,1
6,1,2,49,0.46,64,99,1,4,0,2,0,0,0,46,66,44,61,17,188,0
21,1,1,26,0.31,53,77,2,7,1,0,0,0,0,43,70,31,78,21,200,0
22,0,1,54,0.4,88,97,2,6,1,0,1,0,0,58,76,72,100,24,272,1
0,0,2,23,0.41,79,89,2,5,1,1,1,0,0,45,45,81,67,9,202,0
16,1,2,46,0.17,59,53,1,4,0,0,1,0,0,12,99,68,34,33,234,1
23,0,1,32,0.29,72,92,3,6,0,1,1,0,0,8,75,77,77,25,254,1
1,0,2,33,0.48,73,91,1,4,0,0,1,0,1,25,53,118,58,18,247,1
10,0,1,38,0.09,85,65,2,5,2,0,0,0,0,46,156,77,67,43,343,1
8,1,3,47,0.36,54,61,0,3,2,0,0,1,0,15,72,24,40,25,161,0
6,0,2,36,0.48,86,71,5,8,0,1,1,1,0,41,68,76,52,34,230,0
21,1,2,47,0.19,92,84,3,8,0,0,0,0,0,36,104,59,62,32,257,1
16,1,2,49,0.44,68,92,6,11,0,0,0,0,0,42,100,49,61,30,240,1
16,1,1,54,0.47,86,65,1,6,0,0,0,0,1,5,62,79,36,16,193,0
1,1,3,59,0.39,57,73,1,4,0,0,2,1,0,10,74,82,40,31,227,0
5,0,2,32,0.15,56,84,1,5,0,0,0,0,0,1,98,37,49,24,208,0
13,1,2,40,0.2,89,77,0,3,1,0,0,1,0,29,71,69,76,38,254,1
5,0,1,45,0.07,62,91,4,9,1,0,1,0,0,58,191,85,79,58,413,1
1,1,2,26,0.42,86,78,0,5,0,1,0,0,0,18,47,60,50,15,172,0
0,0,1,46,0.43,76,70,2,5,1,1,0,1,0,22,73,50,42,17,182,0
9,1,2,12,0.33,67,97,4,9,1,2,1,0,0,46,62,66,93,14,235,1
20,0,2,45,0.21,73,74,3,7,0,0,0,0,0,11,100,51,49,30,230,0
4,1,3,14,0.08,90,88,2,6,1,0,1,0,0,38,141,83,88,41,353,1
1,1,2,55,0.39,51,80,1,5,0,1,0,0,0,5,74,35,45,19,173,0
21,0,1,24,0.38,65,64,2,5,0,0,0,0,0,42,60,50,63,17,190,0
15,1,1,58,0.46,63,96,2,7,0,3,1,1,0,35,70,73,61,27,231,1
1,1,2,15,0.38,66,91,1,6,2,0,0,0,0,59,48,45,87,13,193,0
9,1,1,19,0.42,55,84,2,6,1,1,0,0,0,45,41,38,86,9,174,0
1,0,1,41,0.39,84,87,2,7,0,0,1,0,1,41,72,126,75,26,299,1
15,1,3,32,0.33,66,99,0,3,1,1,0,0,0,14,52,54,61,12,179,0
15,1,1,57,0.24,94,71,0,4,0,0,0,0,1,35,84,115,41,24,264,1
18,0,3,26,0.46,87,54,5,8,2,1,2,0,0,12,61,120,43,16,240,1
6,0,1,55,0.34,89,97,1,4,1,1,0,0,0,7,94,86,74,28,282,1
21,0,3,29,0.23,55,62,7,12,1,1,0,1,0,24,103,64,49,53,269,1
11,0,2,53,0.09,97,81,1,4,1,2,0,0,0,23,165,67,52,59,343,1
23,0,3,50,0.18,87,52,4,8,1,1,0,0,1,30,106,106,31,37,280,1
14,1,1,24,0.29,98,64,2,5,1,1,0,1,0,39,68,67,58,33,226,0
7,1,3,53,0.17,70,76,0,5,1,3,0,0,0,59,106,45,77,30,258,1
5,1,3,55,0.15,84,76,4,7,0,0,0,0,1,12,131,108,46,40,325,1
9,0,2,31,0.29,72,79,2,5,0,0,0,0,0,28,67,47,67,20,201,0
2,1,2,59,0.13,61,55,2,7,0,1,0,1,0,31,129,50,50,51,280,1
18,0,3,15,0.41,78,74,1,6,0,0,0,0,0,42,44,51,69,9,173,0
16,0,1,13,0.27,76,77,0,5,0,2,1,0,0,36,42,60,76,8,186,0
6,1,2,32,0.31,55,71,1,6,0,1,0,1,0,58,64,36,63,26,189,0
20,0,3,53,0.12,70,53,3,8,0,0,1,0,1,17,146,116,37,39,338,1
19,0,2,54,0.2,56,64,2,7,1,3,0,0,0,25,110,34,59,30,233,1
3,1,1,28,0.23,92,75,4,9,1,1,2,0,0,17,88,108,51,29,276,1
13,0,2,54,0.41,90,67,0,3,0,2,2,0,0,33,65,92,69,19,245,1
19,0,3,40,0.4,65,58,0,3,0,0,1,0,0,53,60,56,52,18,186,0
21,1,1,53,0.15,54,53,3,6,0,0,0,0,0,57,128,49,70,42,289,1
14,0,2,12,0.33,64,97,1,5,1,2,1,0,0,30,37,58,80,7,182,0
23,0,1,37,0.16,70,99,4,9,0,2,2,0,0,14,110,98,70,36,314,1
7,1,3,12,0.49,53,54,3,6,2,2,0,0,0,36,41,33,65,19,158,0
20,1,1,23,0.48,54,94,3,8,1,0,0,0,0,19,57,35,64,18,174,0
14,1,2,27,0.3,56,55,1,5,1,0,0,0,1,27,48,88,58,9,203,0
21,1,2,36,0.36,84,61,5,10,0,1,0,0,0,3,80,83,39,20,222,0
19,0,3,19,0.41,85,80,1,4,0,0,0,1,0,7,46,55,62,18,181,0
13,0,3,58,0.37,64,96,1,5,2,2,0,1,1,57,72,105,92,26,295,1
8,1,1,24,0.36,77,58,2,7,0,3,0,1,0,17,56,52,45,25,178,0
7,0,2,28,0.48,51,56,0,4,1,1,0,0,0,31,45,34,43,12,134,0
16,0,3,18,0.32,54,78,1,6,0,0,1,0,0,52,38,90,67,5,200,0
1,1,2,13,0.34,56,63,1,5,0,0,0,0,0,22,44,38,53,13,148,0
23,1,2,24,0.43,71,69,0,3,1,0,1,0,0,14,38,69,63,11,181,0
2,0,3,57,0.35,98,97,5,10,1,3,1,0,0,43,94,96,78,28,296,1
7,1,3,17,0.38,80,81,4,9,1,0,0,0,1,6,64,97,55,25,241,1
11,1,2,58,0.16,81,71,0,5,1,0,0,0,0,47,119,62,66,32,279,1
0,1,2,10,0.22,57,85,1,4,1,3,0,0,1,30,61,77,75,9,222,0
9,0,2,16,0.12,90,93,2,6,1,2,0,0,0,31,109,62,69,32,272,1
19,1,1,40,0.28,91,67,3,6,2,2,1,0,0,39,74,85,60,27,246,1
2,0,3,27,0.26,60,89,3,7,2,1,0,0,0,13,72,36,51,12,171,0
5,0,3,21,0.5,50,98,4,9,1,1,0,0,0,18,57,52,72,16,197,0
6,0,3,57,0.33,96,74,4,8,0,0,0,0,1,49,91,106,59,27,283,1
19,1,1,39,0.4,89,80,2,6,0,1,1,0,1,39,78,129,84,19,310,1
22,1,2,42,0.2,68,84,1,6,0,1,1,0,0,15,88,78,51,18,235,1
17,1,2,56,0.42,93,75,5,10,0,0,0,0,0,8,101,70,48,38,257,1
10,1,2,16,0.33,87,53,1,5,0,3,0,0,0,0,50,49,9,13,121,0
18,1,3,37,0.36,91,91,6,11,0,1,0,0,0,24,89,74,61,22,246,1
4,0,1,58,0.18,86,97,3,8,0,1,1,1,0,7,118,83,57,50,308,1
18,0,2,12,0.3,56,69,1,5,0,1,0,0,0,38,57,41,70,10,178,0
10,0,2,52,0.34,88,83,1,4,1,0,1,1,0,31,75,72,58,28,233,1
23,1,3,15,0.32,74,61,2,5,0,2,1,0,0,7,47,77,42,6,172,0
11,0,3,40,0.46,71,65,4,9,1,0,2,0,0,12,73,78,59,16,226,0
9,0,3,47,0.45,76,91,1,5,0,3,1,1,0,2,59,59,60,23,201,0
7,1,2,24,0.49,90,54,1,6,1,0,0,1,0,1,39,63,27,23,152,0
23,1,1,16,0.35,96,93,4,7,1,0,0,0,0,44,58,70,90,21,239,1
8,0,2,52,0.49,87,84,0,3,0,2,0,0,0,27,58,53,42,22,175,0
3,0,2,39,0.42,97,93,1,5,2,1,0,0,0,3,46,63,62,11,182,0
4,1,2,36,0.17,88,76,3,7,1,3,0,0,0,22,102,72,68,36,278,1
20,1,2,26,0.24,64,50,2,5,0,1,1,1,0,33,75,76,36,26,213,0
7,1,2,27,0.16,51,83,0,4,0,1,0,0,0,54,82,40,52,31,205,0
22,1,2,31,0.05,57,92,1,4,1,2,1,1,0,6,238,69,47,80,434,1
8,0,1,35,0.13,93,81,2,7,1,1,0,0,0,29,117,74,61,39,291,1
14,0,2,36,0.05,92,93,1,4,0,2,1,0,1,57,237,113,75,72,497,1
14,1,2,49,0.37,55,88,0,3,2,1,0,0,0,8,58,40,61,17,176,0
15,0,2,33,0.24,69,82,1,5,1,0,1,0,0,18,72,66,48,26,212,0
13,0,2,17,0.19,76,80,3,7,1,0,1,0,1,8,85,116,49,23,273,1
7,1,2,30,0.39,94,62,0,4,1,0,0,0,0,22,46,46,56,18,166,0
17,0,3,38,0.42,72,94,3,8,1,2,0,1,1,10,79,92,63,32,266,1
9,0,3,52,0.49,97,51,3,7,0,2,0,1,0,12,82,75,21,49,227,0
19,0,2,30,0.34,89,79,2,7,1,0,1,0,1,28,66,115,76,13,270,1
5,1,2,12,0.26,66,59,1,5,1,2,0,0,0,30,52,48,48,18,166,0
11,1,2,40,0.19,62,72,4,8,0,0,1,0,0,7,92,76,50,29,247,1
1,0,3,36,0.15,53,82,1,4,0,1,1,0,0,45,104,42,80,35,261,1
6,1,3,55,0.15,69,88,3,6,0,1,1,0,0,18,122,64,51,32,269,1
15,1,2,36,0.23,91,94,1,4,0,1,1,0,0,4,73,83,43,19,218,0
2,1,2,18,0.5,74,78,3,8,0,1,1,0,0,47,47,55,62,9,173,0
12,0,2,42,0.05,71,79,2,6,1,0,0,1,0,26,236,53,77,82,448,1
2,0,2,42,0.14,97,83,2,5,1,1,0,0,0,38,109,59,66,39,273,1
17,1,2,35,0.13,66,88,3,7,0,3,0,2,0,55,123,28,88,56,295,1
10,0,2,37,0.37,89,66,0,3,1,2,0,0,0,13,59,63,41,21,184,0
7,0,2,53,0.21,60,71,2,6,1,1,2,0,1,21,101,148,50,44,343,1
5,0,1,52,0.26,74,54,3,6,0,3,1,2,1,21,86,101,65,45,297,1
0,0,3,40,0.12,54,60,2,5,0,2,0,0,0,4,131,45,36,27,239,1
0,0,3,10,0.23,70,71,4,7,0,2,0,0,0,51,74,45,59,23,201,0
22,1,2,29,0.1,75,81,5,8,1,0,0,0,0,15,139,65,56,47,307,1
7,0,2,21,0.29,65,73,3,6,0,2,0,1,0,38,70,45,46,26,187,0
4,0,1,26,0.09,89,60,0,4,0,1,0,1,0,25,129,46,35,45,255,1
15,0,1,24,0.41,70,60,0,3,0,1,0,0,1,52,46,105,73,9,233,1
10,1,2,43,0.3,97,66,1,5,1,2,0,1,0,15,64,69,49,31,213,0
4,1,2,59,0.38,81,81,3,6,1,3,1,1,0,55,85,70,78,32,265,1
3,1,3,25,0.24,53,68,1,5,0,1,1,0,0,11,54,67,44,24,189,0
5,0,2,13,0.22,87,76,1,4,2,0,1,0,0,15,60,83,40,22,205,0
13,1,2,17,0.09,57,81,3,6,0,0,0,2,0,48,142,41,82,72,337,1
21,1,2,43,0.29,58,74,3,6,1,1,0,0,1,39,80,60,80,26,246,1
18,1,1,55,0.28,94,77,0,5,0,0,0,0,0,11,80,51,37,28,196,0
8,1,1,34,0.26,66,89,2,6,0,4,0,0,1,31,69,89,73,24,255,1
11,0,3,24,0.38,90,76,2,6,1,1,0,0,0,4,55,57,30,12,154,0
10,1,3,37,0.42,62,63,3,6,1,1,0,1,0,35,75,55,49,36,215,0
13,1,2,18,0.39,58,91,1,4,0,0,0,0,0,27,44,25,90,17,176,0
22,0,2,11,0.11,55,88,1,4,0,0,0,0,0,53,109,33,89,28,259,1
15,0,3,26,0.33,76,51,1,6,0,2,0,0,0,59,59,53,64,7,183,0
0,1,1,19,0.09,91,66,1,4,1,1,0,0,0,54,136,64,48,41,289,1
12,0,3,18,0.36,86,50,4,7,0,2,1,0,0,50,54,88,64,17,223,0
22,1,2,40,0.22,88,94,2,6,1,0,0,0,1,43,91,113,80,22,306,1
20,0,2,11,0.11,92,81,2,7,1,1,0,0,0,3,116,63,46,36,261,1
20,0,2,33,0.44,73,68,4,8,0,0,0,0,0,38,77,46,49,24,196,0
12,1,2,28,0.33,58,63,2,7,1,0,0,0,0,38,58,34,45,19,156,0
1,0,3,26,0.21,91,80,1,6,0,1,0,1,0,28,73,74,53,28,228,0
3,1,1,52,0.06,60,67,1,5,1,2,0,0,0,18,206,49,55,63,373,1
5,0,2,58,0.29,84,63,8,12,1,1,0,0,0,24,118,48,48,38,252,1
22,1,1,19,0.47,78,96,0,5,0,2,1,1,0,34,30,73,75,25,203,0
4,0,3,59,0.32,57,63,3,8,0,2,0,0,0,23,98,40,61,21,220,0
2,0,2,37,0.49,66,73,4,7,2,0,0,0,0,55,75,45,57,38,215,0
0,0,3,47,0.11,56,54,4,7,0,1,0,0,0,18,151,48,21,52,272,1
3,0,2,57,0.31,61,65,2,6,1,2,1,0,0,22,88,59,57,27,231,1
19,0,1,37,0.41,97,54,2,7,0,3,0,0,0,30,65,78,35,21,199,0
1,1,1,59,0.29,64,62,2,6,0,3,0,0,1,18,90,75,40,19,224,0
4,0,2,59,0.09,78,65,4,7,1,3,0,2,0,31,181,51,51,73,356,1
2,1,2,10,0.31,94,64,2,5,1,1,0,1,1,12,55,101,42,31,229,0
8,1,2,12,0.33,99,80,1,4,0,0,1,0,0,45,48,87,50,12,197,0
19,1,1,24,0.38,99,54,2,7,1,2,1,0,1,17,61,139,39,15,254,1
5,0,2,19,0.39,73,70,2,6,0,1,1,0,0,6,64,80,62,19,225,0
17,1,2,30,0.4,86,79,2,7,0,2,0,0,0,44,62,71,66,20,219,0
5,0,2,46,0.35,63,72,0,5,0,0,1,0,0,23,59,53,56,14,182,0
18,1,3,24,0.15,60,87,1,4,1,3,1,0,0,56,85,53,89,26,253,1
11,1,2,32,0.23,84,78,7,10,0,1,0,1,0,45,98,47,82,41,268,1
10,1,3,23,0.4,66,62,1,5,1,0,0,1,0,16,47,52,57,20,176,0
1,1,1,24,0.48,76,81,3,8,1,1,1,0,0,14,54,81,50,11,196,0
14,1,2,19,0.09,93,97,1,5,0,0,1,0,0,8,131,81,67,40,319,1
11,0,2,18,0.29,52,91,3,7,1,1,0,0,0,33,63,39,88,19,209,0
11,1,2,53,0.19,51,76,5,9,2,1,1,0,1,34,121,91,58,33,303,1
8,1,2,48,0.15,53,83,1,5,1,1,0,0,0,7,110,29,68,34,241,1
20,0,2,14,0.28,67,94,1,4,1,1,0,0,0,49,59,47,76,20,202,0
23,0,2,34,0.32,69,98,3,7,0,3,0,0,0,54,80,38,86,19,223,0
1,0,2,51,0.05,70,82,3,6,1,1,0,0,0,10,254,27,76,74,431,1
21,1,3,35,0.4,63,53,3,7,1,0,0,0,0,23,69,48,33,21,171,0
2,1,3,17,0.42,57,67,1,4,1,1,0,0,0,41,51,31,38,21,141,0
11,1,2,31,0.48,51,55,2,6,1,1,0,0,0,29,52,33,53,17,155,0
15,1,1,34,0.13,75,77,4,9,0,0,0,1,0,20,119,40,65,48,272,1
20,1,3,57,0.32,68,93,3,8,0,1,0,0,0,42,88,56,73,21,238,1
23,1,3,21,0.24,91,76,4,7,0,1,0,0,0,34,71,70,60,30,231,1
0,0,2,18,0.2,77,75,4,7,1,0,0,0,0,58,81,61,81,19,242,1
20,0,2,19,0.3,78,69,2,6,1,1,0,1,0,11,50,40,41,28,159,0
2,1,3,57,0.4,54,62,1,6,0,4,0,0,0,8,71,58,36,21,186,0
19,1,3,19,0.06,92,77,2,6,0,0,0,0,0,11,199,67,60,57,383,1
1,1,2,18,0.49,77,83,2,5,1,1,1,0,0,27,36,78,72,8,194,0
8,1,2,35,0.41,90,98,1,5,0,1,1,2,0,28,57,68,72,39,236,1
18,1,3,44,0.39,97,72,2,7,0,0,0,1,0,45,66,69,57,25,217,0
14,0,3,36,0.39,75,59,9,14,0,2,1,0,0,44,99,72,65,28,264,1
17,0,3,40,0.23,54,79,2,7,1,0,0,0,0,39,85,23,69,19,196,0
10,1,3,28,0.39,64,71,3,8,0,1,1,1,0,34,66,58,50,28,202,0
22,0,1,52,0.22,95,54,2,7,0,1,0,0,0,28,98,82,37,32,249,1
15,1,3,47,0.45,58,93,1,4,1,1,0,1,0,55,57,33,78,27,195,0
21,1,2,15,0.13,81,99,1,5,2,3,0,1,0,50,94,55,98,32,279,1
16,1,3,24,0.18,75,58,1,5,0,0,1,0,0,5,69,66,27,20,182,0
4,0,2,38,0.3,86,92,2,6,1,2,0,1,0,15,64,65,81,40,250,1
11,0,3,56,0.19,64,53,2,5,1,3,0,1,0,45,113,53,67,37,270,1
10,1,2,54,0.24,90,91,1,4,2,4,0,0,0,27,92,71,74,28,265,1
14,0,2,14,0.27,53,50,4,7,1,1,2,0,0,0,64,77,25,24,190,0
2,0,1,23,0.44,85,83,0,3,1,0,0,0,0,28,40,70,85,5,200,0
0,1,2,11,0.29,69,90,1,5,1,0,0,0,0,51,52,39,79,13,183,0
19,0,3,32,0.21,76,75,4,9,0,0,0,0,0,39,93,51,58,33,235,1
15,0,3,53,0.16,70,67,2,7,1,2,0,0,1,5,110,86,38,28,262,1
1,1,2,55,0.23,71,65,2,5,1,1,0,0,0,26,93,61,36,31,221,0
1,1,1,28,0.28,56,72,2,6,0,0,1,0,0,36,59,39,51,21,170,0
2,0,3,33,0.39,96,95,4,8,0,1,0,1,0,21,68,52,59,26,205,0
7,1,3,29,0.1,80,85,3,6,0,1,0,0,0,6,131,40,52,39,262,1
23,0,3,56,0.15,66,75,4,8,0,1,2,0,0,0,134,84,42,51,311,1
14,1,3,36,0.22,99,51,3,8,1,0,1,1,0,12,91,86,22,34,233,1
6,1,3,33,0.21,56,93,1,4,2,1,1,0,0,47,73,41,75,28,217,0
5,1,2,26,0.23,68,54,1,5,0,0,0,2,0,50,64,55,54,42,215,0
8,1,3,34,0.41,77,78,4,8,0,0,0,0,0,43,69,62,63,21,215,0
19,0,2,55,0.2,59,53,1,5,2,0,0,1,0,13,96,42,40,40,218,0
0,1,3,40,0.28,76,96,0,3,1,1,1,1,0,14,73,59,68,36,236,1
7,1,3,37,0.33,62,84,0,5,1,0,1,1,0,11,70,89,61,27,247,1
22,1,1,59,0.15,51,71,4,8,0,1,0,0,0,48,128,43,52,38,261,1
22,0,2,37,0.37,71,98,1,4,1,2,1,0,0,40,66,81,69,7,223,0
2,0,1,31,0.3,69,57,1,4,1,1,0,0,0,3,61,38,29,28,156,0
3,1,1,14,0.25,92,93,2,6,0,2,0,1,0,49,60,54,88,27,229,0
14,1,2,53,0.41,54,70,3,6,0,0,1,0,0,43,82,45,65,28,220,0
5,1,3,51,0.16,55,57,3,8,0,2,0,0,0,42,115,34,53,38,240,1
14,1,1,17,0.45,84,54,2,7,0,2,0,0,0,20,41,54,40,13,148,0
20,1,2,47,0.3,50,70,3,6,2,1,1,0,0,1,83,52,54,22,211,0
2,1,3,37,0.32,84,76,0,4,0,1,0,1,0,54,62,68,88,22,240,1
20,0,3,56,0.44,52,87,1,6,1,1,0,0,0,51,74,44,75,15,208,0
20,1,2,21,0.42,85,54,2,6,1,1,1,0,0,20,60,87,36,13,196,0
13,1,3,34,0.32,56,70,2,5,0,3,0,0,0,56,67,51,48,22,188,0
19,1,2,47,0.39,78,57,2,7,1,1,0,0,0,13,70,57,44,25,196,0
13,1,1,53,0.24,64,71,3,7,0,0,2,0,0,43,96,104,64,27,291,1
3,1,1,24,0.3,60,67,4,7,0,1,0,0,0,1,70,43,49,21,183,0
11,1,1,53,0.08,67,53,1,5,2,2,0,1,0,10,171,51,46,61,329,1
16,0,2,50,0.09,93,53,2,7,0,2,0,0,0,36,162,55,48,44,309,1
6,0,3,43,0.42,53,86,1,4,0,2,1,0,0,13,75,49,44,25,193,0
8,0,3,54,0.08,73,64,5,8,1,3,2,0,0,46,192,94,74,61,421,1
2,0,2,22,0.13,60,87,1,5,1,2,0,0,0,19,92,41,54,14,201,0
12,0,2,17,0.41,55,76,2,6,1,1,0,0,0,34,55,53,76,22,206,0
14,0,2,22,0.05,67,70,0,3,1,1,1,0,0,26,219,56,62,62,399,1
17,1,3,45,0.18,64,97,2,7,0,1,1,0,0,48,93,52,62,33,240,1
18,1,3,15,0.31,52,95,0,5,1,3,0,0,0,59,45,39,82,15,181,0
0,1,2,47,0.32,66,95,3,7,1,0,0,0,0,5,84,40,52,26,202,0
5,1,1,41,0.4,82,97,3,7,0,0,0,0,0,6,76,57,31,20,184,0
22,1,2,30,0.28,83,53,1,5,1,1,1,0,0,44,76,82,39,16,213,0
1,1,2,53,0.28,79,60,4,9,0,1,2,0,0,0,98,99,20,22,239,1
23,0,2,53,0.38,68,68,3,8,0,0,0,0,0,12,81,42,55,14,192,0
13,1,2,58,0.27,58,68,1,5,0,0,0,1,0,37,88,35,53,37,213,0
5,0,2,16,0.32,89,76,1,5,1,1,0,0,0,16,47,72,51,12,182,0
13,0,2,35,0.45,93,89,2,5,2,0,1,0,0,37,53,85,71,20,229,0
3,1,2,24,0.23,80,91,3,6,1,0,0,0,0,35,81,61,94,25,261,1
20,1,2,58,0.22,76,77,4,7,1,2,1,0,0,37,100,72,64,30,266,1
7,1,3,51,0.05,96,54,4,7,0,1,1,0,0,0,254,84,26,72,436,1
2,1,3,32,0.33,74,97,6,10,0,0,1,0,0,0,78,64,51,26,219,0
18,1,3,47,0.06,56,74,3,8,2,1,0,1,1,18,219,85,48,70,422,1
13,1,3,50,0.28,97,52,1,6,1,3,0,0,0,53,77,70,61,22,230,0
19,1,2,24,0.41,56,75,1,4,0,0,1,1,0,50,52,49,66,33,200,0
16,0,2,57,0.3,69,59,3,8,1,0,0,0,0,29,99,56,40,32,227,0
7,1,3,49,0.17,93,73,2,5,0,1,0,1,0,12,101,49,50,33,233,1
23,1,2,25,0.4,98,78,3,7,0,0,0,1,0,6,53,79,61,24,217,0
13,0,2,41,0.17,92,94,1,4,1,0,0,1,0,42,89,57,78,31,255,1
5,1,2,46,0.38,85,56,3,8,1,0,2,0,0,19,84,101,37,28,250,1
22,1,2,27,0.32,68,93,1,6,0,4,0,0,0,43,58,47,79,18,202,0
21,0,2,29,0.13,51,72,1,6,0,0,1,0,0,8,100,45,25,35,205,0
15,1,2,55,0.46,83,95,4,8,0,0,0,0,0,12,89,54,60,33,236,1
18,1,3,11,0.14,66,76,2,5,1,0,0,0,0,38,86,59,55,21,221,0
13,1,2,32,0.5,73,91,0,4,1,2,1,1,0,19,47,79,45,26,197,0
18,1,3,39,0.05,58,58,0,4,2,2,1,1,0,24,229,73,60,74,436,1
2,1,2,12,0.17,50,93,3,6,1,2,0,1,1,4,77,67,52,37,233,1
9,1,3,55,0.14,91,52,0,5,0,0,0,1,0,47,119,56,46,48,269,1
18,0,2,48,0.06,77,62,1,6,1,0,0,0,0,51,208,51,63,63,385,1
8,1,2,56,0.38,64,55,1,6,1,1,0,0,0,49,80,44,42,22,188,0
19,1,1,58,0.36,70,87,4,9,0,1,1,0,0,24,103,60,57,30,250,1
12,0,1,10,0.41,64,70,4,8,0,1,0,0,0,11,56,45,39,8,148,0
6,0,2,50,0.17,72,68,4,7,2,0,0,1,1,25,123,93,50,52,318,1
13,1,2,31,0.25,51,74,1,4,0,1,0,1,0,55,73,46,91,20,230,0
8,0,2,38,0.35,95,88,2,5,1,0,0,0,0,21,66,67,79,26,238,1
22,1,1,23,0.25,85,53,2,6,0,3,0,1,1,0,72,103,16,25,216,0
18,1,3,57,0.36,99,71,0,5,0,0,0,0,1,7,73,101,46,27,247,1
14,0,3,37,0.34,58,54,2,7,1,4,0,0,0,35,60,24,43,15,142,0
19,1,1,30,0.1,51,50,3,6,1,1,1,1,0,48,141,67,56,51,315,1
13,1,2,54,0.4,51,99,1,6,0,1,0,0,0,2,76,36,45,21,178,0
23,0,3,41,0.37,67,66,3,7,0,1,0,0,0,21,71,56,70,16,213,0
5,0,2,15,0.35,66,58,0,5,1,0,1,0,0,49,32,62,58,5,157,0
20,0,2,10,0.12,90,58,1,6,0,1,0,0,0,39,104,51,47,41,243,1
3,0,2,30,0.17,57,73,2,7,1,1,1,0,0,20,94,45,46,22,207,0
7,1,2,13,0.23,83,59,1,4,0,1,0,0,0,20,64,49,47,21,181,0
16,0,2,12,0.18,83,69,3,7,1,1,0,1,0,30,78,48,46,29,201,0
8,0,2,58,0.15,54,66,1,4,1,1,0,1,1,0,117,82,33,49,281,1
0,0,2,39,0.41,93,62,5,9,0,0,2,0,0,40,75,104,61,22,262,1
23,0,1,40,0.34,78,78,1,4,0,0,0,0,0,26,74,64,47,25,210,0
19,0,3,43,0.3,77,85,0,4,0,2,0,0,1,1,82,91,53,26,252,1
13,1,2,28,0.15,65,72,0,4,0,0,1,1,0,56,88,79,75,32,274,1
10,0,2,29,0.46,63,76,3,6,1,0,1,0,0,28,61,70,44,16,191,0
20,1,2,32,0.14,51,67,0,3,0,0,1,0,1,57,104,95,69,30,298,1
2,0,2,49,0.41,89,67,5,10,1,0,0,0,0,41,78,55,61,21,215,0
8,0,2,34,0.49,53,58,0,4,1,1,1,0,0,58,61,72,72,13,218,0
13,0,2,24,0.38,90,52,0,4,0,2,0,1,0,45,55,58,50,32,195,0
8,0,1,47,0.5,80,56,1,5,1,3,0,0,0,0,56,62,23,19,160,0
3,0,2,32,0.34,75,64,2,6,1,4,0,1,1,41,59,100,47,25,231,1
3,0,2,11,0.15,76,79,4,8,0,0,1,0,0,7,88,86,36,21,231,1
7,0,1,24,0.14,83,58,1,6,1,1,0,0,0,34,88,49,50,25,212,0
1,0,3,53,0.2,80,90,3,8,0,0,1,0,0,44,110,100,66,25,301,1
8,1,2,44,0.05,97,76,3,8,0,0,0,1,0,34,245,86,73,85,489,1
13,0,2,19,0.36,60,85,1,5,0,1,0,1,0,6,49,47,54,22,172,0
21,1,2,23,0.17,57,67,0,3,0,3,0,0,0,22,83,26,54,22,185,0
8,0,2,36,0.42,61,80,1,4,1,1,0,0,0,22,62,50,59,24,195,0
23,1,3,23,0.21,84,66,3,7,0,2,0,0,0,42,86,67,58,23,234,1
22,0,1,44,0.27,94,55,0,5,0,0,0,1,0,45,75,52,68,40,235,1
15,0,1,42,0.48,83,88,0,3,1,1,2,0,0,38,60,96,54,13,223,0
16,0,1,10,0.16,62,74,1,4,0,0,1,0,0,18,75,75,53,17,220,0
15,1,1,43,0.37,76,91,3,8,0,1,0,0,1,14,73,71,46,20,210,0
11,1,1,28,0.39,57,91,2,6,1,2,0,0,0,7,51,43,39,15,148,0
2,1,2,33,0.15,96,87,1,5,0,2,0,0,0,32,102,70,54,26,252,1
10,1,2,51,0.28,70,87,0,4,2,1,0,0,0,34,81,37,88,31,237,1
13,0,3,13,0.21,90,80,0,4,0,0,0,0,0,39,54,68,63,17,202,0
17,0,2,45,0.4,60,78,2,6,0,0,1,0,1,12,68,102,53,15,238,1
20,0,2,22,0.33,71,89,2,5,2,2,1,0,0,49,57,69,92,14,232,1
20,1,3,41,0.26,70,58,1,6,1,0,0,0,1,30,75,92,38,24,229,0
4,0,3,18,0.4,77,50,1,4,0,0,1,1,0,6,39,72,30,20,161,0
15,1,2,48,0.16,52,65,0,3,1,1,0,0,1,19,108,74,45,28,255,1
19,1,2,25,0.39,56,87,2,5,0,2,0,1,0,37,53,35,79,30,197,0
4,1,3,59,0.44,63,72,1,6,1,1,1,0,0,56,77,65,83,32,257,1
2,1,2,12,0.45,64,57,0,3,1,0,1,0,0,7,29,57,26,8,120,0
11,1,2,29,0.4,58,96,1,4,1,2,0,0,0,35,49,61,66,16,192,0
0,0,3,19,0.23,92,61,3,7,0,2,1,0,0,54,72,74,75,27,248,1
20,1,2,31,0.49,56,59,3,8,1,1,1,0,0,13,55,64,34,12,165,0
8,1,1,57,0.22,61,65,4,8,0,1,0,0,0,29,103,32,50,39,224,0
8,0,2,12,0.34,68,96,0,4,0,0,0,0,0,50,37,80,77,5,199,0
3,1,2,20,0.12,76,92,1,4,0,1,1,0,0,8,106,65,69,34,274,1
2,1,3,34,0.49,67,73,2,6,1,0,0,0,0,12,60,65,52,14,191,0
16,0,1,51,0.37,62,88,3,6,1,2,0,0,0,11,82,37,38,18,175,0
1,0,3,57,0.39,92,57,4,8,0,2,1,2,1,1,89,132,23,43,287,1
23,0,2,17,0.08,50,60,3,8,2,1,0,0,0,37,155,35,49,44,283,1
0,1,2,18,0.39,87,90,2,7,1,1,1,1,0,20,45,84,62,20,211,0
7,0,1,24,0.4,70,75,6,10,0,0,0,0,0,28,81,53,72,29,235,1
12,0,3,41,0.35,83,56,2,5,2,0,1,0,0,19,71,85,46,21,223,0
22,0,3,12,0.18,62,64,3,6,1,1,1,0,1,49,84,109,59,28,280,1
14,1,2,13,0.27,94,64,1,4,0,4,1,1,0,8,55,84,45,29,213,0
7,0,2,39,0.1,90,97,1,5,1,2,0,0,0,14,135,64,64,39,302,1
11,1,2,22,0.26,72,52,3,6,1,0,0,0,0,52,71,51,50,15,187,0
21,1,3,53,0.16,50,65,1,5,0,2,0,0,0,32,104,35,45,35,219,0
11,0,1,30,0.21,72,64,2,7,0,2,1,2,0,52,83,69,60,40,252,1
13,1,2,50,0.12,77,74,2,5,1,2,0,0,0,6,129,58,35,46,268,1
14,1,2,55,0.15,81,82,2,6,0,3,0,0,0,2,116,53,51,39,259,1
14,0,2,28,0.08,57,63,5,8,1,1,0,0,1,22,178,89,59,53,379,1
8,1,2,48,0.46,75,73,1,5,0,1,0,0,0,21,62,65,60,6,193,0
18,0,2,57,0.29,63,60,0,3,2,0,1,0,0,38,85,61,62,27,235,1
19,1,3,31,0.23,73,52,2,7,1,0,1,0,0,12,74,76,28,32,210,0
21,1,2,29,0.29,97,58,2,6,1,2,0,0,0,8,72,64,25,20,181,0
7,0,2,46,0.33,78,55,1,5,0,3,1,0,0,33,67,68,57,16,208,0
20,0,2,40,0.46,53,80,6,11,1,0,1,0,1,11,83,91,56,24,254,1
18,1,2,19,0.13,67,65,3,8,0,0,0,0,1,33,108,79,53,34,274,1
5,1,3,27,0.18,63,60,2,5,1,0,0,0,0,44,89,28,64,31,212,0
19,0,2,52,0.49,76,99,3,7,0,0,1,0,0,32,77,95,72,22,266,1
18,1,2,48,0.22,90,66,1,5,1,1,0,0,0,58,82,62,84,20,248,1
3,1,2,55,0.06,96,98,2,5,0,1,1,0,0,49,212,90,89,72,463,1
22,1,2,29,0.12,52,52,3,6,1,3,0,2,0,34,121,30,47,47,245,1
6,1,2,27,0.06,79,68,3,7,1,1,1,1,0,27,212,72,39,78,401,1
3,0,1,20,0.5,85,73,3,8,1,1,1,0,0,38,48,67,57,17,189,0
21,0,1,31,0.18,72,96,0,3,0,1,1,0,1,2,87,118,70,30,305,1
11,0,3,53,0.47,67,91,2,6,0,1,0,0,1,46,78,81,83,19,261,1
12,0,2,27,0.5,95,57,3,6,1,1,1,0,0,11,60,105,56,12,233,1
2,0,1,43,0.32,96,98,1,6,0,1,0,1,0,42,64,62,70,29,225,0
21,0,3,32,0.06,89,85,2,6,0,1,1,0,0,12,205,86,39,57,387,1
11,1,1,10,0.09,59,89,1,5,0,1,1,1,0,55,126,51,89,42,308,1
1,0,2,19,0.27,61,51,2,6,1,1,0,0,0,2,62,42,40,15,159,0
23,1,2,10,0.23,90,72,2,7,0,3,1,1,0,17,63,65,52,28,208,0
1,1,1,47,0.32,57,89,3,6,2,1,0,0,0,46,80,28,86,27,221,0
22,1,2,48,0.25,81,79,1,6,0,1,1,0,0,25,86,89,74,20,269,1
8,0,1,58,0.47,66,74,1,6,1,1,1,0,0,9,78,81,45,32,236,1
0,1,3,18,0.29,90,56,0,5,0,1,0,0,0,51,38,64,73,0,173,0
7,0,2,40,0.36,94,77,2,6,2,2,0,1,0,3,70,66,30,34,200,0
22,1,1,16,0.45,63,90,2,7,0,1,0,1,0,36,37,53,72,26,188,0
5,1,2,26,0.12,86,99,0,4,0,2,0,1,0,11,100,63,65,46,274,1
5,0,2,44,0.15,58,66,0,4,0,2,0,0,1,52,103,73,68,29,273,1
21,1,1,57,0.1,75,81,0,3,0,1,0,1,0,50,147,60,81,52,340,1
17,1,2,46,0.11,97,50,3,6,0,0,0,1,0,15,140,74,47,61,322,1
16,1,2,27,0.28,73,76,5,10,1,1,0,0,0,16,92,65,48,18,223,0
11,1,3,42,0.19,72,93,2,6,0,0,1,0,0,39,97,81,64,26,268,1
5,0,2,13,0.24,80,85,4,8,1,2,0,0,0,30,69,37,74,15,195,0
7,1,3,32,0.49,88,98,2,5,1,0,0,0,0,25,57,52,62,21,192,0
18,1,3,20,0.12,93,56,1,5,1,0,0,1,1,1,95,132,17,38,282,1
9,0,2,18,0.29,51,52,1,6,0,1,1,0,0,28,55,52,48,8,163,0
0,1,3,39,0.09,99,79,2,6,0,0,0,0,1,59,150,109,73,40,372,1
12,1,3,17,0.19,67,50,1,6,0,3,1,0,0,29,77,66,29,21,193,0
16,1,2,49,0.29,65,83,1,4,0,0,0,0,0,47,73,42,59,24,198,0
2,1,3,14,0.48,78,87,2,5,0,0,0,0,0,46,46,74,73,6,199,0
7,0,2,21,0.23,60,92,3,7,0,1,0,0,0,10,75,43,56,31,205,0
13,1,2,10,0.08,51,85,2,6,0,0,0,0,0,36,147,26,73,45,291,1
2,0,3,24,0.22,63,82,2,5,1,0,0,0,0,33,79,41,68,26,214,0
15,1,2,34,0.12,53,92,1,6,0,3,0,0,0,53,117,47,85,36,285,1
12,1,2,27,0.15,88,65,2,7,0,2,0,1,0,6,103,53,33,44,233,1
19,1,1,47,0.33,83,87,0,5,0,1,1,1,0,38,69,85,69,20,243,1
23,0,3,51,0.08,95,60,2,5,1,2,0,0,0,28,172,60,54,59,345,1
16,1,3,55,0.26,88,57,6,9,1,0,0,1,0,32,121,60,48,52,281,1
12,1,2,35,0.32,58,50,0,3,1,1,0,0,0,56,49,54,68,17,188,0
5,0,3,49,0.24,89,63,1,5,1,2,1,0,0,48,79,90,56,33,258,1
16,0,2,12,0.06,90,79,2,5,1,1,0,1,0,55,184,69,80,60,393,1
13,0,2,31,0.49,56,70,2,7,0,0,0,0,0,26,51,29,56,10,146,0
16,0,2,35,0.22,66,70,1,6,0,2,1,1,0,15,78,77,42,32,229,0
7,1,3,28,0.4,72,83,6,9,2,1,0,0,0,16,77,41,65,19,202,0
10,1,2,53,0.2,94,87,0,3,1,0,0,0,0,10,89,64,51,27,231,1
19,1,1,53,0.26,60,75,1,6,1,1,1,0,1,13,88,104,57,32,281,1
0,1,3,56,0.22,71,90,1,4,1,1,0,0,0,12,89,63,68,28,248,1
6,0,3,48,0.2,67,63,3,7,0,2,1,0,0,34,106,70,62,33,271,1
20,1,2,45,0.06,98,89,1,4,1,1,0,0,1,25,204,112,65,55,436,1
20,1,2,30,0.21,77,84,4,9,0,2,0,0,1,51,90,87,63,26,266,1
16,1,3,50,0.45,65,91,1,6,0,1,1,0,0,24,61,77,69,17,224,0
9,1,3,57,0.36,91,67,2,5,0,0,0,1,0,39,94,65,76,36,271,1
10,0,2,35,0.12,53,69,1,6,1,1,1,0,0,43,113,40,80,39,272,1
21,1,3,22,0.32,85,58,0,3,0,2,0,0,0,42,57,84,48,19,208,0
8,1,3,45,0.45,71,90,3,8,0,0,0,0,0,58,67,41,85,15,208,0
8,1,3,33,0.37,60,94,1,6,1,1,0,0,0,11,56,28,53,16,153,0
23,0,3,50,0.12,70,82,3,8,0,1,1,1,1,46,139,105,88,56,388,1
4,0,2,35,0.44,89,98,2,5,0,1,1,0,0,52,61,95,92,19,267,1
16,1,2,30,0.19,90,53,3,6,1,1,0,0,0,3,89,86,35,28,238,1
8,1,2,27,0.25,65,53,2,5,1,0,0,0,0,41,71,47,58,17,193,0
16,1,2,24,0.29,91,97,2,6,0,0,0,0,0,47,69,71,61,25,226,0
23,0,3,24,0.43,58,65,0,4,1,1,1,1,0,40,35,56,54,14,159,0
20,1,3,15,0.47,84,96,2,6,1,0,0,0,0,48,47,73,84,13,217,0
18,1,2,52,0.47,83,75,4,9,0,0,0,0,0,26,84,52,48,26,210,0
6,1,2,40,0.05,58,55,2,7,0,3,0,0,0,53,244,49,55,76,424,1
22,0,2,37,0.46,62,86,1,4,0,0,1,0,0,44,47,87,78,14,226,0
8,1,2,17,0.07,55,71,3,8,1,1,0,1,0,7,175,49,51,61,336,1
6,1,2,38,0.17,53,91,3,7,1,2,0,1,0,54,95,40,78,31,244,1
12,0,1,30,0.28,95,88,2,6,0,2,0,1,0,7,67,61,55,28,211,0
10,0,2,26,0.27,77,56,2,5,1,1,0,0,0,28,64,51,38,23,176,0
13,1,1,58,0.32,60,91,2,7,1,2,1,0,0,2,87,45,48,29,209,0
18,0,1,33,0.27,83,79,3,8,0,2,1,0,0,20,77,82,64,22,245,1
10,1,3,59,0.47,84,59,2,6,2,0,1,0,0,30,77,82,39,27,225,0
12,0,2,45,0.16,54,64,1,4,2,1,0,1,0,12,103,26,54,43,226,0
13,0,2,40,0.17,88,55,1,5,1,0,1,0,1,30,100,125,58,40,323,1
12,1,1,56,0.46,60,73,2,7,1,3,0,0,0,16,90,40,56,24,210,0
0,1,1,43,0.08,61,51,3,7,0,2,0,0,0,47,165,30,59,48,302,1
7,1,3,11,0.32,92,89,1,5,0,4,1,1,0,31,40,78,55,19,192,0
11,0,2,51,0.36,68,64,2,7,2,0,0,1,0,23,78,36,55,33,202,0
18,1,3,12,0.28,62,70,3,8,0,0,0,0,0,1,57,41,31,13,142,0
11,1,2,39,0.36,53,67,0,5,0,0,0,0,0,41,57,38,42,17,154,0
7,1,2,17,0.13,63,54,4,8,0,0,0,1,1,2,109,75,36,46,266,1
7,1,2,16,0.43,93,74,1,5,1,0,1,0,0,25,42,69,75,20,206,0
20,1,3,21,0.11,51,85,1,5,0,0,0,0,0,1,120,43,44,38,245,1
12,0,2,28,0.23,57,59,1,4,0,1,1,0,0,32,78,50,56,31,215,0
11,1,3,35,0.08,71,95,2,5,1,2,1,1,1,33,158,116,78,53,405,1
15,1,2,37,0.3,62,72,0,5,0,0,1,0,0,25,58,62,56,24,200,0
0,0,2,24,0.35,70,73,0,3,1,0,1,0,0,33,41,74,45,11,171,0
12,1,3,23,0.47,70,94,2,7,0,0,0,0,0,37,42,46,77,2,167,0
6,1,3,57,0.38,77,59,2,6,0,4,0,0,1,13,73,107,57,11,248,1
4,1,2,23,0.29,82,55,2,7,0,3,0,0,0,30,70,81,57,21,229,0
7,1,2,12,0.47,78,62,2,6,1,1,0,0,0,19,45,59,27,6,137,0
13,1,2,59,0.27,86,70,2,7,1,0,0,1,0,9,91,41,57,37,226,0
22,0,2,38,0.3,71,81,1,4,1,1,1,0,1,19,68,119,57,21,265,1
12,0,3,15,0.32,75,92,2,6,0,1,0,0,1,32,48,86,84,14,232,1
14,0,2,58,0.23,60,64,3,7,1,0,1,0,0,57,98,34,52,26,210,0
22,1,1,32,0.43,60,51,2,6,0,0,1,0,0,44,62,59,46,30,197,0
16,0,3,37,0.13,94,64,5,8,0,4,1,0,1,47,133,138,62,41,374,1
14,1,3,23,0.3,83,66,2,5,1,0,1,0,0,59,57,88,81,20,246,1
19,1,1,23,0.38,68,69,1,4,0,0,0,0,0,1,58,44,40,21,163,0
17,1,3,29,0.46,97,99,4,8,1,1,1,1,0,45,71,106,76,23,276,1
17,0,2,22,0.45,86,55,4,9,0,0,0,0,0,50,54,52,56,20,182,0
1,0,2,36,0.28,63,64,2,7,0,0,2,0,0,11,67,103,63,23,256,1
3,0,3,44,0.34,78,66,1,4,1,3,1,0,0,15,71,69,37,18,195,0
0,1,2,54,0.23,68,75,3,8,0,3,0,0,0,8,112,43,44,35,234,1
3,0,1,11,0.26,86,71,3,7,0,0,1,0,0,10,57,61,37,19,174,0
17,1,2,50,0.46,70,58,0,4,0,0,0,0,0,20,65,45,49,23,182,0
4,0,3,54,0.47,73,61,3,6,0,1,0,0,0,11,77,55,32,29,193,0
18,0,1,49,0.45,75,71,1,4,1,1,0,0,0,3,69,50,45,23,187,0
14,1,2,57,0.11,90,72,3,8,1,1,1,0,0,25,141,67,47,39,294,1
7,1,2,33,0.43,61,86,1,6,1,2,1,0,0,18,50,65,64,12,191,0
19,0,2,38,0.48,97,63,3,8,0,1,0,0,1,41,67,108,60,19,254,1
16,0,2,12,0.21,68,73,2,5,0,1,0,1,0,46,68,48,75,26,217,0
0,0,3,54,0.28,96,57,1,4,1,2,0,0,0,16,73,74,47,17,211,0
11,1,2,13,0.4,98,75,4,7,0,1,0,1,1,58,51,108,86,25,270,1
18,1,2,59,0.3,79,81,1,5,0,0,0,0,0,43,82,57,92,17,248,1
14,0,2,11,0.5,64,77,0,5,1,2,1,0,0,0,32,79,69,6,186,0
8,0,2,29,0.26,52,81,2,5,0,1,0,1,0,47,70,29,76,31,206,0
6,1,3,24,0.37,98,71,0,3,1,0,1,1,0,57,48,97,73,29,247,1
1,0,2,58,0.41,62,98,1,4,0,0,0,0,0,7,82,44,58,24,208,0
8,1,2,41,0.27,58,58,1,6,1,3,0,0,0,57,74,34,60,15,183,0
9,1,2,51,0.44,62,52,0,5,0,0,0,0,0,29,66,57,48,19,190,0
1,1,2,10,0.3,65,74,4,8,1,3,0,2,0,56,66,38,63,36,203,0
18,1,2,47,0.24,63,88,3,7,0,1,0,1,0,50,92,50,83,37,262,1
10,1,3,44,0.1,57,61,1,5,1,0,0,0,0,40,137,29,38,45,249,1
12,1,2,16,0.23,68,78,1,5,0,1,0,0,0,23,64,35,59,18,176,0
9,0,3,54,0.38,81,52,2,5,1,2,1,0,0,42,81,86,44,25,236,1
13,1,2,22,0.46,84,90,1,5,1,0,0,0,1,16,50,77,58,18,203,0
17,1,2,58,0.16,72,95,3,6,0,1,0,0,0,53,126,36,89,42,293,1
18,0,1,10,0.21,70,72,3,6,0,2,0,0,0,29,69,63,46,17,195,0
21,1,3,23,0.12,67,72,3,8,1,2,0,0,0,40,117,69,56,37,279,1
8,0,1,38,0.36,97,67,1,4,0,2,0,0,1,51,60,120,53,17,250,1
6,1,1,12,0.48,63,60,4,9,1,1,0,0,0,42,40,32,70,9,151,0
2,0,2,55,0.34,65,85,1,5,0,0,0,0,0,8,82,50,35,13,180,0
19,0,3,33,0.33,73,75,9,13,1,0,0,0,0,1,96,36,40,35,207,0
5,1,1,10,0.3,98,57,0,5,0,0,0,0,0,25,43,66,55,26,190,0
20,1,1,57,0.09,81,77,2,7,1,0,0,0,0,31,166,50,72,46,334,1
1,1,3,19,0.38,60,67,2,6,0,0,0,0,0,26,52,55,64,18,189,0
5,1,3,22,0.32,94,62,3,6,0,0,1,1,0,40,57,84,64,24,229,0
2,0,2,45,0.35,60,85,2,5,0,0,0,0,0,10,67,18,47,24,156,0
15,0,2,18,0.45,53,91,5,10,1,1,0,0,0,0,61,42,56,18,177,0
7,0,2,23,0.4,75,89,2,5,0,1,0,1,0,51,53,48,61,33,195,0
1,1,2,45,0.4,95,93,4,7,0,3,2,0,1,36,82,142,66,26,316,1
16,0,3,19,0.47,54,61,0,4,1,0,0,0,0,17,33,51,34,0,118,0
8,1,1,49,0.5,85,71,3,8,0,1,0,0,0,53,68,60,63,8,199,0
11,1,3,32,0.31,82,51,1,5,1,1,1,0,0,7,66,63,32,18,179,0
2,0,2,44,0.1,63,89,1,4,1,1,0,0,0,26,149,38,54,33,274,1
10,1,2,16,0.26,81,77,2,5,1,2,2,1,0,17,63,91,68,29,251,1
0,0,2,51,0.4,56,62,1,5,0,3,0,0,0,8,75,37,28,23,163,0
22,1,3,44,0.06,59,82,0,3,1,1,0,0,0,1,192,33,52,52,329,1
12,0,1,11,0.08,51,52,1,4,0,1,0,0,0,16,143,36,22,45,246,1
14,1,1,24,0.08,59,83,0,4,1,1,1,0,0,10,141,65,56,43,305,1
4,0,1,18,0.38,84,72,3,6,0,1,0,0,0,45,54,64,52,17,187,0
20,0,3,56,0.28,70,81,1,5,0,1,0,0,0,5,92,51,63,32,238,1
16,1,3,26,0.22,89,69,2,7,0,0,0,0,0,4,74,63,42,23,202,0
22,1,2,48,0.1,91,77,0,3,2,1,0,0,1,11,141,107,46,37,331,1
23,0,1,27,0.38,57,57,1,4,1,0,0,0,0,43,51,53,60,13,177,0
5,1,3,24,0.19,95,52,0,4,0,0,1,0,0,41,63,69,50,15,197,0
20,1,3,27,0.17,67,79,1,6,2,3,0,0,0,34,89,41,70,14,214,0
21,1,2,33,0.34,58,74,1,4,0,1,1,1,0,50,61,63,78,33,235,1
10,0,2,32,0.3,90,79,2,5,1,2,1,0,1,23,69,121,56,26,272,1
17,0,1,21,0.21,79,78,3,8,1,0,1,1,0,29,80,67,60,36,243,1
3,1,2,32,0.34,53,96,0,3,1,0,1,1,0,51,62,36,70,24,192,0
2,1,3,30,0.17,84,79,2,6,0,1,2,0,0,16,92,108,65,23,288,1
12,0,1,35,0.41,63,83,3,8,0,1,0,0,0,46,55,51,73,18,197,0
22,1,2,17,0.15,63,74,2,7,1,1,0,0,1,35,97,72,68,26,263,1
8,0,2,39,0.12,97,66,2,5,0,0,0,0,0,5,125,86,38,42,291,1
20,1,3,43,0.4,86,73,1,6,0,1,0,0,0,31,59,61,41,27,188,0
5,1,2,11,0.37,69,87,0,5,1,2,0,0,0,33,40,42,60,10,152,0
11,1,1,14,0.13,78,77,1,6,1,1,1,0,0,43,86,61,44,33,224,0
1,0,2,40,0.1,72,82,0,3,0,0,0,0,0,15,121,43,53,41,258,1
2,0,2,42,0.43,96,85,4,9,0,0,0,0,0,6,82,64,65,22,233,1
2,0,1,13,0.4,70,56,0,3,0,0,1,0,0,31,41,69,38,9,157,0
11,0,3,15,0.2,80,72,3,8,1,2,1,1,0,16,82,78,69,37,266,1
14,1,1,32,0.35,81,95,1,5,1,0,1,0,0,31,56,79,62,16,213,0
8,1,2,54,0.11,90,75,2,7,1,2,0,1,0,13,142,69,33,53,297,1
22,0,1,28,0.28,56,63,4,9,1,3,1,0,0,25,75,54,38,30,197,0
7,1,1,52,0.06,62,91,3,8,1,0,0,0,0,8,216,47,64,61,388,1
10,1,2,54,0.23,72,77,1,5,0,1,1,0,0,12,89,62,49,22,222,0
15,0,1,17,0.08,57,73,0,5,0,1,0,0,0,49,137,41,75,42,295,1
21,1,2,48,0.26,61,56,5,9,1,1,0,0,0,24,95,38,57,27,217,0
3,1,1,22,0.24,85,97,4,8,0,0,0,0,0,11,86,64,53,26,229,0
0,0,3,10,0.25,65,85,5,9,2,0,2,0,0,44,69,78,78,20,245,1
23,1,1,15,0.07,75,88,1,4,1,1,0,1,0,15,167,41,45,55,308,1
6,1,1,16,0.21,78,64,2,5,1,2,1,0,0,48,75,72,52,19,218,0
1,1,2,57,0.39,78,98,2,6,0,1,0,0,0,29,82,50,77,23,232,1
23,0,3,36,0.22,55,52,3,6,1,2,0,0,0,51,82,39,66,22,209,0
4,0,2,24,0.37,86,97,3,7,1,2,0,0,0,20,64,52,63,18,197,0
6,1,3,43,0.22,82,51,4,7,1,1,0,0,0,23,110,47,45,33,235,1
3,1,1,32,0.24,80,56,3,6,0,0,1,1,0,42,79,65,50,33,227,0
4,1,3,57,0.3,95,65,1,6,1,0,0,0,0,58,86,52,95,20,253,1
23,0,1,58,0.48,90,70,1,4,1,2,1,0,0,4,70,97,44,20,231,1
0,0,2,33,0.1,67,58,4,7,0,1,0,0,0,46,137,43,57,47,284,1
0,0,2,24,0.06,87,61,3,8,0,0,0,0,0,32,201,65,43,71,380,1
14,1,2,44,0.32,96,78,3,7,1,1,1,0,0,48,80,106,69,30,285,1
19,1,3,13,0.48,80,73,1,6,0,0,1,1,0,30,29,59,62,10,160,0
18,1,1,53,0.5,65,82,3,6,0,0,1,0,0,49,82,62,71,19,234,1
9,1,3,46,0.27,89,63,0,3,0,0,0,0,0,8,69,77,35,13,194,0
17,1,2,26,0.26,86,92,1,5,2,0,0,0,0,48,61,57,85,24,227,0
2,0,2,40,0.34,63,67,1,4,0,0,0,0,0,34,69,56,52,26,203,0
10,1,1,47,0.3,88,54,4,9,0,1,0,1,0,7,85,34,45,37,201,0
14,1,2,19,0.34,53,64,2,6,0,2,0,1,0,10,58,35,37,38,168,0
10,1,3,59,0.44,79,56,4,9,1,1,0,1,0,16,90,34,35,35,194,0
16,0,2,36,0.39,82,74,2,5,1,0,0,0,0,15,65,58,59,20,202,0
16,1,2,51,0.27,85,63,3,7,1,2,0,0,0,19,98,60,53,30,241,1
5,0,3,15,0.26,79,89,1,4,1,0,0,0,0,26,52,43,80,8,183,0
4,0,2,15,0.34,63,85,1,4,1,0,0,0,0,55,41,43,69,6,159,0
7,0,2,24,0.26,72,84,3,8,0,2,1,0,1,13,59,117,57,16,249,1
1,0,2,13,0.26,97,93,1,4,1,0,1,0,0,21,49,95,75,5,224,0
15,0,1,57,0.06,77,99,1,6,0,1,1,0,0,53,216,82,99,61,458,1
19,1,1,49,0.13,56,73,3,6,1,1,0,0,0,48,128,56,77,44,305,1
23,1,2,16,0.27,91,64,0,5,0,0,0,0,0,6,51,75,40,13,179,0
11,0,2,58,0.42,59,60,1,6,1,0,0,0,0,10,68,33,46,27,174,0
5,0,3,54,0.18,53,73,0,4,1,0,1,1,0,16,96,56,38,42,232,1
0,0,1,56,0.29,93,60,4,8,1,1,0,1,0,12,102,68,66,43,279,1
3,1,3,35,0.21,87,93,0,3,1,2,0,0,0,50,80,56,84,32,252,1
16,1,1,40,0.1,62,66,0,3,1,1,0,0,0,16,139,37,46,40,262,1
12,0,2,11,0.48,70,55,2,6,0,0,0,0,0,10,36,56,45,9,146,0
17,1,2,37,0.43,82,70,2,7,0,2,1,1,1,55,56,104,69,24,253,1
4,1,1,51,0.09,89,57,3,8,0,0,0,0,0,3,171,55,55,49,330,1
23,0,1,22,0.37,77,64,2,6,0,0,0,0,0,15,55,66,67,6,194,0
23,0,3,27,0.21,72,81,1,5,0,0,0,0,0,30,71,46,57,19,193,0
2,1,3,39,0.5,81,59,4,7,0,0,0,0,0,20,65,59,46,30,200,0
10,1,2,20,0.19,97,77,3,8,1,0,2,1,0,32,78,114,61,30,283,1
12,1,2,22,0.16,54,64,2,6,1,2,0,1,0,12,88,46,25,39,198,0
3,0,2,33,0.31,75,61,4,9,0,1,0,0,0,48,92,47,67,25,231,1
13,0,1,38,0.43,88,92,0,5,0,0,0,1,0,28,53,63,69,21,206,0
21,0,2,14,0.14,75,67,1,5,1,2,1,0,0,14,92,61,54,30,237,1
10,1,3,44,0.37,52,86,4,9,0,2,1,0,0,9,77,56,43,15,191,0
9,1,2,28,0.08,73,93,4,7,1,0,1,0,1,32,156,98,84,54,392,1
18,0,3,22,0.46,83,73,1,5,0,0,0,0,1,14,47,95,51,16,209,0
17,1,1,14,0.09,83,86,1,6,1,1,0,0,0,58,122,60,64,34,280,1
5,0,2,53,0.46,69,78,3,7,0,1,0,0,0,42,74,36,53,24,187,0
14,1,2,23,0.27,79,59,3,7,0,1,1,1,0,58,70,84,63,27,244,1
20,0,2,47,0.25,91,63,2,7,2,1,0,0,0,12,94,56,38,27,215,0
9,1,2,31,0.49,69,65,1,4,0,1,0,0,0,59,54,40,59,21,174,0
4,1,2,18,0.5,90,86,2,6,0,0,0,0,1,34,40,90,72,15,217,0
4,0,3,58,0.34,67,60,4,9,0,3,0,0,0,53,97,52,66,35,250,1
9,0,3,49,0.11,87,75,2,6,1,1,0,0,0,20,142,72,57,46,317,1
4,0,2,35,0.28,69,89,2,6,0,3,1,0,0,29,76,65,54,24,219,0
2,0,3,54,0.29,55,68,3,8,1,1,0,1,0,47,91,23,63,30,207,0
22,0,2,14,0.28,91,67,2,5,2,2,0,0,0,45,59,51,64,14,188,0
5,1,3,38,0.31,74,79,4,9,1,2,0,0,1,42,85,88,55,23,251,1
3,0,1,31,0.06,90,81,7,11,0,1,0,0,0,41,228,57,73,54,412,1
17,0,1,58,0.37,90,72,2,5,2,1,0,0,0,44,77,47,67,21,212,0
8,0,2,12,0.37,52,61,1,4,1,1,1,0,0,6,41,58,22,12,133,0
16,0,2,37,0.1,93,62,2,5,0,0,0,0,1,48,144,101,52,46,343,1
12,0,2,47,0.31,92,70,1,4,0,1,0,1,1,23,63,111,52,20,246,1
14,1,2,23,0.31,95,70,3,7,1,1,2,0,0,15,71,108,56,17,252,1
19,0,1,56,0.36,68,78,2,7,1,0,0,0,0,4,86,48,21,24,179,0
16,0,2,23,0.09,59,78,1,6,0,3,0,0,1,5,136,78,60,50,324,1
12,0,2,52,0.33,54,99,2,5,1,1,1,0,0,1,84,58,56,31,229,0
15,1,2,20,0.18,71,76,4,7,2,4,0,1,0,56,91,64,84,34,273,1
21,1,1,18,0.28,58,78,5,10,0,2,1,0,0,2,70,41,22,24,157,0
3,0,1,47,0.4,82,64,5,8,0,0,0,1,0,52,86,59,54,30,229,0
4,0,3,56,0.37,64,96,2,7,1,0,1,0,0,9,82,62,68,17,229,0
4,1,1,53,0.1,73,61,0,5,0,2,0,1,0,23,141,42,58,48,289,1
8,1,1,15,0.32,79,90,3,6,2,2,1,0,1,47,60,121,90,17,288,1
16,1,1,10,0.49,85,68,2,7,1,0,1,1,0,32,40,74,65,22,201,0
12,0,2,34,0.12,88,61,5,10,0,0,0,0,0,19,135,47,45,48,275,1
1,0,2,25,0.43,55,72,1,6,0,0,1,0,0,52,50,48,74,7,179,0
12,1,2,24,0.37,64,54,4,7,0,0,0,0,0,21,69,49,56,26,200,0
21,0,2,43,0.4,87,75,3,7,0,1,0,0,0,31,69,62,71,29,231,1
20,1,3,26,0.18,88,59,2,6,1,0,0,0,0,29,92,46,45,35,218,0
22,1,1,12,0.18,71,71,4,8,0,3,0,0,0,2,82,31,51,32,196,0
18,1,3,12,0.46,52,88,1,5,1,2,1,0,0,3,38,52,54,8,152,0
2,0,2,46,0.21,78,72,4,8,1,1,0,0,0,50,103,13,82,35,233,1
9,1,2,26,0.08,78,60,3,6,1,2,1,0,0,3,160,89,32,55,336,1
1,1,2,58,0.32,80,77,0,3,2,1,1,0,0,38,83,74,72,26,255,1
12,0,1,47,0.11,94,80,2,6,1,1,1,0,0,30,137,93,73,40,343,1
18,1,2,10,0.41,51,57,1,5,2,0,1,1,0,56,39,63,53,14,169,0
16,0,2,16,0.34,84,88,0,5,0,0,2,1,0,8,47,88,51,35,221,0
20,1,1,35,0.44,94,97,3,8,1,0,0,0,0,29,69,67,91,15,242,1
13,0,3,56,0.4,58,77,2,7,1,2,0,0,0,52,82,42,79,31,234,1
11,1,3,48,0.1,71,65,1,5,2,0,1,0,0,28,153,68,67,42,330,1
20,1,2,28,0.22,68,95,1,5,1,2,1,0,0,53,73,55,77,27,232,1
11,1,3,39,0.4,99,96,3,6,0,1,0,0,0,24,76,76,61,18,231,1
10,1,1,52,0.24,86,80,1,6,0,0,2,1,0,51,101,94,75,40,310,1
6,1,1,23,0.49,59,90,2,7,0,1,1,1,0,38,45,52,67,26,190,0
3,0,1,22,0.38,95,97,1,4,0,1,0,0,0,34,57,75,50,19,201,0
18,0,2,29,0.06,70,65,1,4,0,1,1,1,0,24,197,63,64,61,385,1
0,1,1,35,0.45,66,54,1,4,1,1,1,1,0,56,63,63,77,24,227,0
23,1,3,36,0.1,52,84,4,9,0,1,0,0,0,57,149,40,92,42,323,1
2,1,1,34,0.11,56,74,1,4,0,0,1,0,0,36,127,61,78,41,307,1
12,0,2,18,0.38,90,62,1,5,1,0,2,0,0,35,38,89,61,16,204,0
14,0,3,50,0.44,86,78,3,7,0,0,1,0,0,10,71,65,48,17,201,0
1,1,2,57,0.29,85,76,3,7,2,1,1,0,1,25,98,123,80,27,328,1
10,0,2,21,0.18,52,89,4,7,0,2,0,0,0,41,95,37,89,17,238,1
3,1,2,19,0.21,62,66,2,7,0,1,1,1,0,45,68,61,70,28,227,0
18,1,2,15,0.2,90,86,0,5,0,2,0,1,0,24,65,48,38,34,185,0
16,1,2,59,0.2,79,87,2,5,2,0,0,1,0,20,109,55,64,44,272,1
2,0,2,43,0.16,72,78,2,5,1,3,0,1,1,48,109,92,67,37,305,1
17,1,2,50,0.32,56,83,0,5,1,1,1,0,0,1,76,31,53,24,184,0
7,1,3,28,0.46,79,79,1,5,0,3,0,0,0,9,42,50,43,7,142,0
21,1,3,15,0.19,78,80,2,6,2,3,1,0,0,38,78,75,71,19,243,1
23,0,2,11,0.13,57,71,1,6,2,1,1,0,0,34,93,60,52,35,240,1
18,0,2,24,0.43,59,95,1,4,0,2,0,0,0,32,43,60,80,12,195,0
4,0,2,26,0.38,82,74,4,8,1,1,1,0,0,40,61,87,54,17,219,0
6,1,3,25,0.47,69,53,2,6,2,2,0,0,1,30,48,92,49,17,206,0
20,0,1,37,0.12,78,84,3,7,0,3,1,1,0,3,126,83,54,50,313,1
7,1,2,30,0.11,78,90,2,5,0,1,0,2,1,2,122,96,58,58,334,1
4,0,3,17,0.29,70,99,1,4,1,3,2,0,0,4,53,94,57,20,224,0
16,1,3,19,0.33,50,93,1,5,0,2,0,0,0,16,56,47,58,5,166,0
4,0,1,19,0.27,83,58,5,8,2,2,0,0,0,48,79,42,71,25,217,0
3,1,2,59,0.32,93,75,1,6,1,1,0,0,0,12,78,84,52,28,242,1
21,0,2,19,0.13,81,76,1,4,0,2,0,1,0,58,98,54,70,41,263,1
18,0,1,18,0.27,94,76,2,7,1,3,0,0,0,0,59,75,42,11,187,0
20,0,2,37,0.35,63,67,0,4,1,1,0,0,0,44,56,48,67,18,189,0
1,1,2,33,0.24,86,79,1,5,0,1,1,0,0,38,70,84,59,23,236,1
10,0,2,28,0.36,84,94,1,6,0,1,1,0,0,43,56,90,74,15,235,1
21,0,1,42,0.25,73,95,2,6,0,2,1,1,0,22,84,72,62,39,257,1
12,0,1,13,0.2,98,80,4,8,1,0,0,0,0,40,77,79,84,19,259,1
14,0,2,12,0.19,50,91,1,5,2,1,0,1,0,52,69,37,77,29,212,0
11,1,2,51,0.23,95,52,2,5,1,2,0,0,0,49,93,57,44,33,227,0
21,0,3,21,0.06,55,78,0,3,1,2,0,0,0,24,181,27,46,51,305,1
20,1,1,27,0.35,98,56,1,6,0,2,1,0,0,51,55,93,54,14,216,0
21,1,1,32,0.43,53,67,2,7,1,0,1,1,0,52,58,49,62,22,191,0
10,1,2,29,0.21,87,65,3,6,1,0,0,0,0,30,83,66,55,22,226,0
6,1,2,15,0.07,50,98,1,5,1,1,2,1,0,12,164,65,57,57,343,1
4,0,2,43,0.49,90,81,1,4,1,2,0,0,0,0,65,74,48,19,206,0
16,1,3,51,0.17,80,87,0,4,1,1,0,0,0,33,96,71,84,31,282,1
23,1,1,11,0.11,85,74,1,6,2,0,0,0,1,28,106,106,57,38,307,1
19,1,3,39,0.22,58,93,3,8,1,0,0,0,0,30,89,39,82,27,237,1
8,1,2,18,0.38,90,81,2,7,0,0,1,1,0,7,49,81,53,28,211,0
13,0,2,36,0.18,94,68,2,5,1,0,0,0,0,1,91,69,34,26,220,0
11,0,3,51,0.31,72,52,5,8,1,2,0,0,0,11,92,69,30,27,218,0
5,1,2,43,0.24,80,84,2,6,2,3,0,0,0,55,86,58,81,23,248,1
16,1,2,49,0.1,78,99,1,6,0,0,0,0,0,32,143,63,56,41,303,1
18,1,2,33,0.2,98,78,0,4,1,0,0,0,0,29,74,60,63,22,219,0
18,0,2,58,0.38,70,60,0,4,0,0,0,0,0,40,79,49,44,22,194,0
15,0,3,26,0.33,52,55,1,4,0,3,0,1,0,56,57,52,72,25,206,0
11,0,3,38,0.1,75,68,4,7,1,1,0,1,0,26,152,70,65,48,335,1
11,0,3,45,0.12,55,86,3,7,2,0,0,0,0,24,142,27,60,44,273,1
19,0,2,59,0.34,69,94,3,7,1,1,0,0,0,37,93,48,97,26,264,1
5,1,2,21,0.42,96,76,2,6,0,0,0,0,0,49,60,78,62,16,216,0
22,0,2,40,0.21,95,54,1,4,1,0,0,0,0,32,82,78,38,25,223,0
3,0,3,58,0.32,62,75,1,5,0,2,0,0,0,37,82,41,60,28,211,0
5,1,1,18,0.13,90,84,1,4,0,0,1,0,0,51,101,83,49,25,258,1
10,0,2,28,0.19,72,68,1,6,0,1,0,1,0,15,69,45,47,29,190,0
0,0,3,55,0.06,64,66,3,8,0,0,0,1,0,55,226,29,61,63,379,1
23,0,2,55,0.4,95,84,3,7,1,3,2,0,0,58,96,104,103,31,334,1
22,1,2,26,0.23,80,96,3,6,0,1,0,0,0,31,74,60,61,29,224,0
14,0,3,11,0.42,53,98,3,8,0,0,1,0,1,23,54,82,94,20,250,1
10,1,1,49,0.37,60,62,1,4,2,0,0,0,0,1,70,69,49,15,203,0
18,1,2,14,0.42,51,63,3,6,2,3,1,0,0,1,64,55,22,16,157,0
17,0,2,48,0.18,65,79,3,8,0,2,0,0,0,19,105,62,58,32,257,1
16,0,2,57,0.13,80,97,1,5,0,0,0,1,0,56,123,62,92,33,310,1
18,0,3,25,0.49,97,92,2,6,1,3,0,0,0,26,45,80,67,10,202,0
20,0,1,26,0.37,88,66,3,8,0,1,1,0,0,21,63,69,36,18,186,0
13,1,2,36,0.43,92,86,0,3,0,1,1,1,0,38,50,92,60,22,224,0
17,0,1,16,0.06,93,64,1,5,0,1,0,0,1,47,181,98,55,59,393,1
18,1,3,17,0.21,53,67,2,5,2,1,1,2,0,18,72,58,45,36,211,0
14,1,2,17,0.38,97,97,2,7,2,1,0,0,0,6,53,74,58,12,197,0
14,1,2,32,0.09,77,63,1,5,1,3,0,0,0,2,131,55,23,48,257,1
3,1,1,41,0.31,65,63,4,8,1,2,0,1,1,49,89,81,66,44,280,1
6,1,1,52,0.24,88,94,0,4,1,0,0,0,0,59,77,62,90,32,261,1
12,0,2,56,0.06,74,82,1,6,0,1,1,1,0,33,214,80,50,70,414,1
2,1,1,27,0.16,62,87,2,7,1,0,0,0,0,40,92,41,77,26,236,1
15,1,2,47,0.18,54,60,1,6,1,2,2,1,1,22,100,121,16,31,268,1
8,0,2,21,0.1,79,60,0,3,1,0,1,0,0,4,112,74,26,29,241,1
7,0,3,24,0.33,50,97,3,6,0,0,0,0,0,42,68,23,67,23,181,0
19,1,2,37,0.16,54,75,0,3,0,0,1,0,0,2,88,73,53,24,238,1
12,1,2,47,0.17,63,52,3,7,2,1,1,0,0,23,116,71,32,40,259,1
16,0,2,59,0.45,60,74,1,5,0,0,2,1,0,26,73,78,50,32,233,1
16,1,3,40,0.26,83,66,0,4,0,2,0,0,0,33,71,49,63,21,204,0
16,0,3,18,0.23,78,71,1,6,0,1,1,0,0,50,68,69,64,15,216,0
0,0,1,17,0.38,67,78,1,6,0,3,0,0,0,42,44,52,61,16,173,0
7,1,3,55,0.46,64,95,0,4,0,0,0,0,0,20,76,46,43,18,183,0
18,0,1,28,0.06,95,75,3,8,0,0,0,1,0,11,203,76,55,73,407,1
5,1,1,17,0.25,74,83,2,5,1,0,1,0,0,31,64,60,76,19,219,0
2,1,1,43,0.32,79,75,2,5,0,3,0,0,0,46,83,58,68,27,236,1
4,1,3,13,0.19,94,58,3,8,1,1,0,0,0,48,80,64,68,31,243,1
12,0,2,40,0.4,51,89,2,5,0,1,1,0,1,21,71,90,66,27,254,1
14,1,3,47,0.49,89,60,2,5,0,1,0,0,0,33,66,77,45,19,207,0
13,0,2,12,0.47,76,56,1,4,1,0,0,1,1,22,25,89,56,19,189,0
22,1,2,44,0.17,98,79,4,8,1,3,0,0,0,54,111,68,84,39,302,1
15,1,2,28,0.15,64,51,2,7,1,0,0,0,0,0,98,26,28,24,176,0
17,0,3,52,0.48,81,79,2,7,0,0,0,1,0,3,68,70,54,33,225,0
21,1,1,38,0.26,69,53,2,6,0,1,0,1,0,16,79,39,57,38,213,0
21,1,2,19,0.14,63,63,4,7,1,2,0,1,0,25,99,28,46,43,216,0
10,0,1,21,0.37,76,62,3,7,0,2,1,1,1,30,59,122,60,33,274,1
2,0,3,55,0.18,52,74,2,5,1,0,0,0,0,38,105,47,70,33,255,1
21,0,2,39,0.17,98,62,2,6,1,0,0,0,0,36,91,75,57,24,247,1
9,1,2,39,0.45,52,62,1,4,1,1,0,0,0,39,59,18,55,10,142,0
9,0,2,27,0.12,62,86,4,8,1,1,1,0,0,32,125,67,45,45,282,1
20,0,3,33,0.08,74,93,3,7,0,3,0,0,0,27,164,23,81,53,321,1
15,1,3,41,0.17,67,55,0,3,0,2,0,1,0,9,86,34,27,37,184,0
11,0,3,18,0.32,50,75,2,5,1,1,0,0,0,35,50,31,66,13,160,0
1,1,2,56,0.11,88,63,0,5,1,0,1,0,0,45,143,92,54,47,336,1
8,1,1,33,0.26,54,57,3,8,0,1,1,0,0,8,83,60,54,23,220,0
23,0,3,35,0.33,51,73,4,8,0,1,0,0,0,25,75,49,48,20,192,0
2,1,2,12,0.43,79,71,4,8,0,1,1,0,0,48,50,69,61,16,196,0
23,0,2,32,0.15,66,89,1,6,1,1,0,1,1,45,92,74,97,49,312,1
14,0,2,20,0.42,78,88,2,7,0,1,0,1,0,50,49,54,85,15,203,0
2,0,3,19,0.16,91,98,4,7,2,2,0,0,0,33,103,59,68,30,260,1
18,0,2,59,0.35,53,70,7,12,1,0,1,0,0,13,113,58,45,32,248,1
17,1,2,45,0.24,58,92,1,5,2,1,1,0,0,40,87,66,79,23,255,1
7,1,3,22,0.1,70,75,1,6,1,0,0,0,0,25,116,59,48,39,262,1
16,0,2,38,0.37,92,59,1,6,0,0,0,1,1,36,59,106,48,35,248,1
7,0,2,47,0.15,61,62,4,9,0,1,0,0,0,30,125,45,50,42,262,1
6,1,3,22,0.13,61,91,2,7,1,1,0,0,1,46,93,79,80,24,276,1
6,0,3,35,0.21,99,63,1,5,1,2,0,1,0,37,77,72,62,36,247,1
2,1,3,29,0.34,53,58,2,7,0,0,1,1,1,47,58,116,42,30,246,1
0,0,2,14,0.16,77,56,2,7,2,0,0,0,0,42,90,49,48,25,212,0
3,1,2,29,0.13,58,88,0,4,0,3,1,1,1,27,104,99,67,41,311,1
4,1,3,23,0.05,89,80,2,7,0,2,0,0,0,55,230,73,88,76,467,1
0,1,2,54,0.26,81,99,1,5,1,1,0,1,1,40,86,116,80,26,308,1
14,0,3,23,0.24,62,65,3,8,1,1,1,1,0,43,77,53,69,42,241,1
4,0,3,17,0.16,83,57,0,5,0,0,1,0,1,39,74,108,48,19,249,1
12,0,2,57,0.07,68,97,3,8,0,2,0,1,0,55,208,38,97,71,414,1
7,0,3,22,0.24,63,64,1,4,0,0,0,0,0,16,59,24,44,17,144,0
7,0,3,33,0.4,54,74,1,6,1,1,0,2,0,57,51,38,82,32,203,0
4,1,1,24,0.37,76,96,1,5,1,0,0,0,0,11,50,70,62,11,193,0
8,1,2,10,0.44,77,87,3,6,0,3,1,0,0,26,47,83,74,14,218,0
0,1,1,31,0.05,75,90,3,8,1,0,1,0,0,0,245,72,51,65,433,1
3,1,2,43,0.48,59,64,0,4,0,0,1,0,0,39,51,73,61,13,198,0
2,1,1,59,0.2,73,74,0,5,1,0,0,0,0,59,96,70,73,32,271,1
1,1,2,49,0.5,66,56,1,5,2,1,1,0,0,32,64,66,51,19,200,0
7,1,3,12,0.16,65,75,0,5,1,0,0,0,0,12,68,45,58,18,189,0
22,0,3,35,0.26,66,57,1,5,2,2,0,0,0,4,74,39,43,23,179,0
8,1,2,23,0.21,50,67,2,6,1,2,1,1,0,51,70,63,52,37,222,0
1,0,2,50,0.21,70,70,0,3,0,1,0,0,0,36,87,64,71,31,253,1
13,1,2,17,0.43,96,65,1,4,1,2,0,0,0,39,43,77,45,5,170,0
13,1,3,58,0.39,98,96,1,5,0,0,1,0,0,42,79,78,82,27,266,1
3,0,2,25,0.5,92,52,3,7,1,0,0,0,0,27,56,72,33,17,178,0
5,1,2,51,0.33,71,50,2,5,1,0,0,1,0,57,75,41,69,28,213,0
10,0,3,30,0.26,54,62,4,8,1,2,1,0,0,23,87,36,58,25,206,0
2,1,2,19,0.09,85,81,2,7,0,0,0,0,1,19,136,99,59,40,334,1
7,0,3,34,0.5,70,61,0,5,1,0,1,0,0,39,39,80,48,8,175,0
2,1,3,47,0.3,58,80,5,9,2,4,0,0,0,41,90,34,91,32,247,1
13,0,3,31,0.37,76,90,3,7,0,2,1,0,0,36,59,67,68,25,219,0
12,0,2,58,0.23,97,51,0,3,1,1,1,0,0,19,84,95,34,22,235,1
12,1,2,57,0.3,61,90,3,6,0,2,1,0,0,22,92,63,28,23,206,0
1,1,3,56,0.47,67,57,1,5,0,3,1,0,1,2,59,105,20,17,201,0
12,0,2,55,0.12,84,74,2,7,2,1,1,1,0,4,141,71,59,57,328,1
18,1,2,13,0.18,64,54,2,5,0,0,0,1,0,14,82,53,37,24,196,0
5,0,1,13,0.12,99,94,1,6,1,0,0,0,0,45,104,66,74,31,275,1
15,1,1,39,0.41,93,51,1,6,1,2,0,0,0,52,54,60,63,19,196,0
1,0,2,11,0.08,79,91,2,7,0,0,1,0,0,4,146,78,50,41,315,1
7,1,2,38,0.09,94,87,1,6,1,0,1,0,1,33,151,113,56,47,367,1
16,0,2,52,0.18,82,88,1,4,0,1,1,1,0,57,112,75,85,43,315,1
22,1,2,45,0.28,85,52,2,6,0,3,1,2,0,38,75,82,55,46,258,1
1,0,2,30,0.23,89,95,0,4,2,3,0,0,0,58,71,67,92,27,257,1
9,0,2,30,0.07,79,97,1,4,2,2,1,0,0,57,170,78,69,52,369,1
15,1,2,57,0.48,75,87,0,5,0,1,0,0,0,38,68,41,79,24,212,0
5,1,2,30,0.48,70,71,2,6,0,2,0,0,0,55,52,32,75,6,165,0
1,0,2,13,0.18,86,89,3,7,0,0,2,0,0,45,82,98,79,19,278,1
1,0,1,10,0.38,92,82,4,8,1,2,0,1,0,22,64,50,64,28,206,0
12,0,2,35,0.31,80,81,1,6,0,2,0,1,0,46,61,76,75,22,234,1
23,0,2,11,0.16,66,96,2,6,0,0,1,0,0,16,74,48,57,20,199,0
14,1,2,18,0.17,66,66,0,3,1,1,1,0,0,8,69,71,32,22,194,0
1,0,2,54,0.27,83,67,1,5,0,1,0,0,1,3,88,92,49,26,255,1
6,0,3,27,0.24,73,52,3,7,0,1,0,1,1,29,80,107,43,36,266,1
2,0,1,57,0.18,82,55,0,3,0,1,1,0,0,47,91,81,73,32,277,1
7,1,3,57,0.41,53,98,1,6,1,0,1,0,0,13,73,69,60,24,226,0
22,0,1,51,0.27,58,62,3,7,1,0,0,0,0,29,95,33,51,28,207,0
13,1,3,50,0.34,51,80,0,5,0,0,1,0,0,30,70,43,50,18,181,0
23,1,2,20,0.14,84,66,0,5,1,3,0,0,0,0,88,49,28,33,198,0
22,1,2,34,0.29,87,70,0,5,1,0,0,0,0,57,68,47,63,20,198,0
21,1,2,35,0.19,94,65,2,6,0,0,2,1,0,26,89,104,40,27,260,1
6,1,1,45,0.29,64,66,2,6,1,0,0,0,0,1,82,31,49,29,191,0
20,1,2,51,0.4,92,81,3,6,0,1,0,0,0,44,75,62,80,25,242,1
6,1,1,44,0.4,91,50,3,8,1,3,0,1,0,39,82,59,27,35,203,0
0,0,2,47,0.21,52,97,1,4,0,1,0,1,0,55,84,51,75,36,246,1
16,0,2,12,0.36,80,87,1,5,0,2,1,0,0,56,39,71,74,7,191,0
8,1,3,50,0.47,90,57,1,5,1,0,0,0,0,40,66,66,58,17,207,0
20,0,2,44,0.33,91,50,2,5,1,0,0,0,0,9,73,68,30,19,190,0
12,0,3,59,0.12,72,51,0,3,0,1,1,1,0,23,132,72,12,56,272,1
20,1,2,49,0.36,61,96,2,7,0,1,0,2,0,19,69,36,51,38,194,0
18,0,1,31,0.1,57,86,3,7,2,2,1,0,0,41,130,60,86,34,310,1
20,1,2,17,0.44,70,73,1,6,0,2,0,1,0,54,36,60,63,22,181,0
18,0,2,24,0.28,70,76,7,12,1,1,0,0,0,15,95,56,58,20,229,0
21,1,1,54,0.22,81,69,2,6,0,1,2,0,0,40,89,107,69,24,289,1
16,1,2,16,0.08,66,96,2,6,1,0,0,0,0,37,150,38,61,48,297,1
22,0,2,28,0.22,86,70,5,10,0,0,1,0,0,59,97,93,70,27,287,1
22,0,3,49,0.46,73,91,1,4,0,0,1,0,0,53,66,68,98,16,248,1
9,1,2,51,0.06,57,86,2,6,1,1,0,0,0,43,212,50,76,56,394,1
9,1,3,26,0.26,67,84,1,6,0,1,0,0,0,48,60,59,75,14,208,0
3,1,3,10,0.47,60,87,0,3,1,0,1,0,0,41,34,46,72,10,162,0
7,0,3,54,0.23,59,64,1,6,0,2,0,0,0,42,91,42,71,26,230,0
21,0,2,38,0.24,75,99,1,5,0,1,0,1,0,40,77,41,101,38,257,1
19,0,1,22,0.31,96,95,2,5,1,2,1,0,0,17,59,84,44,15,202,0
19,0,2,57,0.26,55,91,3,6,0,1,1,1,1,34,99,110,94,28,331,1
17,1,2,38,0.13,66,79,1,4,0,0,0,0,0,29,112,33,67,38,250,1
13,1,2,50,0.06,72,53,0,4,0,1,0,1,0,36,211,51,57,81,400,1
17,1,1,51,0.32,91,92,1,5,0,3,0,0,0,4,74,67,53,13,207,0
13,1,2,15,0.46,86,88,2,7,0,1,1,0,0,36,38,96,90,14,238,1
19,0,1,14,0.1,77,64,1,6,0,0,1,0,0,10,116,58,43,43,260,1
20,1,3,43,0.14,65,72,4,8,0,2,1,0,0,3,125,68,45,34,272,1
23,1,1,20,0.22,61,90,3,8,1,4,0,0,0,36,76,40,63,24,203,0
14,0,2,18,0.41,70,64,1,4,0,0,1,0,0,59,53,75,55,18,201,0
21,0,3,47,0.17,73,75,4,8,1,2,1,1,0,50,113,70,60,42,285,1
3,1,1,49,0.45,77,61,3,7,1,0,1,1,0,10,80,76,52,42,250,1
12,0,2,50,0.07,86,67,4,9,0,0,1,0,0,11,201,81,57,55,394,1
22,1,3,18,0.47,70,55,2,6,0,0,1,1,1,48,49,118,66,38,271,1
7,0,2,17,0.3,82,67,2,5,0,1,1,0,0,46,57,87,62,29,235,1
17,0,1,53,0.35,51,99,2,6,1,3,1,1,0,27,83,50,81,36,250,1
11,1,2,49,0.22,86,73,1,4,1,2,0,0,0,54,92,44,63,42,241,1
22,0,2,12,0.4,68,87,3,7,1,0,1,0,0,25,46,71,64,11,192,0
13,1,2,22,0.12,77,77,4,8,1,2,1,0,0,33,109,69,57,26,261,1
1,0,1,28,0.07,64,64,1,5,0,2,0,0,1,55,174,79,58,56,367,1
17,0,2,43,0.23,50,68,3,8,1,1,0,0,0,0,80,40,42,28,190,0
23,0,2,41,0.43,92,54,3,8,0,0,1,0,0,5,67,114,40,19,240,1
1,0,3,58,0.39,77,53,2,5,2,1,0,1,0,32,76,46,44,41,207,0
10,0,2,25,0.28,99,66,1,6,0,1,0,0,0,46,65,64,68,16,213,0
8,1,3,45,0.31,84,59,0,4,0,2,0,0,0,23,76,48,46,30,200,0
11,0,2,27,0.11,81,61,0,5,1,1,0,0,0,33,112,52,32,35,231,1
16,1,3,23,0.43,77,54,1,6,1,1,1,0,0,7,44,45,26,15,130,0
14,0,2,39,0.4,58,56,0,3,1,2,1,0,0,15,52,63,45,14,174,0
16,1,2,11,0.35,73,93,5,9,0,3,0,0,0,15,64,34,67,23,188,0
17,0,2,22,0.26,53,72,0,3,1,1,0,0,0,15,49,33,45,11,138,0
21,1,3,36,0.48,94,51,2,7,2,1,0,0,0,51,50,67,46,11,174,0
5,1,2,26,0.45,90,79,2,6,0,1,0,0,0,50,48,54,86,14,202,0
16,0,2,40,0.34,52,98,1,4,0,0,0,0,0,33,64,49,82,19,214,0
22,0,2,24,0.22,97,94,5,8,1,1,1,0,1,19,78,126,46,20,270,1
23,0,3,29,0.33,71,86,1,5,2,0,1,0,0,13,66,61,59,19,205,0
17,1,2,14,0.31,89,54,6,9,1,0,1,1,0,57,70,81,61,24,236,1
7,1,2,16,0.23,88,69,2,5,2,2,1,0,0,58,61,101,63,20,245,1
8,0,2,27,0.19,98,75,1,4,0,0,1,0,0,25,82,83,55,13,233,1
5,0,2,20,0.23,74,93,2,7,2,2,0,0,0,1,62,36,43,20,161,0
4,1,3,41,0.31,97,93,2,5,0,0,2,1,1,18,73,148,73,30,324,1
11,1,3,59,0.24,71,88,2,7,0,1,1,0,0,1,99,71,67,29,266,1
10,0,2,36,0.17,99,55,2,5,1,1,0,0,1,49,92,115,48,26,281,1
0,1,2,35,0.39,97,78,1,4,1,2,1,0,0,25,57,65,56,11,189,0
10,0,3,46,0.29,96,59,2,5,0,3,0,0,0,24,83,90,36,21,230,0
18,0,2,54,0.08,83,65,1,4,2,2,2,0,0,48,170,90,58,48,366,1
8,0,3,37,0.22,69,83,3,7,1,1,0,0,0,18,99,71,65,27,262,1
1,1,2,59,0.45,85,80,3,8,1,2,1,0,1,59,83,110,75,29,297,1
11,1,1,11,0.39,86,85,2,6,0,0,0,0,0,45,44,44,80,14,182,0
3,1,1,29,0.2,88,90,2,6,0,2,1,0,0,48,82,87,100,18,287,1
3,1,2,13,0.47,76,54,4,8,1,0,2,0,0,47,51,86,49,13,199,0
17,0,3,22,0.08,96,82,3,7,1,0,0,0,0,50,154,73,75,49,351,1
14,1,1,33,0.48,98,92,1,4,0,1,1,0,0,16,58,96,59,13,226,0
18,0,3,57,0.16,81,68,0,3,1,2,0,0,0,29,114,41,62,45,262,1
12,0,2,47,0.05,91,81,1,5,1,3,0,0,0,11,245,61,54,75,435,1
18,0,3,49,0.25,78,72,1,5,1,1,0,0,0,56,84,60,73,28,245,1
16,1,2,57,0.21,90,52,4,9,0,0,0,1,1,20,110,115,41,43,309,1
5,0,3,54,0.29,97,50,1,5,1,1,0,1,0,35,80,59,46,35,220,0
15,0,1,38,0.41,81,85,5,8,0,1,1,0,0,39,90,70,74,23,257,1
23,1,3,45,0.43,73,90,1,6,0,0,0,0,0,27,62,53,69,17,201,0
11,0,2,11,0.23,52,77,0,4,1,0,0,0,1,32,42,67,73,11,193,0
18,1,2,50,0.24,76,97,1,6,0,3,0,1,0,45,94,48,78,43,263,1
4,1,3,27,0.12,58,88,0,4,2,0,0,1,0,8,97,29,74,46,246,1
16,1,2,58,0.07,89,54,6,11,0,1,0,2,0,17,213,56,42,91,402,1
22,0,1,17,0.34,72,62,1,6,1,0,0,0,0,23,47,59,71,13,190,0
0,1,2,24,0.08,56,60,6,9,0,1,0,0,0,31,174,48,64,50,336,1
23,1,2,50,0.38,66,95,1,6,2,1,1,0,0,22,71,56,67,22,216,0
22,1,2,26,0.29,86,71,0,4,2,1,0,0,0,57,56,87,68,11,222,0
9,1,2,32,0.14,56,98,2,7,0,0,1,0,0,11,103,68,51,38,260,1
14,0,1,11,0.29,79,72,3,7,0,1,0,0,1,33,50,91,74,25,240,1
22,1,2,15,0.13,62,61,3,7,1,1,1,0,0,57,102,56,86,18,262,1
20,0,1,38,0.25,67,70,2,5,1,2,1,0,0,25,74,69,47,19,209,0
20,1,3,36,0.41,80,68,2,7,1,0,0,0,0,5,67,55,43,10,175,0
10,0,1,46,0.26,71,54,0,3,1,2,1,0,0,4,72,63,37,18,190,0
12,1,2,58,0.12,63,73,0,4,0,2,0,1,1,22,128,75,55,48,306,1
4,0,1,43,0.38,67,79,1,6,1,0,0,0,0,49,72,42,62,12,188,0
0,1,1,27,0.13,84,57,2,7,1,1,0,2,1,45,109,109,68,57,343,1
23,0,2,51,0.38,66,51,3,7,0,1,0,0,0,14,78,56,38,15,187,0
11,0,2,19,0.27,68,98,3,6,1,0,0,0,0,31,65,65,95,29,254,1
10,0,1,47,0.25,80,83,2,5,2,1,1,0,0,57,87,85,76,24,272,1
16,1,1,53,0.43,88,72,0,5,1,0,0,0,0,12,68,66,49,25,208,0
3,0,1,26,0.37,85,52,3,6,0,0,1,0,0,40,62,86,46,14,208,0
14,0,3,22,0.06,64,73,1,6,0,1,1,0,0,27,184,60,41,56,341,1
8,0,2,57,0.18,78,67,2,5,1,0,0,1,0,50,116,57,64,52,289,1
20,0,1,51,0.44,89,96,0,4,0,3,0,1,0,32,57,62,65,23,207,0
19,1,2,36,0.06,65,86,1,5,2,0,2,0,0,7,203,83,65,61,412,1
18,0,3,11,0.3,82,98,0,4,0,1,1,0,0,15,43,69,64,15,191,0
18,0,3,43,0.38,74,80,3,8,1,1,1,0,0,54,75,70,67,16,228,0
11,0,3,40,0.33,65,63,2,7,0,1,0,0,0,38,67,44,40,11,162,0
4,1,2,32,0.39,79,50,5,9,1,1,1,0,0,31,63,71,52,18,204,0
9,0,1,16,0.38,83,63,1,5,0,2,0,0,0,15,36,66,39,10,151,0
16,0,2,47,0.36,51,90,0,3,0,2,1,0,0,44,67,52,80,24,223,0
4,0,3,42,0.42,89,54,4,8,0,0,1,0,0,12,79,72,43,30,224,0
21,0,3,21,0.34,93,80,1,5,1,1,0,0,0,19,58,55,65,10,188,0
15,1,2,54,0.23,92,80,4,8,1,3,0,1,0,57,106,61,65,37,269,1
6,0,2,21,0.26,87,79,4,9,0,1,0,1,1,18,75,91,63,29,258,1
8,0,2,28,0.37,67,85,3,8,0,1,0,0,1,10,60,87,52,9,208,0
2,1,2,18,0.44,54,50,1,5,1,0,0,0,0,26,40,44,46,17,147,0
14,1,2,19,0.17,96,52,0,3,1,0,0,0,0,15,74,58,37,28,197,0
15,1,2,26,0.2,89,69,0,3,0,0,0,1,0,8,79,72,57,42,250,1
17,0,1,59,0.47,55,92,1,5,0,0,1,1,0,12,75,44,64,25,208,0
13,1,2,49,0.31,61,97,2,7,0,3,0,0,0,18,79,44,69,19,211,0
2,0,2,48,0.13,61,92,4,8,0,2,0,0,0,29,131,28,97,38,294,1
11,1,1,50,0.35,61,70,1,4,0,2,0,0,1,54,62,97,86,25,270,1
8,0,1,19,0.5,58,79,3,8,1,0,0,0,0,58,43,43,71,8,165,0
6,1,2,21,0.42,91,91,4,9,1,0,0,1,0,54,58,73,76,28,235,1
8,0,3,24,0.39,71,93,2,7,0,0,1,0,0,41,54,77,74,15,220,0
12,1,3,40,0.14,98,79,1,5,1,2,1,0,0,38,104,107,67,28,306,1
17,0,1,24,0.44,99,54,2,6,1,0,0,0,0,16,57,67,27,18,169,0
4,0,2,37,0.29,65,59,1,5,2,1,1,0,0,29,72,73,59,20,224,0
12,0,2,13,0.45,53,73,1,4,1,0,0,0,0,28,39,33,52,9,133,0
3,0,2,45,0.2,99,94,1,6,1,2,1,0,1,59,96,120,100,31,347,1
1,0,3,10,0.08,52,88,0,5,1,0,0,0,0,41,139,38,80,42,299,1
15,0,3,53,0.26,65,97,2,5,1,4,0,0,0,1,88,58,49,29,224,0
8,0,2,43,0.17,63,55,1,4,0,2,0,0,0,49,95,40,56,26,217,0
8,0,3,56,0.37,90,59,0,5,0,1,1,1,0,47,71,76,42,30,219,0
5,1,3,26,0.48,87,91,2,7,2,0,0,0,0,2,49,55,59,9,172,0
10,0,3,48,0.36,53,92,4,7,1,0,0,0,1,19,78,65,54,25,222,0
21,0,2,47,0.45,51,59,4,8,0,1,1,0,0,0,82,51,35,26,194,0
23,1,2,53,0.25,59,74,1,5,1,0,1,0,0,4,87,50,41,24,202,0
21,0,2,42,0.4,60,63,1,5,0,1,1,1,0,32,69,64,67,34,234,1
0,1,1,30,0.43,88,96,1,4,0,2,0,0,0,38,45,67,75,7,194,0
3,0,2,35,0.37,75,88,3,8,1,1,1,1,0,22,74,88,84,35,281,1
12,1,3,55,0.28,86,62,4,7,1,0,0,1,0,17,110,65,22,49,246,1
22,1,2,45,0.33,75,60,2,6,1,1,1,0,1,3,72,108,31,21,232,1
12,0,3,14,0.37,53,88,3,7,0,1,0,1,0,40,50,26,96,20,192,0
12,1,1,42,0.16,75,60,4,8,2,0,1,1,0,32,117,74,48,44,283,1
1,0,1,10,0.41,87,95,3,6,2,1,1,1,0,25,49,71,76,23,219,0
8,0,3,15,0.48,77,98,5,8,0,5,0,0,0,21,47,65,59,12,183,0
23,0,2,46,0.26,51,65,4,8,0,1,0,1,1,29,99,70,77,35,281,1
7,0,1,11,0.37,51,82,2,6,0,1,1,0,0,25,36,69,58,13,176,0
6,1,3,14,0.38,65,90,2,7,1,2,0,1,0,0,51,47,41,23,162,0
3,0,3,35,0.35,72,90,1,4,1,4,1,0,0,5,52,63,55,17,187,0
17,1,2,50,0.3,72,81,2,7,1,1,1,0,0,16,79,74,44,28,225,0
2,1,3,56,0.45,62,59,1,5,1,0,0,0,0,30,76,41,37,21,175,0
5,0,2,22,0.25,70,64,0,4,1,0,0,0,0,47,54,44,45,21,164,0
11,0,3,21,0.08,88,65,0,4,1,0,1,1,0,50,147,92,55,45,339,1
11,0,3,14,0.43,74,92,3,8,0,1,1,1,0,3,49,72,62,23,206,0
20,0,1,11,0.35,86,76,1,4,0,0,0,0,0,9,42,55,65,2,164,0
7,1,2,13,0.43,98,98,4,7,0,1,0,0,0,47,51,82,91,5,229,0
21,0,1,36,0.11,62,94,6,11,1,0,0,0,0,52,144,54,88,30,316,1
21,1,1,59,0.06,64,81,1,4,0,1,1,0,0,38,227,55,67,75,424,1
0,0,3,19,0.47,77,55,1,6,0,2,0,0,0,33,41,50,49,8,148,0
3,0,2,22,0.12,52,96,3,8,0,0,2,1,0,21,108,70,57,37,272,1
20,0,3,53,0.41,72,97,3,6,1,1,0,1,1,51,84,118,87,33,322,1
10,0,3,11,0.42,53,85,3,6,2,2,0,0,0,21,40,37,56,4,137,0
2,1,3,35,0.37,96,57,2,7,1,0,1,0,0,6,64,87,38,22,211,0
12,1,3,24,0.11,99,74,3,6,1,1,1,0,0,38,118,84,66,37,305,1
16,0,2,55,0.35,52,56,2,5,1,0,1,0,0,36,77,45,55,23,200,0
21,1,2,19,0.45,88,66,1,6,0,1,0,1,0,54,43,74,66,21,204,0
21,1,1,31,0.24,57,97,1,5,0,2,0,0,0,14,72,41,73,18,204,0
9,0,2,49,0.24,92,79,4,9,0,0,1,0,0,18,94,98,47,28,267,1
20,0,2,34,0.25,74,51,3,6,0,0,0,0,0,9,82,50,22,22,176,0
11,1,2,24,0.09,90,66,3,7,1,1,0,0,0,36,136,59,43,32,270,1
14,1,2,22,0.45,61,53,2,5,0,1,0,0,0,36,55,32,52,19,158,0
20,1,3,17,0.44,54,75,0,5,1,1,0,0,0,49,36,33,72,11,152,0
9,1,3,30,0.5,82,63,2,7,0,2,0,1,0,3,53,57,38,15,163,0
13,0,2,30,0.31,95,57,0,5,0,1,0,0,0,45,52,73,60,10,195,0
12,0,2,31,0.39,74,54,3,7,2,1,0,0,1,49,61,96,70,12,239,1
4,1,1,55,0.14,74,54,5,8,0,2,0,1,0,40,144,54,31,45,274,1
5,0,2,42,0.35,84,54,5,9,1,4,0,0,0,24,89,57,39,28,213,0
23,1,3,54,0.34,64,76,1,6,0,0,0,1,0,27,82,52,51,37,222,0
1,1,2,36,0.46,91,54,2,5,0,1,0,0,0,48,56,69,47,15,187,0
21,0,3,49,0.42,75,52,1,6,1,1,1,0,0,43,66,83,59,19,227,0
16,1,2,59,0.47,59,87,1,4,1,1,1,0,1,17,75,106,60,31,272,1
3,1,1,31,0.44,73,79,2,6,0,1,1,1,0,47,56,93,67,24,240,1
13,0,2,39,0.44,84,50,5,9,1,3,1,0,0,55,81,74,65,33,253,1
9,0,2,18,0.08,78,57,2,6,1,1,1,1,0,34,146,77,70,51,344,1
2,1,2,54,0.43,87,62,1,5,0,0,0,0,0,18,65,87,50,16,218,0
2,1,3,44,0.32,54,69,0,3,0,1,0,0,0,41,68,34,54,20,176,0
14,0,3,27,0.22,73,55,1,4,1,1,0,0,0,53,64,66,55,24,209,0
5,1,2,51,0.08,68,99,3,7,1,1,0,0,0,52,191,45,95,59,390,1
16,1,3,14,0.35,95,99,2,6,0,2,0,1,0,19,48,65,64,22,199,0
11,0,2,36,0.2,98,97,2,5,0,1,1,1,1,38,86,127,78,34,325,1
21,0,3,15,0.26,93,57,2,7,0,1,1,0,0,32,61,83,49,16,209,0
19,0,2,41,0.36,58,79,2,6,0,0,0,0,0,58,72,51,91,27,241,1
23,0,3,17,0.46,75,98,2,5,0,3,1,1,0,0,42,80,51,20,193,0
10,0,2,48,0.42,74,89,1,5,2,3,0,1,0,46,68,43,62,33,206,0
3,0,2,30,0.25,84,64,0,3,1,0,0,0,0,0,61,60,32,23,176,0
5,1,1,27,0.22,99,59,4,8,1,0,0,0,0,55,93,80,58,29,260,1
0,1,2,23,0.16,85,82,4,8,0,0,0,1,0,40,105,41,65,47,258,1
19,0,2,24,0.22,63,58,2,7,0,2,0,0,0,45,72,45,51,27,195,0
22,0,2,51,0.1,55,98,2,7,0,3,1,0,0,44,148,61,82,38,329,1
15,1,3,35,0.49,81,82,2,7,1,0,0,0,0,18,55,65,47,20,187,0
14,1,3,53,0.31,75,58,0,5,0,0,0,0,0,47,74,56,76,31,237,1
16,1,3,41,0.11,64,63,2,6,0,1,1,0,0,48,136,67,59,45,307,1
7,0,3,48,0.21,98,81,0,4,0,0,1,0,0,8,89,85,49,36,259,1
11,0,3,37,0.3,80,86,2,7,1,1,0,0,0,13,73,58,60,21,212,0
21,1,2,48,0.29,86,55,1,6,1,2,0,1,1,2,78,103,32,33,246,1
20,0,2,52,0.07,87,54,2,6,0,2,0,0,0,29,194,77,43,49,363,1
9,0,3,41,0.48,86,53,3,6,1,0,0,0,0,40,73,52,63,20,208,0
14,0,3,22,0.17,68,97,1,6,1,4,1,0,0,51,79,56,87,23,245,1
8,1,2,24,0.06,63,65,3,6,0,1,0,0,0,58,210,37,68,70,385,1
1,1,2,27,0.08,85,59,2,6,0,1,0,0,0,0,163,55,26,50,294,1
4,0,2,48,0.31,86,80,6,9,1,0,1,1,1,4,99,122,48,44,313,1
5,0,3,15,0.11,60,80,4,9,0,1,1,0,0,22,122,73,43,29,267,1
6,0,2,20,0.07,76,63,2,7,1,3,0,0,0,5,153,55,46,48,302,1
20,0,3,41,0.22,51,62,1,6,0,2,0,0,0,19,77,30,57,25,189,0
0,0,3,49,0.33,71,53,2,7,1,3,1,0,0,45,77,56,62,24,219,0
22,1,2,29,0.1,51,95,7,12,0,0,1,1,0,41,156,55,72,61,344,1
6,0,2,42,0.19,69,75,3,7,1,3,0,0,0,7,103,61,31,28,223,0
19,0,2,49,0.24,93,73,4,7,2,1,1,0,0,30,104,81,56,33,274,1
11,0,1,17,0.12,97,58,1,5,0,2,0,0,0,14,93,68,53,27,241,1
15,1,1,44,0.28,66,84,5,9,0,1,0,0,0,25,90,57,66,33,246,1
15,1,3,14,0.09,53,91,2,6,0,0,1,1,0,57,125,41,83,44,293,1
10,0,2,44,0.07,63,64,3,6,1,3,0,0,0,32,186,43,60,58,347,1
20,1,1,56,0.28,56,73,2,5,1,1,0,0,0,47,90,44,63,31,228,0
3,1,2,23,0.16,64,80,2,6,0,0,0,1,0,51,95,41,72,33,241,1
12,1,3,30,0.09,79,68,0,3,2,1,0,0,0,38,141,56,66,40,303,1
6,1,2,56,0.24,65,51,4,8,1,0,0,0,0,31,112,48,39,30,229,0
3,1,3,33,0.46,89,51,1,5,0,0,0,1,1,53,43,106,52,29,230,0
14,1,2,26,0.38,51,90,0,5,1,1,1,0,0,0,44,71,65,7,187,0
18,0,2,27,0.42,68,85,3,6,0,0,1,0,0,4,61,65,46,15,187,0
8,1,1,43,0.44,50,86,1,6,1,1,0,0,0,21,65,38,46,16,165,0
10,1,2,21,0.49,80,83,2,6,0,2,1,0,0,30,34,75,51,3,163,0
7,0,2,25,0.39,53,88,0,4,1,1,0,0,0,41,41,55,76,15,187,0
0,0,2,13,0.32,76,68,1,5,1,0,0,0,0,56,53,55,79,9,196,0
22,0,2,34,0.21,74,87,1,6,1,2,2,0,0,52,79,97,100,25,301,1
23,0,2,43,0.13,71,72,1,6,0,0,0,1,0,4,123,55,38,51,267,1
7,1,2,37,0.36,92,65,2,6,2,4,0,0,0,7,70,58,24,15,167,0
12,1,3,55,0.5,59,95,2,7,1,4,0,0,0,5,70,45,79,15,209,0
21,1,2,20,0.26,99,93,3,7,1,1,1,0,0,9,72,99,69,29,269,1
3,1,2,22,0.38,82,55,1,5,0,1,0,0,0,45,54,34,53,23,164,0
7,0,3,40,0.27,98,75,2,7,2,0,0,0,1,39,77,100,60,19,256,1
2,1,3,34,0.24,97,71,6,9,1,0,0,0,0,37,95,83,57,23,258,1
8,1,3,48,0.23,93,94,1,5,2,2,0,0,0,40,81,44,73,21,219,0
1,0,2,19,0.28,79,96,0,4,0,0,0,0,0,46,55,70,82,18,225,0
1,1,3,33,0.22,79,73,2,7,0,2,0,0,0,15,86,51,55,21,213,0
12,1,2,10,0.39,65,95,2,7,0,3,0,0,0,55,39,47,94,7,187,0
14,1,1,34,0.44,58,89,8,13,0,0,0,0,0,27,83,48,62,28,221,0
22,1,3,37,0.45,66,70,4,8,0,1,1,1,1,55,68,111,81,25,285,1
11,0,2,45,0.15,84,79,1,4,2,1,0,0,0,0,106,59,42,33,240,1
3,0,1,27,0.45,99,60,4,7,1,3,0,0,0,45,67,66,62,18,213,0
7,0,1,15,0.2,96,58,4,7,0,0,0,1,1,51,89,102,41,40,272,1
8,0,3,11,0.19,64,61,2,6,2,0,0,0,0,17,68,29,38,34,169,0
22,0,1,12,0.38,97,75,3,8,1,0,0,0,0,38,59,76,66,10,211,0
4,1,1,55,0.19,77,87,1,4,1,2,1,0,0,43,96,81,62,25,264,1
23,1,2,17,0.07,69,52,1,4,2,3,2,0,0,41,164,80,43,47,334,1
19,0,1,40,0.22,82,82,3,6,1,1,0,0,0,46,98,55,79,27,259,1
17,0,3,57,0.37,82,64,2,6,0,0,1,1,0,53,77,62,50,33,222,0
10,0,2,28,0.2,85,96,3,8,2,0,1,0,0,38,81,86,78,27,272,1
14,1,2,59,0.33,62,54,1,6,0,1,1,0,1,36,83,99,63,22,267,1
21,0,3,15,0.35,53,73,3,8,1,1,1,0,0,10,61,49,59,18,187,0
8,1,2,23,0.38,72,60,4,9,1,0,0,0,0,2,63,58,58,17,196,0
16,1,2,12,0.45,57,82,3,6,0,0,0,0,0,28,51,41,63,9,164,0
11,1,3,57,0.24,62,72,1,6,1,2,1,0,0,3,95,70,50,22,237,1
6,1,2,10,0.12,73,59,1,4,0,0,0,0,0,30,88,43,52,28,211,0
9,0,2,53,0.19,89,92,3,7,0,1,0,2,1,10,110,85,63,62,320,1
9,1,3,39,0.24,95,77,3,7,0,1,1,0,0,29,92,79,64,27,262,1
12,1,3,55,0.37,79,88,1,5,1,2,1,0,0,14,71,73,47,19,210,0
18,0,3,28,0.06,79,66,3,8,0,0,0,0,1,14,200,95,49,56,400,1
10,1,3,28,0.19,74,93,1,6,1,5,0,1,0,57,85,44,101,45,275,1
12,1,3,18,0.4,82,75,2,5,1,0,0,0,1,31,48,91,66,14,219,0
20,1,3,16,0.35,58,74,1,6,1,0,0,0,0,28,48,50,52,7,157,0
7,0,3,55,0.38,75,85,0,4,1,0,0,1,0,48,61,50,83,29,223,0
7,1,1,46,0.42,73,61,3,8,1,1,1,1,0,42,78,91,39,33,241,1
3,1,2,59,0.4,82,52,2,5,0,0,1,0,1,27,78,113,49,29,269,1
14,0,3,50,0.36,88,99,6,10,0,0,1,0,0,20,89,82,47,25,243,1
10,0,2,16,0.25,74,78,0,4,1,0,0,1,0,37,51,58,53,23,185,0
10,1,1,18,0.49,94,93,3,6,1,0,0,0,0,38,53,61,67,10,191,0
0,1,2,13,0.31,64,73,3,7,0,0,1,0,0,10,62,42,39,14,157,0
16,0,2,34,0.14,90,68,5,8,1,5,1,0,0,31,123,97,63,30,313,1
14,1,2,58,0.18,97,62,2,5,0,2,1,0,0,26,109,86,44,32,271,1
19,0,3,21,0.36,98,65,1,6,1,1,0,0,0,23,42,65,36,16,159,0
5,1,3,15,0.47,90,89,2,6,1,0,0,0,0,36,46,61,66,8,181,0
23,0,3,27,0.13,55,76,5,10,2,0,1,0,0,0,123,67,42,45,277,1
21,1,3,49,0.09,69,55,2,7,1,1,0,0,0,31,159,52,50,55,316,1
14,0,2,30,0.45,93,91,1,4,1,0,0,0,1,52,49,93,74,21,237,1
8,0,2,24,0.46,65,59,4,7,1,1,1,0,0,0,65,65,44,16,190,0
13,0,2,12,0.17,70,87,3,8,1,1,1,1,0,44,86,69,77,29,261,1
17,0,2,11,0.22,64,57,3,6,0,2,0,0,0,55,74,36,58,22,190,0
16,0,1,50,0.35,88,67,1,5,0,2,0,0,0,33,77,49,66,29,221,0
17,1,2,49,0.2,91,81,1,5,2,2,1,0,0,17,92,74,80,35,281,1
4,1,2,13,0.44,53,66,0,5,0,1,0,0,1,28,30,71,53,15,169,0
19,0,2,41,0.1,73,91,2,6,0,1,1,0,0,5,142,62,38,52,294,1
19,1,3,11,0.07,52,51,2,7,1,3,1,0,0,56,161,63,57,53,334,1
8,1,2,55,0.14,99,93,2,6,1,0,1,1,0,30,129,105,85,44,363,1
10,1,2,38,0.18,50,69,3,6,0,0,0,0,0,13,100,36,43,37,216,0
23,1,2,11,0.1,79,59,4,8,0,2,0,0,0,10,128,52,41,32,253,1
21,1,2,43,0.08,62,58,1,4,1,0,0,1,0,4,166,31,22,66,285,1
0,1,2,36,0.39,67,97,5,10,1,0,0,0,0,21,81,40,73,21,215,0
17,0,1,48,0.12,89,88,3,7,1,0,0,2,0,50,132,67,68,61,328,1
5,1,2,53,0.46,60,90,2,5,0,2,0,0,0,12,72,53,71,16,212,0
1,1,3,47,0.22,91,74,2,5,1,1,0,1,1,11,88,94,43,38,263,1
14,1,2,27,0.35,78,74,1,6,1,0,0,0,0,40,51,65,47,20,183,0
20,0,3,45,0.15,53,73,2,7,1,0,0,0,0,3,118,28,48,37,231,1
13,1,3,28,0.16,74,55,1,5,0,2,0,0,0,37,93,61,46,31,231,1
4,1,1,36,0.31,85,79,2,6,0,2,0,1,0,3,74,48,34,35,191,0
5,1,3,54,0.3,85,59,2,6,1,1,1,0,0,29,90,86,58,26,260,1
5,0,2,29,0.4,93,88,2,5,1,2,0,0,1,53,45,98,76,14,233,1
21,1,2,30,0.39,89,80,1,6,1,0,0,0,0,0,53,83,58,10,204,0
17,0,2,32,0.35,77,67,1,5,1,1,0,1,0,48,60,56,58,32,206,0
13,1,3,39,0.25,94,92,3,7,2,0,0,0,0,30,81,54,66,25,226,0
9,0,1,34,0.45,57,82,1,4,0,1,0,0,0,48,46,39,78,11,174,0
13,0,3,40,0.33,70,68,2,6,1,1,0,0,0,41,70,53,67,15,205,0
12,0,3,36,0.5,84,72,1,4,1,1,2,1,0,49,56,96,57,25,234,1
2,1,3,43,0.42,93,54,1,4,1,1,0,0,1,22,67,107,42,12,228,0
5,0,2,17,0.07,67,75,3,8,2,0,1,0,0,13,164,54,78,48,344,1
7,0,3,28,0.19,96,78,4,7,1,1,1,0,0,34,96,85,81,34,296,1
11,0,2,50,0.31,74,73,1,6,0,1,0,0,1,16,70,76,56,22,224,0
12,0,1,35,0.37,95,55,1,4,0,1,0,0,0,59,61,63,85,12,221,0
10,1,3,37,0.3,90,88,2,7,1,3,0,1,0,31,69,83,70,32,254,1
11,1,3,13,0.4,54,53,1,4,1,0,1,0,0,55,43,60,51,12,166,0
0,1,2,40,0.18,96,97,2,6,0,2,0,0,0,55,98,55,99,28,280,1
16,1,2,25,0.13,57,91,6,11,0,1,0,0,0,35,135,36,57,36,264,1
15,0,1,19,0.07,72,75,1,6,1,1,1,1,0,22,162,65,47,56,330,1
10,1,2,47,0.31,52,64,0,3,0,2,0,1,0,33,71,53,56,29,209,0
12,0,2,57,0.36,93,62,1,5,0,0,0,0,0,46,81,54,74,23,232,1
17,1,2,19,0.2,86,89,3,7,1,0,0,0,0,37,77,56,84,23,240,1
10,1,2,54,0.33,80,71,1,6,0,0,0,1,0,40,83,45,49,44,221,0
11,1,3,18,0.07,78,62,1,5,1,2,1,1,1,38,174,127,46,68,415,1
5,0,2,48,0.09,90,88,2,6,0,0,0,0,0,21,158,44,51,48,301,1
8,1,3,45,0.37,69,66,1,4,1,1,0,1,0,41,63,38,60,33,194,0
15,1,3,45,0.22,52,85,2,6,1,1,0,0,0,1,79,38,53,20,190,0
3,1,2,28,0.35,72,88,3,7,0,1,2,2,1,19,77,142,58,37,314,1
2,0,1,28,0.42,89,97,3,7,1,1,0,1,0,13,66,72,58,39,235,1
15,1,1,21,0.43,70,74,0,4,0,0,0,0,0,37,41,57,55,11,164,0
23,1,3,22,0.13,62,83,2,5,2,2,0,1,0,36,108,45,82,45,280,1
11,0,2,34,0.27,57,70,3,6,1,1,1,0,0,36,73,61,52,21,207,0
10,0,2,45,0.38,54,74,3,7,1,0,1,0,0,51,83,70,55,29,237,1
4,1,2,34,0.4,74,74,3,6,0,0,0,0,0,11,68,65,72,31,236,1
17,1,2,37,0.4,88,71,0,5,0,3,1,1,1,27,53,117,55,22,247,1
18,1,2,51,0.15,86,72,2,5,1,0,1,0,0,55,117,76,74,38,305,1
22,0,3,48,0.14,90,74,5,8,0,2,0,1,1,7,130,89,40,47,306,1
22,0,2,39,0.32,54,63,3,6,1,0,0,0,0,28,73,40,53,21,187,0
5,0,3,14,0.38,57,63,0,5,0,0,1,0,0,20,31,62,38,3,134,0
21,1,3,26,0.19,93,75,0,5,0,1,0,0,1,38,74,93,53,21,241,1
17,0,2,27,0.1,53,89,3,8,0,1,0,1,0,47,137,42,69,48,296,1
5,1,2,52,0.37,90,79,1,4,2,0,1,0,0,17,64,72,46,25,207,0
3,0,3,56,0.18,71,75,1,6,2,0,1,1,0,47,97,67,80,36,280,1
11,0,3,30,0.12,63,87,0,5,0,0,0,0,0,18,112,55,60,33,260,1
18,0,2,31,0.12,68,71,1,4,0,0,0,1,0,9,116,60,58,49,283,1
1,1,3,48,0.19,62,88,2,6,0,0,1,0,1,8,99,92,62,33,286,1
16,1,1,59,0.32,84,88,0,3,0,0,0,0,0,22,82,52,91,31,256,1
10,1,2,15,0.21,53,83,2,5,2,0,1,1,0,29,61,66,59,33,219,0
10,1,2,59,0.06,82,74,0,3,1,0,0,0,0,21,218,63,48,67,396,1
20,0,2,25,0.09,71,85,2,6,2,0,0,1,1,58,128,96,85,47,356,1
15,1,1,11,0.18,50,62,2,5,1,2,0,0,0,54,73,6,69,20,168,0
1,0,2,10,0.35,60,78,1,4,1,0,0,0,0,28,46,30,57,14,147,0
1,1,1,39,0.09,65,91,0,4,1,0,0,1,0,5,144,50,63,48,305,1
22,1,2,52,0.3,53,58,2,5,1,1,0,1,0,49,90,52,47,35,224,0
7,0,3,46,0.1,78,64,2,5,1,0,0,0,0,34,145,48,59,45,297,1
12,0,3,57,0.15,88,80,0,3,0,1,0,0,0,13,111,61,47,25,244,1
9,1,2,32,0.13,93,93,3,7,1,3,0,1,0,4,123,53,54,38,268,1
7,1,2,10,0.08,87,76,2,5,1,0,0,0,0,45,148,76,57,33,314,1
3,0,2,28,0.35,73,80,1,5,2,1,0,0,0,17,53,40,49,9,151,0
14,0,1,55,0.26,58,59,2,6,1,1,0,0,0,34,94,49,43,26,212,0
0,0,2,12,0.42,57,86,3,8,0,0,0,0,0,29,44,30,71,12,157,0
10,0,1,11,0.09,63,56,2,5,0,1,0,0,0,6,136,20,54,36,246,1
6,0,3,46,0.12,64,81,5,8,2,0,0,0,1,33,144,88,49,38,319,1
16,1,3,26,0.19,71,60,1,6,2,1,0,1,0,37,80,48,61,28,217,0
19,1,2,37,0.39,86,97,1,6,1,1,0,1,1,41,59,106,88,28,281,1
23,1,3,27,0.19,64,94,2,5,0,2,0,0,1,52,67,86,79,18,250,1
17,1,1,42,0.23,55,77,2,5,0,1,1,0,0,18,82,48,43,25,198,0
21,0,2,24,0.19,50,53,3,8,0,0,1,0,1,44,79,92,44,21,236,1
21,0,3,31,0.09,69,97,0,3,2,1,0,0,0,55,137,59,92,38,326,1
11,0,2,50,0.47,90,94,1,4,1,1,0,1,0,53,54,70,76,26,226,0
8,1,2,36,0.3,85,80,2,5,2,2,1,0,0,10,73,85,51,23,232,1
4,0,3,46,0.4,51,78,0,5,1,3,2,0,0,40,56,96,50,22,224,0
9,0,3,41,0.35,55,82,3,8,1,2,0,0,0,16,78,44,61,26,209,0
3,1,3,54,0.28,51,53,4,8,0,0,1,0,0,10,99,65,46,37,247,1
4,1,3,28,0.09,52,96,3,7,0,0,0,0,0,44,147,21,70,40,278,1
9,1,3,37,0.34,56,75,4,7,2,1,0,0,0,27,84,49,52,19,204,0
10,0,1,37,0.12,69,80,3,6,0,1,1,0,0,2,133,71,34,37,275,1
20,0,1,19,0.24,98,80,2,6,1,0,0,1,1,9,73,115,49,35,272,1
23,1,2,29,0.33,90,76,1,5,1,2,0,0,1,23,54,105,57,12,228,0
9,1,1,34,0.4,90,74,1,5,0,0,0,0,0,32,51,71,62,21,205,0
7,0,2,30,0.36,54,97,0,3,0,0,1,0,0,58,56,60,98,10,224,0
1,1,2,23,0.35,74,85,1,4,0,1,1,0,1,58,48,113,91,8,260,1
22,0,2,31,0.12,87,98,1,5,1,1,0,1,0,55,105,78,91,41,315,1
7,1,2,35,0.21,67,80,0,5,0,3,1,0,0,58,69,70,61,30,230,0
15,1,3,53,0.07,50,92,2,6,0,1,0,1,0,25,196,51,72,71,390,1
21,1,1,20,0.37,74,86,4,9,1,0,1,0,0,4,61,77,40,21,199,0
4,0,2,16,0.48,66,94,2,7,0,0,1,0,0,23,49,80,66,10,205,0
2,0,3,26,0.17,95,93,3,6,0,3,0,1,0,43,87,67,80,34,268,1
11,1,3,27,0.09,64,72,3,8,0,1,0,1,0,25,140,39,51,53,283,1
12,0,2,16,0.26,54,84,1,6,0,2,1,0,1,6,54,92,68,7,221,0
12,1,1,29,0.44,66,53,3,7,1,2,1,0,0,11,51,63,34,14,162,0
9,1,2,47,0.3,70,77,0,4,2,2,0,0,0,56,68,28,75,27,198,0
3,0,1,20,0.07,72,91,2,7,0,1,1,0,1,38,173,101,87,58,419,1
8,0,1,53,0.49,92,90,1,5,1,0,1,0,0,43,78,95,67,34,274,1
21,0,2,25,0.42,59,91,3,7,0,1,0,1,0,35,56,50,69,25,200,0
23,0,2,36,0.11,66,62,2,6,1,3,0,1,1,16,127,90,56,40,313,1
22,1,2,20,0.46,50,50,1,5,1,0,0,0,0,15,43,54,42,10,149,0
1,0,2,25,0.25,86,61,1,6,1,0,1,0,0,30,68,73,52,21,214,0
18,0,3,32,0.22,97,92,3,8,0,0,0,0,0,17,91,72,48,31,242,1
0,1,3,21,0.26,56,89,2,7,0,1,0,1,0,31,62,46,66,29,203,0
6,1,2,49,0.43,61,75,2,7,1,1,0,0,0,1,77,40,33,25,175,0
16,1,2,12,0.35,89,95,5,10,0,0,0,2,0,48,60,57,89,36,242,1
2,1,2,11,0.08,99,95,2,5,1,0,1,0,0,9,151,88,61,43,343,1
19,0,2,47,0.48,50,72,2,6,0,2,0,0,1,47,73,70,49,18,210,0
19,0,2,57,0.12,69,98,0,3,0,2,1,0,1,38,124,130,59,30,343,1
20,1,2,33,0.39,93,71,2,7,1,0,0,0,0,13,62,64,42,16,184,0
2,1,2,38,0.34,80,77,2,6,1,3,2,0,0,51,67,101,58,21,247,1
2,0,2,56,0.13,53,66,1,6,1,0,0,0,1,46,129,73,56,41,299,1
16,0,2,55,0.13,75,55,0,3,0,0,0,0,0,9,119,72,42,37,270,1
6,0,2,43,0.44,61,63,3,8,0,0,1,1,0,54,68,63,55,31,217,0
13,0,2,29,0.24,71,99,1,5,1,0,0,0,0,27,72,36,80,19,207,0
16,0,2,27,0.34,50,66,0,5,1,1,0,0,0,23,52,26,45,23,146,0
17,1,2,23,0.28,50,87,2,7,1,0,1,1,0,53,57,64,81,27,229,0
12,1,2,27,0.38,52,54,1,5,2,2,0,1,0,39,59,38,35,26,158,0
19,1,2,11,0.27,61,62,3,6,0,2,1,0,1,33,65,112,63,23,263,1
19,1,2,10,0.18,70,97,4,7,2,1,0,0,0,59,87,59,100,33,279,1
20,0,2,29,0.21,62,58,5,9,1,1,1,0,0,48,94,61,55,32,242,1
17,1,1,43,0.44,62,93,1,5,1,1,0,0,0,40,56,43,70,20,189,0
3,0,2,50,0.26,90,91,5,8,0,3,1,1,0,8,109,79,59,41,288,1
0,0,2,50,0.15,67,75,1,5,1,1,0,1,0,46,108,51,65,50,274,1
17,0,2,57,0.47,82,62,0,3,1,1,0,1,1,28,62,83,46,35,226,0
0,0,3,20,0.41,55,68,3,8,1,0,1,0,0,44,56,57,86,17,216,0
12,0,3,36,0.08,74,97,1,4,0,0,0,0,1,40,149,87,88,44,368,1
19,0,3,32,0.5,72,66,1,5,0,1,0,0,0,35,52,51,60,19,182,0
19,0,1,47,0.36,73,65,2,7,1,0,0,0,0,8,71,48,45,21,185,0
22,1,3,53,0.12,86,79,4,8,2,1,2,0,0,40,144,104,50,52,350,1
9,0,2,12,0.16,75,81,0,3,0,0,1,0,0,46,76,85,67,29,257,1
10,1,2,21,0.36,53,63,0,5,0,1,0,0,0,10,50,51,37,12,150,0
8,1,1,39,0.4,87,97,3,6,1,3,1,0,0,20,76,77,79,21,253,1
8,0,3,40,0.16,84,64,1,6,1,1,0,0,0,12,106,69,34,26,235,1
4,0,1,32,0.17,98,61,3,7,0,1,2,1,1,48,99,125,65,47,336,1
0,1,3,10,0.19,60,86,2,5,0,1,0,0,0,23,58,47,55,20,180,0
16,1,1,50,0.32,85,60,2,7,1,1,0,1,0,0,80,46,38,26,190,0
21,1,2,29,0.13,74,54,2,7,0,1,0,2,0,34,113,62,43,51,269,1
1,1,2,15,0.1,69,60,1,6,0,2,1,0,0,34,113,81,55,26,275,1
23,0,2,20,0.36,50,83,7,10,1,0,1,1,0,20,76,62,61,33,232,1
12,0,1,44,0.4,79,68,0,4,0,0,0,0,0,46,54,52,68,13,187,0
8,0,2,13,0.28,53,75,1,5,0,1,0,2,0,4,54,27,57,34,172,0
3,1,1,38,0.21,72,75,2,7,0,1,0,1,0,20,84,51,61,42,238,1
4,0,2,19,0.24,84,66,3,7,1,1,0,1,0,3,70,57,50,32,209,0
10,1,2,38,0.22,91,80,4,7,0,3,0,0,0,32,98,64,78,30,270,1
23,0,3,47,0.48,71,68,2,6,0,1,0,1,0,35,68,52,56,28,204,0
18,1,2,10,0.4,80,93,0,4,0,2,1,1,0,57,40,87,84,21,232,1
20,0,1,49,0.14,50,69,1,4,0,1,0,1,0,7,113,28,33,46,220,0
2,0,2,17,0.22,53,72,0,3,1,0,1,0,1,28,50,85,51,22,208,0
11,1,2,47,0.29,68,74,5,9,2,1,1,0,0,52,100,67,49,31,247,1
18,1,3,26,0.33,79,77,1,5,1,4,1,0,0,6,56,74,58,14,202,0
18,1,3,28,0.26,50,86,3,7,0,1,0,0,0,0,79,36,47,25,187,0
12,1,2,42,0.41,97,61,1,6,0,1,0,0,0,4,60,71,52,18,201,0
6,1,1,24,0.4,68,97,3,6,0,1,2,1,0,12,60,88,66,42,256,1
14,0,3,54,0.28,70,50,2,7,0,0,1,0,1,59,87,101,51,25,264,1
22,1,3,40,0.43,71,51,2,7,0,1,2,0,0,25,57,92,27,18,194,0
6,0,3,30,0.39,99,59,3,8,0,3,2,0,1,11,67,164,19,24,274,1
7,0,3,12,0.4,51,83,3,8,1,0,0,0,0,58,52,36,65,17,170,0
4,0,2,11,0.48,55,81,3,7,1,1,0,0,0,7,49,40,56,20,165,0
20,0,1,44,0.17,70,74,4,7,1,1,1,0,0,52,101,81,76,31,289,1
13,0,2,50,0.17,82,59,0,4,0,0,0,0,0,59,98,48,66,27,239,1
3,1,2,25,0.45,68,99,3,6,1,2,0,0,1,48,54,86,85,18,243,1
22,1,2,54,0.4,76,50,3,8,0,0,0,0,0,33,87,64,33,27,211,0
9,0,2,59,0.47,86,81,1,4,0,3,0,0,0,21,74,68,48,25,215,0
19,0,2,30,0.08,78,86,3,6,0,1,0,0,0,49,162,62,68,46,338,1
14,1,2,21,0.33,77,61,0,3,0,0,0,0,0,8,55,31,44,19,149,0
17,1,2,37,0.12,83,98,3,6,0,0,0,0,0,8,137,51,50,48,286,1
19,0,1,21,0.28,50,67,0,4,0,0,0,0,0,44,60,20,68,9,157,0
12,1,2,42,0.12,97,79,0,5,0,2,0,0,0,17,118,82,43,35,278,1
7,1,3,29,0.11,74,62,1,5,1,1,1,0,0,16,116,77,56,31,280,1
8,1,3,49,0.06,70,52,2,7,0,0,1,0,0,6,226,68,24,72,390,1
15,0,2,58,0.33,83,70,1,5,0,0,0,0,0,38,88,50,51,26,215,0
18,1,2,30,0.21,75,91,6,10,0,2,0,0,0,50,106,49,86,28,269,1
15,0,1,48,0.1,85,63,3,7,0,1,0,0,0,33,151,81,54,42,328,1
6,0,2,50,0.2,84,89,5,8,1,0,1,0,0,15,109,79,61,41,290,1
13,0,2,58,0.13,72,59,2,5,0,2,0,0,0,56,127,44,69,37,277,1
13,0,2,51,0.47,66,51,3,6,1,0,0,0,0,27,77,34,44,23,178,0
3,0,3,45,0.19,96,94,4,7,1,1,0,1,0,24,111,85,79,45,320,1
14,1,2,31,0.2,91,86,1,5,1,2,0,0,0,21,69,63,56,15,203,0
2,0,1,35,0.43,61,60,4,8,0,2,1,0,0,54,76,59,62,27,224,0
4,0,2,16,0.34,93,50,0,5,0,1,0,1,0,33,34,52,53,14,153,0
0,0,2,16,0.37,69,75,1,4,2,2,0,0,0,14,43,39,65,16,163,0
2,1,2,17,0.34,88,91,0,3,1,1,0,0,0,15,49,73,52,11,185,0
14,1,3,35,0.48,76,62,3,6,2,1,0,0,0,15,74,37,40,22,173,0
23,1,2,33,0.14,91,77,2,5,2,0,0,1,0,37,108,51,64,47,270,1
7,1,2,33,0.5,86,85,2,5,1,1,0,2,1,21,55,96,61,33,245,1
3,1,2,49,0.42,69,70,2,5,0,2,0,0,0,28,72,53,58,20,203,0
1,1,2,57,0.32,60,59,4,8,1,3,0,0,0,31,96,43,60,26,225,0
23,1,2,21,0.35,77,61,1,4,1,1,1,1,0,42,54,68,61,28,211,0
23,0,2,56,0.34,51,95,3,6,1,1,0,1,0,23,86,30,64,30,210,0
9,0,2,17,0.08,73,76,2,6,1,1,1,1,0,40,145,65,72,51,333,1
3,1,2,18,0.15,65,52,0,5,1,0,1,0,0,49,77,64,79,24,244,1
2,0,3,12,0.48,61,77,1,5,1,1,0,0,0,22,40,34,53,21,148,0
1,0,2,30,0.29,65,51,0,3,0,1,0,1,0,56,60,48,52,29,189,0
16,1,1,40,0.22,85,77,0,4,0,2,1,0,0,37,79,92,54,23,248,1
22,0,1,57,0.39,51,80,2,5,1,1,0,1,0,22,90,46,72,35,243,1
20,0,1,56,0.29,74,92,3,7,1,1,1,0,0,24,97,56,56,39,248,1
23,1,2,33,0.06,78,70,2,7,1,0,1,0,0,25,213,64,49,68,394,1
19,0,1,13,0.38,77,56,2,5,0,1,0,1,1,35,53,99,57,20,229,0
22,1,1,29,0.38,59,99,8,12,0,0,0,0,1,49,84,83,73,15,255,1
12,1,2,25,0.12,94,80,1,5,0,0,0,1,0,33,113,68,70,37,288,1
4,0,2,19,0.48,72,63,0,4,0,0,0,0,0,12,43,65,43,13,164,0
20,0,1,52,0.15,81,88,2,5,0,1,0,0,1,32,111,119,44,33,307,1
8,0,2,35,0.26,80,88,3,7,0,3,0,0,0,40,84,64,83,26,257,1
21,1,3,38,0.1,68,58,1,4,0,2,0,0,1,57,127,72,73,46,318,1
5,1,3,14,0.32,64,72,0,3,1,1,1,1,0,45,43,63,57,23,186,0
4,1,2,20,0.22,82,61,2,7,2,1,0,0,1,3,77,111,30,23,241,1
9,0,2,38,0.21,66,78,1,6,0,1,0,0,0,52,78,64,68,22,232,1
7,0,3,54,0.42,85,87,2,6,0,0,0,0,1,35,80,97,77,25,279,1
6,1,2,24,0.05,69,88,1,4,2,3,1,0,0,19,216,73,67,68,424,1
6,0,2,15,0.41,58,71,1,5,2,1,0,1,0,28,43,47,59,23,172,0
5,0,3,57,0.31,87,53,2,5,0,0,0,0,0,14,89,69,48,20,226,0
20,1,2,24,0.49,52,97,3,6,0,3,0,0,0,53,55,48,73,11,187,0
19,1,3,52,0.32,51,56,1,5,0,0,1,1,0,14,74,29,29,34,166,0
2,0,3,29,0.07,67,89,2,5,0,2,0,0,1,12,179,94,73,49,395,1
18,1,2,43,0.07,72,57,2,6,0,0,0,0,0,59,191,49,57,56,353,1
21,0,3,11,0.45,68,84,4,7,0,1,0,0,0,13,60,49,54,8,171,0
14,1,2,53,0.43,56,58,1,5,1,1,1,0,0,59,83,49,61,29,222,0
3,1,2,25,0.21,84,62,1,5,0,2,1,0,1,59,67,110,61,17,255,1
11,1,3,28,0.33,99,88,2,7,1,0,0,1,0,21,59,67,62,17,205,0
5,0,2,43,0.27,69,69,0,5,0,1,1,0,0,0,69,74,38,24,205,0
18,0,3,58,0.49,69,70,1,4,1,1,0,1,0,0,72,34,48,24,178,0
3,1,3,23,0.48,68,96,1,5,1,2,1,0,0,30,43,68,91,7,209,0
14,1,3,33,0.49,90,68,0,4,1,0,1,1,0,54,48,99,65,28,240,1
8,1,3,37,0.44,65,51,4,8,0,1,0,2,0,32,68,67,57,37,229,0
4,0,2,57,0.46,87,93,1,5,0,1,0,0,0,46,70,62,79,29,240,1
12,1,1,41,0.15,70,89,5,9,0,0,1,0,0,0,112,65,48,26,251,1
22,1,3,46,0.42,78,79,2,5,1,2,0,0,0,37,71,51,54,29,205,0
17,1,2,19,0.37,93,72,2,7,0,2,1,0,0,23,48,91,49,9,197,0
4,1,2,58,0.48,87,89,2,6,1,1,1,0,0,38,75,87,44,20,226,0
15,0,2,54,0.31,94,62,4,8,0,0,1,0,0,21,100,83,52,24,259,1
18,0,3,57,0.09,73,82,0,4,0,0,1,0,0,22,154,63,62,51,330,1
13,1,3,18,0.32,86,81,0,3,1,0,0,0,0,1,47,48,48,21,164,0
15,0,2,33,0.36,78,77,4,9,0,1,2,0,1,21,81,133,45,22,281,1
14,0,2,45,0.15,80,73,1,6,0,5,1,0,0,8,110,88,48,31,277,1
21,0,2,38,0.23,94,91,4,8,1,1,0,0,0,3,100,58,58,22,238,1
3,1,2,38,0.32,88,77,2,5,1,2,1,0,0,49,80,76,70,29,255,1
6,0,2,57,0.22,61,79,2,7,0,0,1,0,1,24,101,101,51,25,278,1
15,0,2,32,0.22,79,90,0,5,0,1,1,0,0,14,72,67,61,15,215,0
23,0,2,36,0.11,53,78,2,5,1,1,0,1,0,23,132,57,44,49,282,1
21,1,2,40,0.47,79,83,2,7,2,2,0,0,0,39,56,60,75,14,205,0
20,1,2,52,0.39,54,71,2,5,0,4,1,0,0,6,80,65,49,20,214,0
21,0,2,16,0.05,65,74,3,8,1,3,1,1,1,7,232,94,65,78,469,1
20,0,3,58,0.39,76,63,3,6,1,1,0,2,0,26,78,50,39,39,206,0
7,1,1,54,0.38,53,59,3,7,0,0,0,0,0,26,80,44,43,24,191,0
16,1,2,13,0.05,57,59,4,9,0,3,2,0,0,44,223,83,55,73,434,1
15,0,2,23,0.22,97,57,2,7,1,2,0,2,0,34,76,95,41,30,242,1
22,0,1,51,0.32,57,63,3,8,0,1,1,0,0,37,83,67,46,26,222,0
9,1,2,51,0.25,66,94,2,5,0,1,0,0,0,29,97,40,67,35,239,1
9,1,2,19,0.4,95,87,1,6,0,2,0,0,0,38,49,67,57,16,189,0
1,0,2,53,0.24,93,81,4,9,0,2,1,0,0,28,112,89,71,39,311,1
8,1,2,43,0.12,52,94,4,7,0,1,1,0,1,4,135,107,55,44,341,1
16,0,3,35,0.49,76,81,5,10,1,1,2,0,1,17,83,108,60,26,277,1
10,0,2,32,0.16,83,52,3,8,2,1,0,0,0,14,91,49,40,20,200,0
9,0,1,18,0.37,94,69,4,7,0,1,1,1,0,25,63,89,56,21,229,0
21,1,3,46,0.11,70,62,1,4,0,0,0,0,0,54,134,25,69,34,262,1
16,0,1,17,0.2,92,72,2,5,1,1,0,1,0,58,78,76,67,38,259,1
3,0,3,23,0.25,73,68,3,8,1,0,1,0,0,1,71,72,62,20,225,0
15,1,3,16,0.14,93,65,1,5,1,2,0,0,0,30,93,63,52,29,237,1
19,1,2,16,0.25,99,85,1,4,1,0,1,0,0,24,53,75,54,17,199,0
14,0,3,18,0.12,90,84,2,7,1,1,0,0,0,24,105,79,49,30,263,1
20,0,3,12,0.3,78,96,2,6,0,0,1,0,0,31,53,61,58,15,187,0
4,1,3,23,0.35,88,96,3,7,0,0,0,0,0,57,65,73,120,24,282,1
5,1,2,26,0.08,55,99,2,5,0,2,0,0,0,21,149,61,71,42,323,1
16,1,2,59,0.44,63,56,3,6,1,0,0,0,0,51,86,61,52,27,226,0
0,0,3,53,0.13,99,86,1,4,2,2,0,1,0,9,117,72,47,41,277,1
18,0,1,31,0.15,63,57,1,4,1,2,0,0,0,35,91,41,58,26,216,0
3,0,2,55,0.35,86,74,0,3,1,2,0,0,0,11,79,69,41,29,218,0
16,1,2,35,0.26,73,72,2,7,0,1,0,1,1,20,81,90,57,34,262,1
8,0,2,37,0.27,62,59,5,10,1,2,0,0,0,14,98,46,48,26,218,0
23,1,2,54,0.11,50,79,0,3,0,0,1,1,0,10,129,43,54,53,279,1
1,0,3,23,0.41,61,82,1,6,2,1,1,1,0,45,43,71,52,29,195,0
7,1,3,18,0.33,91,60,1,4,0,2,0,0,0,6,46,57,52,26,181,0
14,0,1,35,0.11,73,84,1,4,0,1,0,1,0,23,125,65,67,48,305,1
6,0,3,11,0.22,86,76,2,6,1,0,1,1,1,29,71,107,80,26,284,1
5,1,3,20,0.41,69,52,3,6,1,1,2,0,0,13,55,83,43,13,194,0
0,1,1,26,0.31,55,96,2,6,1,0,0,1,0,57,53,36,78,24,191,0
14,0,2,43,0.1,61,98,0,5,0,2,0,0,1,39,134,76,74,43,327,1
22,1,3,28,0.22,70,99,2,5,1,0,1,1,0,45,77,63,80,28,248,1
6,1,2,48,0.16,52,57,1,5,1,0,1,0,0,54,112,57,58,36,263,1
16,0,3,27,0.28,76,62,2,6,1,1,1,0,0,5,69,67,33,15,184,0
1,1,3,22,0.43,95,91,3,8,1,2,0,0,1,49,57,99,81,16,253,1
8,0,2,14,0.25,85,52,2,6,1,0,0,0,0,45,61,57,47,13,178,0
8,0,1,59,0.25,66,69,2,5,0,0,1,1,0,7,92,75,60,34,261,1
12,1,2,32,0.46,98,95,1,4,0,0,0,1,0,35,52,81,59,31,223,0
5,1,1,33,0.31,95,94,0,4,1,1,0,0,0,55,60,60,82,10,212,0
5,0,2,38,0.3,64,84,1,4,1,0,0,2,0,11,69,47,46,44,206,0
19,0,3,57,0.17,88,62,1,4,0,2,1,1,0,4,100,85,36,40,261,1
19,0,2,56,0.32,53,69,0,4,0,0,0,1,1,12,80,91,55,34,260,1
20,0,3,17,0.31,66,73,5,10,1,3,0,0,1,18,72,107,57,24,260,1
2,0,2,35,0.23,87,58,3,8,0,2,0,0,0,21,92,38,61,27,218,0
16,0,3,24,0.5,60,79,3,6,0,2,1,0,0,11,53,43,39,10,145,0
16,1,2,10,0.45,61,74,0,4,1,0,1,0,1,31,31,101,44,23,199,0
11,1,3,37,0.39,96,65,1,4,0,1,1,1,0,49,51,75,53,20,199,0
15,1,3,58,0.29,81,57,4,7,0,0,0,0,0,37,99,48,38,36,221,0
14,0,1,56,0.26,76,93,0,4,0,2,0,0,0,37,90,38,78,21,227,0
12,1,3,55,0.13,93,77,3,8,0,0,0,0,0,16,140,68,62,54,324,1
22,0,2,23,0.19,92,61,2,5,0,2,1,1,0,25,77,80,62,27,246,1
0,0,1,51,0.4,76,73,2,7,2,1,0,0,0,15,72,64,35,18,189,0
16,1,2,43,0.25,98,98,2,5,1,0,1,0,1,11,88,126,57,17,288,1
2,0,3,40,0.45,89,78,4,8,0,1,0,0,0,36,67,63,50,17,197,0
14,0,2,15,0.12,93,64,1,5,0,0,0,0,0,45,103,81,50,32,266,1
3,0,2,58,0.28,78,67,2,7,1,1,0,0,0,15,99,57,52,27,235,1
3,0,3,14,0.34,58,56,0,3,0,0,0,1,1,4,34,81,15,26,156,0
17,0,3,40,0.28,92,62,4,8,2,1,0,0,1,7,89,92,29,26,236,1
16,0,2,46,0.45,52,68,2,5,0,0,0,2,1,6,71,77,43,43,234,1
18,1,1,24,0.5,88,97,4,7,1,0,0,0,1,56,61,95,67,18,241,1
10,0,2,24,0.1,78,92,3,8,1,0,0,0,1,26,135,95,79,37,346,1
19,0,3,52,0.11,70,54,4,7,1,1,1,1,1,25,158,94,37,67,356,1
2,0,3,14,0.11,84,75,0,3,0,0,1,0,0,12,98,76,69,31,274,1
7,0,2,37,0.36,97,51,4,9,1,0,1,0,0,34,74,76,48,21,219,0
13,1,2,42,0.22,59,82,3,7,0,1,1,0,1,45,85,118,67,19,289,1
0,1,1,20,0.38,72,97,1,4,1,0,1,0,0,16,46,80,54,17,197,0
13,0,3,52,0.23,88,86,1,4,0,0,0,0,1,6,95,101,42,27,265,1
1,0,1,15,0.33,74,74,5,9,0,1,1,1,0,8,67,72,35,32,206,0
22,0,1,32,0.4,73,74,1,6,1,1,0,0,0,41,60,51,68,17,196,0
3,1,1,49,0.3,69,88,0,4,0,3,1,0,1,9,72,120,69,27,288,1
23,1,2,11,0.29,64,79,2,5,0,2,0,1,0,54,44,39,79,31,193,0
18,1,2,24,0.09,70,90,3,6,0,2,1,1,0,44,145,104,60,52,361,1
5,1,2,32,0.23,91,53,2,7,0,2,0,1,0,41,74,61,52,33,220,0
0,0,3,31,0.3,61,68,3,8,2,1,0,1,0,54,70,26,66,25,187,0
16,1,1,18,0.26,67,76,2,6,0,2,1,0,0,57,55,68,70,13,206,0
7,1,2,56,0.46,72,96,2,7,1,2,0,0,0,37,80,51,55,21,207,0
18,0,3,49,0.46,90,88,3,7,2,0,0,0,1,52,80,98,53,23,254,1
20,0,2,39,0.42,78,73,2,6,0,3,1,0,0,13,67,65,43,14,189,0
0,1,2,25,0.22,90,99,3,6,0,2,0,0,0,36,75,46,69,21,211,0
4,1,1,55,0.37,85,86,3,7,0,1,0,1,0,12,84,53,68,33,238,1
15,1,3,56,0.23,54,74,0,4,2,0,0,1,0,7,82,42,54,46,224,0
5,1,2,39,0.15,88,78,3,8,1,0,0,0,1,40,104,110,69,27,310,1
7,0,3,54,0.2,75,80,0,5,0,1,0,0,0,51,94,71,66,37,268,1
12,0,2,18,0.08,88,94,2,5,0,1,2,0,0,9,153,119,74,41,387,1
15,1,2,10,0.2,60,84,4,7,2,2,0,0,1,32,80,69,84,25,258,1
2,1,3,47,0.26,91,77,1,4,1,0,0,0,0,36,76,50,70,23,219,0
18,1,3,17,0.48,60,87,3,7,1,0,0,0,0,19,54,34,56,22,166,0
11,1,1,27,0.19,67,93,0,5,1,1,0,0,0,3,82,48,54,29,213,0
15,1,3,36,0.46,61,99,2,6,1,3,0,1,1,0,61,74,84,37,256,1
10,0,2,27,0.15,65,99,3,6,2,3,0,0,0,50,108,44,87,33,272,1
9,0,2,41,0.14,76,53,3,8,1,1,0,1,0,18,116,51,53,49,269,1
19,0,2,58,0.28,85,77,4,8,2,0,1,0,1,23,97,123,54,25,299,1
3,1,2,41,0.35,66,80,2,7,1,0,1,0,0,53,58,66,65,14,203,0
11,1,2,57,0.07,98,72,1,5,0,0,0,0,0,53,195,76,61,62,394,1
22,0,2,54,0.15,70,63,6,9,0,1,1,0,0,46,141,66,35,44,286,1
1,0,1,45,0.26,86,77,2,6,1,0,1,2,0,10,82,89,45,51,267,1
23,1,1,45,0.2,80,63,2,6,0,0,0,0,0,21,96,37,66,28,227,0
21,0,3,30,0.37,94,50,2,5,1,3,0,0,0,55,53,61,59,16,189,0
18,1,3,55,0.28,84,92,2,5,1,2,0,0,0,36,88,63,68,20,239,1
4,1,3,41,0.12,76,81,1,5,0,2,0,0,0,2,119,51,38,42,250,1
7,0,2,40,0.45,72,90,4,8,0,2,0,0,0,16,70,33,67,20,190,0
6,0,2,46,0.18,81,67,1,5,0,2,0,0,1,47,98,84,68,20,270,1
13,0,3,25,0.38,66,54,4,7,0,0,1,0,0,59,66,57,66,28,217,0
23,1,3,55,0.4,60,91,7,10,1,1,1,1,0,39,106,51,68,48,273,1
22,1,2,55,0.48,50,64,3,6,0,0,0,0,1,57,79,75,62,23,239,1
2,0,3,23,0.27,77,91,3,8,2,2,0,1,0,19,65,42,63,29,199,0
17,1,3,33,0.33,67,65,1,6,0,1,0,0,0,34,65,57,41,29,192,0
15,1,3,34,0.2,98,85,3,6,1,2,0,0,0,43,88,61,84,32,265,1
22,1,2,55,0.36,90,85,4,9,0,1,0,0,0,39,99,52,58,30,239,1
18,0,1,44,0.26,69,89,3,8,1,0,1,1,0,14,91,78,80,34,283,1
18,1,2,26,0.25,56,79,1,5,0,0,1,0,0,10,78,58,54,28,218,0
17,0,2,55,0.43,86,87,2,6,0,0,1,0,1,12,73,110,62,22,267,1
19,0,2,51,0.07,65,72,3,7,1,1,0,0,0,25,198,50,41,59,348,1
15,1,2,54,0.45,88,60,2,7,2,1,0,0,0,22,74,52,49,21,196,0
7,0,3,13,0.43,94,74,2,7,0,0,0,0,0,39,42,70,73,26,211,0
0,1,2,20,0.28,94,94,1,5,0,1,0,1,1,12,55,101,65,30,251,1
16,0,2,56,0.27,96,92,1,5,1,1,1,0,0,47,88,67,79,20,254,1
11,0,2,24,0.21,72,51,0,3,1,0,0,1,0,49,70,45,52,27,194,0
20,1,2,39,0.5,81,84,1,6,0,2,0,0,1,15,60,118,61,21,260,1
10,0,3,33,0.1,98,96,1,5,0,0,0,0,0,44,136,85,75,33,329,1
4,0,1,11,0.32,66,73,4,8,0,0,0,0,0,13,50,54,53,16,173,0
11,0,3,52,0.36,68,62,0,4,0,2,0,1,0,39,76,64,71,28,239,1
16,1,2,43,0.47,91,91,0,5,0,0,1,0,0,51,53,84,92,12,241,1
5,1,1,32,0.4,83,86,0,4,0,1,1,0,1,33,55,123,69,17,264,1
0,0,3,40,0.34,63,79,0,4,0,4,1,0,1,51,61,103,61,16,241,1
4,0,2,46,0.1,52,60,2,6,0,0,0,0,0,39,154,27,53,37,271,1
13,0,2,22,0.22,88,72,3,7,0,0,0,0,1,28,86,91,61,24,262,1
4,1,2,42,0.11,74,95,5,9,0,2,0,0,1,27,154,98,75,49,376,1
21,1,2,16,0.45,60,77,0,3,0,0,1,0,0,26,43,46,70,14,173,0
23,0,2,41,0.39,98,78,0,4,0,1,0,0,1,37,53,103,53,22,231,1
0,1,3,16,0.39,64,64,1,4,0,0,0,0,0,12,54,53,54,10,171,0
17,1,1,51,0.34,68,94,0,5,0,0,0,0,1,2,69,105,64,23,261,1
15,1,3,47,0.28,92,52,1,6,1,0,1,1,0,38,74,94,63,31,262,1
8,1,2,53,0.12,64,58,2,7,0,0,1,0,0,37,128,56,40,37,261,1
18,0,1,22,0.2,64,57,0,5,1,1,0,0,0,4,66,46,68,21,201,0
21,1,1,33,0.11,87,96,4,9,0,2,1,1,1,58,125,113,76,44,358,1
4,1,2,37,0.38,64,82,2,6,0,0,1,0,0,15,64,64,50,15,193,0
1,0,2,41,0.12,58,83,1,5,1,0,0,1,0,30,120,51,57,42,270,1
14,0,1,52,0.37,54,58,1,6,0,0,0,0,0,21,76,26,51,23,176,0
6,1,2,27,0.36,68,66,4,8,0,1,1,0,0,2,66,65,43,20,194,0
3,1,3,43,0.26,73,90,5,8,0,2,0,1,0,4,92,27,53,35,207,0
0,0,1,57,0.11,78,50,1,4,0,0,1,0,0,2,142,70,46,47,305,1
12,0,3,43,0.19,54,89,2,6,0,1,0,1,0,14,100,38,68,39,245,1
19,0,2,47,0.19,71,54,1,6,1,0,0,0,0,33,96,40,43,39,218,0
21,1,2,10,0.37,62,79,2,7,0,1,0,0,0,14,34,24,43,17,118,0
6,1,2,52,0.1,99,60,1,4,2,2,2,2,0,26,150,102,60,53,365,1
14,0,1,59,0.42,98,77,1,5,0,2,0,0,0,12,83,54,42,20,199,0
22,1,3,51,0.39,96,87,2,5,0,0,1,0,1,33,81,153,75,22,331,1
13,0,1,40,0.13,95,66,2,6,1,1,0,0,0,17,125,64,24,44,257,1
22,1,2,59,0.37,78,99,1,6,0,0,0,0,0,9,84,64,63,10,221,0
18,0,2,10,0.35,65,72,2,5,2,1,0,0,0,31,46,34,74,5,159,0
21,0,2,25,0.39,85,67,4,8,0,1,0,1,0,3,64,49,46,32,191,0
23,1,2,48,0.14,66,86,3,8,0,2,0,1,0,1,127,33,68,53,281,1
19,1,3,24,0.12,69,76,0,4,0,1,1,0,0,29,103,70,55,27,255,1
23,1,2,42,0.16,63,74,2,7,0,0,1,1,0,51,109,55,72,42,278,1
17,1,3,32,0.21,99,54,0,4,1,4,0,1,1,30,70,109,45,28,252,1
9,1,3,50,0.41,55,68,2,5,0,2,1,0,0,56,73,58,69,29,229,0
8,1,2,43,0.38,71,76,0,4,0,2,0,0,0,45,63,53,58,26,200,0
7,0,2,26,0.47,89,62,2,5,0,1,2,0,1,2,53,135,38,7,233,1
9,1,2,34,0.08,58,56,4,7,0,1,0,0,0,43,163,36,52,46,297,1
16,0,2,51,0.06,81,75,3,6,2,1,0,1,0,4,230,77,42,76,425,1
1,0,2,15,0.36,73,63,3,8,0,2,0,0,0,33,63,38,48,22,171,0
5,1,3,40,0.18,82,76,1,4,1,1,1,0,0,13,90,77,48,36,251,1
4,0,2,14,0.2,62,57,2,5,0,1,0,0,0,54,68,44,70,18,200,0
8,0,2,49,0.3,84,80,3,6,0,2,0,0,1,57,84,93,78,29,284,1
4,1,2,49,0.1,55,84,5,10,1,0,1,0,0,36,163,43,66,43,315,1
17,1,2,39,0.34,98,76,0,4,1,2,0,0,1,6,60,99,53,18,230,0
19,1,3,14,0.2,89,53,1,6,1,1,0,0,0,14,63,57,42,23,185,0
8,0,2,21,0.33,79,91,1,6,1,1,0,0,0,18,61,50,61,19,191,0
16,1,1,16,0.43,87,53,2,6,0,4,0,1,0,53,47,50,46,26,169,0
16,1,1,54,0.13,65,67,2,6,0,0,0,1,1,18,134,82,25,58,299,1
11,1,3,22,0.47,50,72,2,5,1,1,0,0,0,16,53,37,68,28,186,0
6,1,2,58,0.29,91,81,4,7,0,2,2,0,0,47,106,89,70,34,299,1
2,0,3,13,0.47,67,61,0,4,1,0,0,0,0,39,35,45,47,17,144,0
9,1,1,59,0.14,71,69,1,5,1,0,0,0,0,12,122,48,39,44,253,1
1,0,2,51,0.32,75,96,0,5,1,1,0,0,0,56,71,50,94,32,247,1
2,1,1,12,0.23,63,94,1,6,1,3,0,1,0,20,62,54,86,25,227,0
15,0,2,21,0.4,86,61,4,9,1,0,0,0,0,42,67,71,67,7,212,0
1,0,2,10,0.32,98,57,1,5,0,2,1,0,0,0,36,93,25,14,168,0
23,0,1,36,0.27,63,71,0,3,1,1,0,0,0,17,72,52,67,28,219,0
9,1,2,52,0.46,75,76,5,10,0,1,1,0,0,23,99,77,75,30,281,1
5,0,2,59,0.22,99,90,3,8,1,1,0,1,0,29,105,73,48,42,268,1
21,1,2,22,0.15,85,90,2,6,1,0,0,0,0,6,94,49,73,31,247,1
10,1,2,26,0.32,72,66,2,7,1,1,0,0,1,26,67,89,43,17,216,0
22,1,3,17,0.33,51,81,3,7,1,2,0,0,0,51,52,49,76,9,186,0
6,1,2,41,0.25,88,82,2,5,1,4,0,1,0,26,85,57,80,25,247,1
14,1,2,29,0.27,56,80,5,10,0,0,1,0,0,2,87,57,40,17,201,0
5,0,2,26,0.48,88,55,3,8,1,0,1,1,1,51,48,132,66,22,268,1
19,1,3,43,0.38,94,88,3,8,0,1,1,0,1,52,68,125,88,20,301,1
8,0,3,44,0.1,71,58,2,6,1,1,1,0,0,15,155,68,46,44,313,1
21,0,2,44,0.15,77,91,3,7,0,0,0,0,0,3,119,53,44,28,244,1
19,0,2,47,0.49,87,81,1,4,1,1,0,0,0,44,64,57,72,17,210,0
11,0,3,51,0.38,69,85,1,5,0,1,0,0,0,56,80,51,70,22,223,0
18,0,3,33,0.46,98,65,3,8,1,0,0,0,0,0,71,63,46,26,206,0
19,0,2,27,0.19,67,61,2,7,0,1,0,0,0,32,78,40,66,25,209,0
2,0,3,59,0.38,73,90,1,5,1,2,0,1,0,43,76,57,90,32,255,1
14,1,2,55,0.37,82,52,1,4,0,1,1,0,0,44,75,68,65,22,230,0
1,0,3,57,0.18,94,76,1,5,1,0,0,0,0,25,108,80,39,26,253,1
20,1,2,48,0.3,75,76,2,6,0,1,0,0,0,38,77,36,51,24,188,0
1,0,2,42,0.33,68,58,2,7,1,0,0,1,0,2,84,26,21,39,170,0
21,0,1,58,0.27,97,66,1,6,0,1,1,0,0,3,78,84,38,24,224,0
2,0,3,32,0.42,91,95,3,8,0,2,2,0,0,32,56,106,82,12,256,1
5,0,3,34,0.42,62,54,3,7,1,1,0,0,0,49,63,28,55,23,169,0
14,1,2,46,0.43,59,75,2,6,1,0,1,0,0,4,71,63,41,24,199,0
9,1,2,36,0.41,63,70,2,5,1,0,0,0,1,28,74,84,38,26,222,0
8,1,1,10,0.27,58,50,2,7,2,1,0,0,0,51,56,50,67,17,190,0
0,0,2,30,0.22,60,50,2,5,0,0,1,2,0,10,81,61,41,47,230,0
15,0,2,58,0.42,52,84,3,8,0,2,0,0,0,2,89,34,55,26,204,0
5,0,2,19,0.27,89,58,5,8,0,2,1,0,0,17,77,86,36,25,224,0
8,1,3,40,0.16,61,72,2,7,0,0,1,0,0,29,103,65,61,28,257,1
3,0,1,53,0.28,84,87,2,6,0,2,1,1,0,16,85,77,54,35,251,1
1,1,1,34,0.11,88,90,1,6,1,2,0,1,1,45,123,88,75,46,332,1
3,1,2,29,0.36,95,53,0,3,0,1,1,1,1,29,57,129,54,30,270,1
0,0,2,11,0.2,88,68,2,5,0,2,1,1,0,29,67,91,43,28,229,0
18,0,3,57,0.17,81,86,0,5,1,2,1,0,0,32,103,61,68,35,267,1
9,1,2,24,0.48,88,54,3,7,0,1,0,0,0,16,52,51,53,9,165,0
20,1,2,37,0.4,63,77,3,8,0,2,0,0,0,38,69,36,84,9,198,0
14,1,2,22,0.4,93,95,2,6,0,0,0,0,0,15,55,72,52,10,189,0
21,0,1,59,0.33,50,91,0,5,2,3,0,0,0,32,72,37,72,21,202,0
18,0,2,23,0.43,76,97,3,7,0,1,0,0,0,46,60,42,75,22,199,0
15,0,1,59,0.39,86,72,3,8,1,1,0,1,0,1,88,60,57,32,237,1
20,0,2,11,0.32,92,87,3,8,1,1,0,1,0,1,58,58,41,21,178,0
23,0,2,43,0.48,50,72,2,6,0,1,0,0,0,23,68,30,61,16,175,0
21,0,1,44,0.14,94,95,2,6,0,1,0,0,0,4,112,58,38,37,245,1
3,1,1,46,0.47,78,67,2,7,1,1,1,1,0,35,66,66,63,28,223,0
1,1,2,34,0.23,73,78,0,3,2,3,1,0,1,2,64,95,56,18,233,1
12,1,2,57,0.29,66,77,2,6,0,0,1,1,0,39,87,71,59,40,257,1
0,0,3,24,0.11,84,58,0,3,0,1,1,0,0,31,108,101,28,30,267,1
16,1,1,21,0.29,80,88,2,5,0,0,0,1,1,13,69,94,69,35,267,1
12,0,1,18,0.33,91,99,2,5,0,1,0,0,1,57,58,107,68,16,249,1
3,0,1,40,0.5,81,59,4,7,1,1,0,1,0,37,66,59,34,25,184,0
6,1,2,23,0.49,68,51,2,7,0,1,1,0,0,54,42,71,62,16,191,0
16,0,2,38,0.48,80,62,2,6,0,0,1,0,1,42,73,105,66,24,268,1
8,1,3,57,0.21,88,87,2,7,2,2,0,0,0,4,104,58,55,33,250,1
3,1,2,52,0.5,69,76,0,5,0,1,1,0,0,36,53,64,45,26,188,0
18,0,2,47,0.25,77,90,3,8,1,1,1,0,1,45,88,120,58,30,296,1
0,1,2,51,0.43,52,69,3,8,1,1,0,0,0,25,71,37,52,15,175,0
9,1,3,17,0.15,81,89,2,7,0,0,0,0,0,55,89,66,95,27,277,1
3,1,2,57,0.28,71,59,1,5,0,0,2,1,0,16,87,92,57,39,275,1
8,1,2,12,0.48,93,65,4,9,0,1,0,0,0,59,56,76,69,18,219,0
12,0,3,11,0.48,91,64,2,7,2,0,0,1,0,18,33,71,43,16,163,0
13,1,3,25,0.36,93,62,1,6,1,1,0,0,0,10,49,64,22,10,145,0
9,1,3,28,0.41,64,99,3,6,0,1,0,0,0,6,63,29,58,12,162,0
5,1,2,39,0.13,87,87,1,6,1,1,1,0,0,12,116,86,49,36,287,1
15,0,2,50,0.37,68,69,2,6,1,4,0,1,0,50,82,58,78,31,249,1
5,1,1,25,0.33,80,73,1,5,0,1,1,0,0,24,46,76,55,9,186,0
16,0,2,40,0.09,75,90,1,5,0,0,1,0,0,49,149,71,73,42,335,1
9,1,1,37,0.1,54,99,3,6,1,0,1,0,0,47,147,55,80,39,321,1
17,1,3,13,0.1,69,56,0,4,0,1,1,1,0,11,114,66,38,45,263,1
21,1,3,19,0.38,51,72,1,4,1,0,0,1,0,30,46,35,62,23,166,0
17,0,2,54,0.11,70,73,1,5,1,3,0,1,0,27,141,58,72,55,326,1
2,0,1,27,0.26,85,78,2,5,0,0,0,1,0,14,77,55,43,30,205,0
19,0,1,56,0.21,77,54,3,7,1,2,1,0,0,32,106,79,30,32,247,1
20,0,3,41,0.3,69,92,2,7,0,1,1,0,1,10,76,113,48,23,260,1
14,0,2,39,0.37,86,94,3,7,1,1,0,0,0,38,72,61,72,23,228,0
14,0,3,45,0.36,88,84,2,6,0,1,0,0,0,31,72,73,60,22,227,0
3,1,2,18,0.28,85,50,3,7,1,1,0,0,0,15,58,46,25,11,140,0
8,0,2,45,0.26,60,85,1,6,1,0,0,0,0,8,77,28,81,25,211,0
18,1,3,38,0.23,52,67,1,4,0,0,0,1,0,51,82,28,76,38,224,0
23,0,2,25,0.44,86,55,1,4,0,0,1,0,0,40,50,75,45,15,185,0
16,0,2,37,0.2,69,72,3,8,1,1,0,0,1,11,94,93,48,26,261,1
10,0,3,30,0.17,81,59,3,8,1,1,0,0,0,18,97,53,52,35,237,1
8,1,2,56,0.38,96,56,2,5,0,4,0,1,0,13,72,61,45,34,212,0
9,0,1,11,0.21,74,93,0,3,2,2,0,0,0,11,61,65,63,20,209,0
17,0,2,55,0.43,70,57,1,4,1,2,1,0,0,23,62,66,36,19,183,0
19,1,1,44,0.2,99,62,2,5,0,1,0,0,0,8,88,72,48,24,232,1
12,1,3,37,0.37,65,79,2,5,1,0,0,0,0,20,66,43,63,23,195,0
7,1,3,45,0.07,97,67,2,7,0,0,1,0,0,11,191,105,46,55,397,1
6,1,3,40,0.22,91,63,0,3,1,0,0,0,0,44,84,67,55,28,234,1
16,0,2,42,0.2,50,60,3,6,0,1,1,1,0,36,103,61,54,34,252,1
20,1,1,32,0.42,72,91,3,7,0,1,1,1,0,4,68,65,56,34,223,0
22,0,2,50,0.49,92,87,2,7,0,1,0,1,0,8,72,80,32,32,216,0
14,0,3,26,0.26,98,62,1,6,2,3,0,0,0,56,50,75,55,16,196,0
19,1,1,55,0.42,73,91,4,7,0,1,1,0,1,50,90,102,73,34,299,1
14,0,2,58,0.36,96,93,2,6,0,0,0,0,0,19,89,68,59,26,242,1
0,1,3,10,0.49,74,82,4,8,1,2,0,0,0,5,40,68,38,12,158,0
13,0,2,51,0.41,56,99,1,4,0,1,1,1,0,39,71,73,63,30,237,1
4,1,2,32,0.08,87,62,2,6,0,1,0,0,1,49,152,78,61,51,342,1
10,1,2,57,0.37,96,74,2,5,1,4,0,1,0,12,86,64,59,31,240,1
15,1,3,36,0.29,96,73,0,5,0,1,1,0,0,15,58,85,43,16,202,0
1,1,2,34,0.06,88,78,1,5,1,0,1,0,0,19,210,80,63,66,419,1
7,1,3,41,0.16,84,85,2,5,0,2,1,1,1,4,109,107,50,49,315,1
10,1,2,28,0.46,63,55,5,8,1,0,0,1,0,53,70,44,70,33,217,0
17,0,3,33,0.47,58,67,4,7,0,1,1,0,0,42,67,54,64,17,202,0
2,0,1,12,0.41,52,77,4,9,1,0,0,0,0,16,57,49,50,15,171,0
0,0,1,21,0.49,87,54,2,6,0,0,0,0,0,53,50,57,83,14,204,0
10,1,3,44,0.41,69,67,3,8,0,0,0,0,0,9,76,30,40,25,171,0
15,0,3,24,0.05,90,86,1,6,0,0,0,0,0,29,218,74,67,61,420,1
17,1,2,26,0.18,82,56,4,8,0,0,1,0,0,6,100,66,44,28,238,1
15,0,3,59,0.06,90,58,3,8,0,1,0,0,1,56,226,111,54,66,457,1
22,0,3,41,0.09,93,84,2,5,1,2,0,0,0,10,146,50,42,50,288,1
9,1,1,16,0.15,81,61,1,5,1,0,0,0,0,7,83,44,43,29,199,0
17,0,2,28,0.28,85,95,2,7,0,1,0,0,0,50,66,41,85,17,209,0
5,0,3,16,0.43,75,89,4,8,0,0,1,0,0,36,57,73,65,19,214,0
18,0,2,14,0.44,97,93,3,8,1,1,1,0,1,30,47,142,74,17,280,1
3,1,2,49,0.33,54,88,2,5,2,2,1,0,0,47,76,40,82,14,212,0
12,0,3,30,0.47,98,73,2,7,0,0,1,0,1,0,57,119,34,13,223,0
23,1,2,57,0.28,79,58,1,5,0,0,0,0,1,24,89,107,56,40,292,1
13,0,1,57,0.45,66,61,5,10,0,3,2,0,0,57,84,101,54,28,267,1
2,0,3,56,0.25,55,85,3,6,0,1,0,0,1,27,98,80,72,37,287,1
9,0,2,16,0.17,64,86,2,5,0,0,1,0,0,22,82,58,79,26,245,1
5,0,3,46,0.46,50,58,2,5,1,1,2,0,0,50,64,79,63,20,226,0
0,1,3,32,0.22,62,88,4,9,1,1,0,2,0,28,93,42,61,45,241,1
22,0,1,20,0.28,97,95,3,7,0,1,0,1,0,21,66,74,79,39,258,1
23,1,1,19,0.2,83,71,1,6,2,1,0,1,0,9,69,57,47,33,206,0
13,1,2,30,0.35,79,66,2,7,0,0,1,1,0,45,59,69,63,30,221,0
7,0,2,50,0.5,68,82,3,8,0,2,0,1,0,16,73,36,68,39,216,0
18,0,2,42,0.06,51,96,1,5,0,0,1,1,0,12,210,47,85,70,412,1
13,1,2,29,0.45,93,73,0,3,0,3,0,0,0,15,52,66,59,14,191,0
9,1,2,42,0.05,61,64,0,3,1,2,1,0,1,58,229,92,72,73,466,1
16,0,2,49,0.21,89,78,1,4,0,1,0,0,0,50,90,71,64,24,249,1
8,0,2,44,0.13,93,81,0,4,1,1,0,0,1,11,107,94,55,25,281,1
5,0,2,43,0.39,73,82,2,7,1,1,0,0,0,47,69,48,82,23,222,0
10,0,2,45,0.07,60,78,1,6,0,1,0,0,1,48,185,55,72,58,370,1
6,0,1,36,0.3,51,64,1,6,1,1,0,1,1,14,67,75,62,26,230,0
16,1,2,28,0.18,50,76,0,4,1,1,0,1,0,38,64,39,84,29,216,0
0,0,1,52,0.11,77,83,1,6,1,2,1,1,0,18,143,81,74,53,351,1
21,0,2,14,0.4,53,53,1,5,0,1,1,0,0,20,38,58,50,9,155,0
4,1,3,38,0.15,90,98,1,4,0,1,0,1,0,31,95,63,66,39,263,1
8,0,1,19,0.15,79,97,5,8,1,1,0,1,0,4,102,55,53,48,258,1
17,0,2,49,0.17,56,67,2,6,0,0,1,0,0,56,113,52,66,33,264,1
23,1,2,22,0.31,71,70,2,5,0,2,1,0,1,46,63,112,54,30,259,1
20,0,1,38,0.35,75,97,2,6,1,0,0,0,0,14,68,69,64,20,221,0
1,1,1,14,0.06,78,57,3,8,0,0,1,0,0,31,192,83,44,54,373,1
10,0,3,21,0.16,74,55,1,4,0,1,0,0,0,0,77,55,37,33,202,0
5,0,2,22,0.24,59,69,1,4,1,0,0,0,1,14,69,80,45,16,210,0
7,0,3,31,0.2,69,51,2,7,1,1,0,0,0,34,89,48,54,16,207,0
3,1,2,49,0.45,63,94,0,5,1,0,1,1,0,19,67,74,55,34,230,0
17,1,2,24,0.4,82,71,5,9,0,3,1,0,0,30,70,86,43,33,232,1
10,1,2,22,0.33,54,70,2,5,1,0,1,0,1,19,63,107,48,16,234,1
4,1,2,10,0.2,94,55,2,7,1,1,0,0,1,46,63,123,65,19,270,1
14,0,2,47,0.37,55,81,1,4,0,1,0,0,0,23,69,44,64,16,193,0
17,1,2,52,0.43,71,55,0,3,0,0,0,0,0,39,69,66,53,20,208,0
1,1,2,54,0.32,66,62,4,7,1,2,1,1,0,51,98,93,72,35,298,1
21,1,1,10,0.4,64,50,0,3,0,0,0,0,0,9,41,29,40,16,126,0
10,0,2,20,0.39,88,71,2,6,0,1,0,0,0,13,48,62,65,20,195,0
12,0,2,52,0.31,89,73,4,9,0,0,1,1,0,56,98,74,69,32,273,1
3,1,2,49,0.19,77,90,3,6,0,2,1,0,0,56,100,73,88,36,297,1
21,1,2,31,0.39,51,79,2,7,0,0,0,0,0,34,51,54,74,11,190,0
6,0,3,44,0.14,67,71,1,6,1,1,0,1,0,28,113,62,51,45,271,1
10,1,2,53,0.4,76,93,3,7,1,0,0,1,0,8,91,56,65,42,254,1
21,1,1,15,0.41,70,61,3,7,0,0,0,0,0,55,58,53,75,16,202,0
23,1,2,37,0.42,72,75,0,3,0,0,0,1,0,51,49,44,75,18,186,0
3,1,3,40,0.26,56,53,0,3,0,2,0,0,1,9,70,91,23,16,200,0
14,0,1,17,0.14,97,68,1,5,0,2,2,0,0,52,84,102,75,29,290,1
0,0,2,14,0.09,68,65,2,7,0,0,0,0,0,1,133,54,47,45,279,1
22,0,2,51,0.38,58,61,7,12,0,1,0,1,0,22,105,34,31,33,203,0
2,1,1,57,0.45,61,82,1,5,0,0,0,1,0,17,70,36,60,38,204,0
13,1,2,53,0.34,95,70,2,5,0,0,0,1,0,0,83,77,48,31,239,1
5,0,2,26,0.11,79,85,2,5,2,0,0,0,0,57,118,52,90,32,292,1
17,0,3,47,0.47,56,58,1,4,0,1,0,0,0,10,60,41,37,20,158,0
0,0,2,18,0.5,51,88,2,6,1,1,0,2,1,36,39,71,73,20,203,0
5,1,2,19,0.25,66,91,2,6,0,1,2,0,0,55,60,89,63,19,231,1
5,0,2,29,0.32,60,94,0,5,0,1,0,0,0,35,63,42,84,18,207,0
20,1,2,23,0.4,99,57,0,4,1,0,0,1,0,32,46,71,43,26,186,0
15,1,2,23,0.38,61,69,2,5,0,0,0,1,1,35,45,85,64,22,216,0
4,0,1,35,0.49,52,59,2,7,0,1,0,0,0,56,60,50,52,23,185,0
16,0,2,38,0.1,70,81,0,3,0,1,0,0,0,23,132,43,65,35,275,1
9,1,1,58,0.31,63,77,3,6,0,2,1,0,0,24,102,90,60,33,285,1
20,0,2,36,0.36,64,59,3,8,1,0,0,1,0,22,65,40,44,28,177,0
17,0,1,34,0.45,91,57,4,7,1,0,0,0,0,53,72,57,31,13,173,0
6,1,2,25,0.44,90,96,2,7,0,1,0,0,0,21,52,61,58,12,183,0
2,1,2,45,0.49,59,82,2,5,0,1,0,1,0,32,67,47,67,30,211,0
12,1,3,43,0.28,85,96,3,6,1,3,0,0,0,46,88,49,68,26,231,1
14,1,2,25,0.42,59,98,4,9,0,1,0,0,0,18,52,52,66,12,182,0
19,1,2,42,0.24,66,62,1,4,1,0,0,0,0,33,82,44,47,20,193,0
18,0,3,12,0.24,93,93,2,5,2,1,0,0,0,22,64,41,77,19,201,0
2,1,2,32,0.16,74,84,1,6,0,3,0,0,0,45,94,61,55,35,245,1
3,1,3,20,0.42,76,78,6,11,0,1,1,0,1,25,64,109,54,18,245,1
4,1,1,57,0.49,82,54,1,6,2,1,1,1,1,21,70,112,41,24,247,1
0,0,2,27,0.17,60,52,7,11,0,2,1,0,0,2,122,69,44,50,285,1
3,1,2,56,0.08,62,86,2,5,0,2,0,0,0,3,179,42,58,42,321,1
11,1,3,50,0.42,50,90,2,7,0,1,1,0,0,32,77,46,79,32,234,1
23,1,2,53,0.33,80,55,5,8,0,0,0,0,0,10,100,50,34,30,214,0
9,0,3,38,0.48,82,97,2,7,2,0,0,0,0,19,66,44,66,18,194,0
22,1,2,59,0.16,70,91,2,5,0,1,0,0,0,49,127,50,78,36,291,1
20,1,3,14,0.08,65,65,2,5,0,3,1,0,0,31,135,73,56,39,303,1
19,1,2,33,0.27,88,84,3,8,1,1,0,0,0,52,75,79,84,21,259,1
23,0,2,38,0.09,72,67,2,7,0,1,1,0,0,47,151,55,69,54,329,1
12,0,3,38,0.17,59,60,0,4,1,2,1,1,0,14,99,63,60,34,256,1
22,0,3,35,0.11,97,72,1,6,2,0,0,0,0,24,129,64,65,37,295,1
13,0,2,49,0.15,82,96,2,7,1,1,0,0,0,56,118,61,86,34,299,1
22,1,1,12,0.1,71,60,3,8,0,3,0,0,0,16,127,50,36,37,250,1
4,1,1,11,0.48,90,78,2,6,1,0,0,0,0,21,34,50,63,19,166,0
3,0,2,34,0.18,55,91,1,4,0,2,1,0,0,33,90,54,53,26,223,0
13,0,1,28,0.25,96,76,3,7,0,1,0,1,0,32,69,70,54,26,219,0
9,1,2,49,0.45,85,58,4,7,0,1,2,0,0,24,82,96,48,34,260,1
16,1,2,11,0.35,96,84,0,5,1,0,2,0,0,13,39,88,68,8,203,0
9,0,3,28,0.33,59,58,1,6,0,0,0,1,0,45,62,37,55,28,182,0
6,0,1,10,0.37,65,67,1,6,1,1,1,0,0,49,32,72,68,6,178,0
15,0,2,36,0.42,62,93,1,5,0,0,0,0,0,29,55,51,65,14,185,0
0,0,2,54,0.44,69,70,2,6,2,1,1,0,0,21,69,77,73,24,243,1
16,1,2,58,0.34,53,97,3,8,0,1,0,0,1,21,97,76,78,30,281,1
20,0,2,44,0.45,69,85,4,8,1,0,1,0,1,18,86,102,62,23,273,1
8,0,2,50,0.29,71,50,1,6,1,1,0,0,0,37,84,53,56,26,219,0
5,1,2,14,0.17,78,76,1,5,2,1,1,0,0,3,68,73,42,27,210,0
18,1,3,47,0.45,65,94,2,7,1,0,1,1,0,7,69,51,56,26,202,0
12,1,2,13,0.29,92,89,1,5,1,1,1,1,0,44,52,74,85,29,240,1
2,1,3,26,0.46,96,87,0,3,0,0,0,0,0,51,43,73,85,6,207,0
6,1,3,30,0.07,92,78,4,9,1,2,0,0,0,38,189,61,71,52,373,1
21,0,3,57,0.23,72,89,0,4,0,3,1,0,0,9,90,60,45,27,222,0
8,0,1,40,0.48,79,68,2,6,0,2,2,0,0,49,64,87,72,17,240,1
21,0,2,57,0.16,79,73,3,8,1,2,0,0,0,27,118,59,66,43,286,1
4,1,2,31,0.47,92,93,1,5,0,0,0,1,0,53,55,45,90,30,220,0
9,0,2,20,0.48,52,50,0,3,0,3,1,1,0,57,28,55,68,23,174,0
22,1,2,43,0.45,73,85,3,6,0,0,0,0,0,20,76,55,64,33,228,0
16,0,2,58,0.3,98,72,1,5,0,0,1,0,0,0,73,98,58,18,247,1
11,0,2,24,0.34,86,62,2,7,0,1,0,1,0,58,64,60,79,24,227,0
22,1,2,59,0.44,62,79,1,5,0,2,1,0,0,36,74,44,67,24,209,0
15,1,2,19,0.4,91,98,3,7,0,3,1,1,0,53,53,89,74,26,242,1
2,0,3,47,0.33,81,86,4,7,1,1,0,0,0,33,93,60,71,28,252,1
21,0,2,41,0.49,86,60,2,6,0,1,1,0,0,10,66,94,40,17,217,0
8,0,2,57,0.36,61,56,2,7,2,0,1,0,1,15,81,117,52,20,270,1
14,0,2,40,0.49,57,84,3,6,2,1,1,0,0,38,75,60,62,21,218,0
4,0,3,46,0.08,73,60,0,4,0,3,0,0,0,13,161,41,28,45,275,1
22,1,2,53,0.11,93,98,5,10,0,0,1,1,0,59,158,90,68,62,378,1
12,1,2,37,0.25,65,92,1,4,0,2,0,0,0,0,76,55,68,22,221,0
13,1,1,40,0.22,81,96,3,8,1,1,0,0,1,30,93,97,86,33,309,1
19,1,2,15,0.4,83,89,0,5,1,0,1,0,0,43,37,76,95,6,214,0
14,0,2,23,0.12,84,97,3,8,1,1,0,0,0,42,121,75,100,36,332,1
15,0,3,32,0.49,81,70,3,7,1,0,0,0,0,48,59,47,82,14,202,0
22,1,3,25,0.19,99,96,3,6,2,3,1,0,1,11,92,124,71,26,313,1
12,0,3,34,0.24,66,52,1,5,1,2,0,0,0,26,69,50,40,25,184,0
16,1,3,48,0.17,51,79,3,6,1,0,1,1,0,16,112,53,49,51,265,1
22,0,2,11,0.31,75,73,0,5,1,0,0,1,0,49,43,55,68,29,195,0
7,0,3,47,0.08,93,87,1,6,1,1,1,1,0,15,164,94,70,54,382,1
20,0,2,50,0.12,66,52,2,6,0,1,0,1,1,0,132,74,21,53,280,1
1,1,2,48,0.39,87,86,2,7,2,0,0,1,0,54,77,55,67,28,227,0
4,1,2,43,0.13,98,82,1,6,1,2,0,1,1,29,112,124,69,47,352,1
5,1,1,49,0.16,51,71,1,6,0,0,0,0,0,58,110,38,61,27,236,1
11,1,2,52,0.41,57,80,2,5,0,2,1,0,1,36,78,99,49,25,251,1
17,0,2,34,0.09,95,95,1,4,1,1,1,0,0,22,142,81,66,38,327,1
21,0,2,45,0.25,55,61,2,6,0,0,0,1,0,26,83,46,57,39,225,0
21,0,3,25,0.06,58,94,2,5,1,2,0,0,0,36,192,32,67,52,343,1
0,0,1,27,0.21,50,63,2,7,0,0,0,0,0,15,88,44,33,28,193,0
16,1,2,22,0.36,54,61,1,6,1,0,0,1,0,23,48,32,35,27,142,0
10,0,3,46,0.09,88,76,2,7,0,1,0,1,0,27,150,52,60,52,314,1
9,0,2,36,0.45,58,62,0,4,0,1,0,0,0,29,45,28,50,11,134,0
18,0,3,43,0.46,63,73,1,6,1,0,1,1,1,25,62,103,50,30,245,1
13,1,2,20,0.1,76,87,1,6,0,1,1,0,0,23,118,73,60,39,290,1
9,1,3,10,0.5,58,96,6,10,1,3,0,0,0,30,50,31,76,23,180,0
14,1,2,22,0.18,85,97,1,4,0,1,0,0,0,24,73,52,70,26,221,0
18,0,1,39,0.09,78,58,1,4,2,2,1,1,0,50,152,54,53,61,320,1
3,1,2,14,0.05,69,57,1,4,0,1,1,0,0,1,220,64,46,68,398,1
1,0,1,27,0.23,64,86,7,11,0,0,0,1,0,6,92,69,67,36,264,1
8,0,3,23,0.33,85,64,1,5,2,0,1,0,0,47,42,57,53,15,167,0
9,0,1,22,0.2,52,56,1,6,0,0,0,1,0,22,80,39,32,34,185,0
10,1,2,41,0.43,72,73,2,7,2,3,0,0,1,28,59,94,57,20,230,0
13,1,2,16,0.37,95,98,2,6,1,0,0,0,0,34,47,62,80,2,191,0
6,0,3,17,0.21,58,65,3,7,0,0,1,0,0,29,76,62,53,30,221,0
22,0,2,59,0.38,79,73,2,7,0,3,0,0,0,28,75,47,79,32,233,1
14,1,3,16,0.47,68,92,2,7,0,2,1,1,0,30,45,60,72,17,194,0
21,1,1,58,0.09,87,56,2,7,0,0,0,0,0,49,160,66,60,52,338,1
18,1,1,25,0.19,52,92,2,5,0,1,0,0,0,41,79,11,81,29,200,0
21,0,2,52,0.26,99,77,0,3,1,1,1,0,0,1,90,84,48,27,249,1
14,0,3,40,0.27,97,51,2,7,2,0,2,1,0,50,77,111,57,23,268,1
23,0,3,36,0.29,52,83,2,6,0,2,2,0,0,14,72,73,42,20,207,0
7,1,1,42,0.19,83,87,2,5,0,2,1,0,0,15,89,89,56,23,257,1
10,1,1,38,0.35,51,52,2,7,1,1,1,0,0,7,56,56,32,24,168,0
8,1,3,17,0.34,76,50,3,6,0,2,2,0,0,27,63,95,49,18,225,0
14,0,1,42,0.31,72,80,2,6,1,3,0,1,0,39,80,53,80,35,248,1
0,0,1,50,0.1,91,72,2,6,0,0,0,0,0,16,151,54,53,49,307,1
0,1,1,28,0.26,81,69,1,5,2,0,0,0,0,56,65,61,63,18,207,0
18,0,1,30,0.21,96,65,1,6,1,1,0,0,1,52,77,124,50,19,270,1
2,1,2,50,0.27,84,95,1,6,0,2,1,0,0,13,89,59,81,30,259,1
9,0,1,30,0.46,89,81,1,4,1,0,0,1,1,20,54,92,54,27,227,0
7,1,2,34,0.27,67,66,1,6,1,0,0,0,0,49,73,50,73,20,216,0
14,0,3,51,0.06,76,67,3,8,1,0,1,0,0,26,223,70,56,64,413,1
9,0,2,32,0.25,60,53,1,6,0,1,1,0,0,20,64,61,53,7,185,0
0,1,3,20,0.42,88,84,2,5,0,3,1,0,0,31,46,83,49,20,198,0
17,1,1,42,0.4,68,89,1,6,0,1,1,1,0,15,47,55,49,29,180,0
1,1,2,29,0.28,74,85,0,4,0,3,0,0,0,27,56,44,56,26,182,0
18,1,2,34,0.16,56,72,0,5,0,0,0,0,0,59,84,41,94,31,250,1
12,1,3,35,0.26,80,64,1,6,1,2,0,1,1,37,81,90,46,39,256,1
21,0,1,49,0.3,51,62,5,9,0,1,0,0,0,54,98,21,59,31,209,0
0,1,3,21,0.5,87,63,4,7,0,1,0,0,0,28,66,55,47,16,184,0
1,1,2,41,0.34,54,63,3,8,0,0,1,0,0,48,72,60,71,25,228,0
15,1,2,42,0.36,63,86,2,7,0,0,0,0,0,50,77,60,99,23,259,1
14,0,3,19,0.27,67,54,2,7,0,0,0,1,0,35,64,43,59,36,202,0
12,1,2,13,0.21,85,71,0,5,1,1,0,0,0,54,63,60,68,19,210,0
15,1,2,24,0.42,53,77,0,4,2,2,2,0,0,23,41,65,41,12,159,0
16,1,3,15,0.27,73,94,0,5,1,0,0,0,0,20,48,30,74,10,162,0
20,0,2,36,0.5,62,53,4,7,0,2,0,0,1,38,71,72,54,27,224,0
6,0,1,14,0.26,70,99,2,6,1,0,0,0,0,49,60,47,86,13,206,0
23,1,3,14,0.08,82,87,1,5,0,1,2,0,0,7,138,103,58,44,343,1
16,0,2,27,0.36,69,78,2,5,0,1,2,1,0,27,52,81,64,32,229,0
6,1,3,37,0.07,54,86,1,6,0,1,0,0,0,17,184,36,76,55,351,1
12,0,1,44,0.16,73,84,2,7,0,0,0,0,1,18,98,95,42,30,265,1
4,1,3,31,0.21,84,69,3,8,1,0,1,0,0,18,89,56,57,19,221,0
16,0,2,43,0.38,79,84,0,3,2,1,1,0,0,37,61,83,72,11,227,0
2,1,3,13,0.27,77,84,5,9,1,0,1,0,0,43,59,65,76,11,211,0
6,1,2,27,0.06,94,69,1,6,1,1,0,0,0,25,194,72,42,62,370,1
16,0,1,50,0.33,56,51,5,8,0,0,2,0,0,5,95,85,22,23,225,0
6,1,2,35,0.24,91,67,2,5,0,0,0,0,0,45,80,75,60,28,243,1
20,1,1,51,0.46,84,79,2,7,2,1,1,0,0,48,75,81,76,16,248,1
0,1,3,31,0.27,79,91,1,4,0,1,0,0,1,25,59,99,73,17,248,1
16,1,3,56,0.37,83,78,1,6,0,0,0,0,0,27,80,70,66,20,236,1
16,0,2,42,0.15,88,88,2,7,0,0,1,0,0,43,106,72,88,30,296,1
10,1,3,52,0.39,58,71,2,7,1,1,0,0,1,31,75,82,61,29,247,1
2,0,1,23,0.37,61,78,2,6,1,2,0,0,0,33,55,42,59,5,161,0
14,0,2,40,0.46,78,95,2,5,0,1,0,1,1,44,70,108,103,38,319,1
20,0,2,19,0.07,59,59,0,4,1,0,2,0,0,36,157,75,56,49,337,1
10,0,2,33,0.25,76,69,3,8,1,0,0,0,0,24,76,62,56,16,210,0
15,1,1,30,0.36,68,65,1,4,1,1,0,0,1,21,63,87,44,22,216,0
21,1,3,57,0.09,62,55,1,6,1,1,0,0,0,30,156,36,46,44,282,1
8,0,1,17,0.23,91,66,0,3,1,1,1,0,0,5,54,95,41,15,205,0
23,1,2,41,0.47,86,55,1,6,0,0,0,0,0,30,65,57,58,26,206,0
23,0,1,40,0.25,81,71,3,6,1,1,0,0,0,0,89,49,45,20,203,0
0,1,3,43,0.49,64,67,3,8,1,0,0,0,1,39,66,76,65,19,226,0
21,1,1,32,0.08,70,81,3,8,0,1,1,0,0,8,160,78,42,51,331,1
15,1,2,34,0.37,52,77,2,6,1,1,1,0,0,59,67,59,73,16,215,0
8,0,2,16,0.31,57,91,0,4,0,0,0,2,0,11,38,30,77,21,166,0
18,0,3,28,0.28,55,59,1,4,1,0,0,1,0,20,69,40,50,26,185,0
11,1,2,16,0.49,78,90,1,4,0,1,0,0,0,41,39,55,71,14,179,0
18,0,3,56,0.11,68,71,2,6,1,0,1,1,0,2,141,75,42,41,299,1
21,0,2,17,0.45,66,77,4,9,0,1,0,0,0,41,58,58,49,7,172,0
8,1,3,23,0.36,59,64,2,7,0,2,0,0,0,45,66,33,58,21,178,0
6,0,1,10,0.17,82,92,0,3,0,1,0,0,0,4,70,46,68,15,199,0
13,1,2,22,0.46,62,78,1,4,0,0,1,1,0,36,43,74,52,27,196,0
18,1,2,12,0.24,76,56,3,8,2,0,1,0,0,12,69,73,48,23,213,0
18,1,1,37,0.42,91,99,1,5,0,0,0,0,0,28,67,68,82,18,235,1
1,0,1,47,0.22,61,83,2,5,0,0,1,0,0,27,99,59,62,33,253,1
8,1,3,24,0.43,51,81,2,7,1,1,1,1,0,48,52,52,74,26,204,0
12,1,3,45,0.34,59,51,3,6,0,0,1,0,1,24,80,89,56,23,248,1
14,0,3,12,0.11,70,75,3,7,0,0,0,1,1,9,118,98,35,46,297,1
2,0,2,13,0.34,72,94,2,5,0,0,0,0,0,33,49,51,79,13,192,0
10,0,2,14,0.14,50,60,0,5,1,0,1,0,0,14,79,62,32,25,198,0
20,0,2,59,0.24,82,74,3,7,1,2,0,0,0,29,109,62,67,26,264,1
13,1,1,35,0.13,75,68,2,7,1,1,0,0,0,12,117,48,36,46,247,1
7,0,3,34,0.06,64,69,1,5,2,1,0,0,0,36,204,52,72,66,394,1
17,0,2,19,0.15,71,82,3,8,1,0,2,0,0,58,90,94,74,29,287,1
18,0,3,17,0.29,74,66,1,4,2,3,1,2,0,48,52,77,47,41,217,0
15,0,2,21,0.27,50,79,2,6,0,0,1,0,0,54,61,40,72,24,197,0
1,1,3,12,0.28,75,67,4,8,0,1,1,0,0,54,62,51,58,18,189,0
7,0,1,36,0.16,70,81,5,9,0,0,0,0,0,4,115,32,60,30,237,1
21,1,3,59,0.36,90,89,4,7,0,2,0,0,0,13,90,81,74,20,265,1
5,0,2,32,0.37,73,94,3,7,1,1,0,0,0,57,74,45,78,26,223,0
11,1,2,49,0.21,88,53,3,6,0,0,0,2,0,9,99,51,40,56,246,1
14,1,3,42,0.45,65,81,0,3,1,3,1,1,0,46,53,80,75,23,231,1
7,0,1,23,0.34,81,68,2,6,0,2,0,0,1,33,58,101,52,19,230,0
3,1,2,32,0.37,65,52,1,6,0,0,0,0,1,30,63,76,45,24,208,0
14,0,2,40,0.17,62,87,1,5,0,1,0,0,0,55,86,25,74,29,214,0
19,1,2,22,0.05,91,77,2,7,0,0,0,0,0,50,230,64,66,71,431,1
16,1,2,21,0.44,81,87,4,9,2,1,0,1,1,4,55,90,62,38,245,1
12,1,2,44,0.42,99,55,3,7,1,0,0,1,0,5,68,75,35,28,206,0
17,0,2,27,0.11,90,89,3,7,1,1,0,1,0,12,124,74,67,46,311,1
1,1,2,30,0.22,93,66,0,5,0,3,0,0,0,53,65,73,81,15,234,1
12,0,2,54,0.35,73,91,2,6,0,0,0,0,0,39,83,46,76,19,224,0
12,1,2,56,0.34,62,54,3,7,0,2,0,0,0,58,77,42,51,24,194,0
21,1,3,51,0.44,60,68,2,5,1,0,0,0,1,12,68,92,50,14,224,0
14,1,3,10,0.11,64,92,3,8,0,1,0,1,0,45,119,38,80,34,271,1
19,1,2,47,0.24,59,91,0,3,1,0,0,1,0,47,85,39,74,33,231,1
9,1,2,50,0.09,91,84,3,7,1,2,1,0,0,32,163,104,73,47,387,1
2,1,2,51,0.23,90,71,5,9,0,0,0,0,0,36,103,53,56,36,248,1
18,0,3,56,0.06,52,73,1,4,1,2,1,0,0,22,213,63,51,55,382,1
2,0,2,18,0.45,65,59,4,7,1,0,0,0,0,20,57,45,39,10,151,0
21,0,1,32,0.29,93,51,1,5,0,1,0,0,0,7,68,63,36,17,184,0
13,1,2,23,0.43,66,77,4,9,1,1,0,0,0,33,61,45,65,16,187,0
7,0,2,20,0.08,74,90,0,3,1,1,0,0,0,52,143,33,82,36,294,1
22,1,1,16,0.15,79,86,3,8,0,0,0,0,0,30,96,61,74,29,260,1
3,0,2,40,0.17,96,66,2,6,0,1,0,0,0,30,101,59,57,31,248,1
19,0,2,33,0.22,84,55,3,8,0,1,1,0,0,19,88,79,36,19,222,0
10,1,2,35,0.41,86,92,4,9,2,2,1,0,0,34,84,74,72,27,257,1
10,1,2,39,0.22,62,54,1,5,0,0,0,1,0,1,78,40,21,36,175,0
10,0,3,43,0.14,73,88,0,4,0,1,0,0,0,23,99,44,77,23,243,1
1,0,2,55,0.08,87,56,1,5,0,3,0,1,0,10,183,58,22,71,334,1
16,0,2,47,0.09,75,81,3,8,0,0,0,0,1,3,172,79,50,56,357,1
8,0,1,14,0.39,58,53,1,4,0,1,0,0,0,25,51,61,46,12,170,0
1,1,1,14,0.25,68,70,1,5,1,0,0,0,0,13,53,45,59,11,168,0
23,0,2,28,0.38,77,91,1,5,0,3,0,0,1,45,57,111,70,9,247,1
14,1,2,47,0.36,56,81,1,4,1,1,0,1,0,41,73,35,73,24,205,0
15,1,3,37,0.11,94,67,3,7,1,1,0,0,0,19,126,63,31,35,255,1
3,0,2,35,0.11,71,82,2,6,0,0,0,0,0,35,126,39,72,36,273,1
7,1,2,51,0.39,79,63,4,7,1,3,0,0,0,24,83,63,52,26,224,0
8,0,2,32,0.37,86,55,2,7,0,2,0,0,0,38,60,50,44,22,176,0
4,1,2,55,0.22,65,60,4,9,1,0,0,0,0,9,113,35,37,28,213,0
15,1,3,58,0.08,85,95,0,5,0,0,0,0,0,34,167,59,77,49,352,1
12,0,2,39,0.06,54,69,1,5,0,1,0,0,1,4,201,77,43,62,383,1
6,1,1,12,0.18,78,78,5,8,0,1,0,0,0,3,93,47,49,31,220,0
19,1,3,37,0.05,72,84,2,7,0,2,0,0,0,48,234,54,74,67,429,1
16,0,3,42,0.15,55,65,1,4,1,0,0,0,1,19,100,56,49,32,237,1
2,1,2,51,0.24,85,97,1,6,0,2,0,0,0,22,84,53,80,27,244,1
4,1,1,12,0.1,82,56,4,9,0,0,0,1,0,42,129,43,62,56,290,1
18,0,2,14,0.1,98,89,1,5,2,1,0,1,1,4,120,106,58,45,329,1
11,0,1,28,0.45,90,85,1,6,1,1,0,0,1,28,50,116,67,14,247,1
6,1,3,51,0.31,65,93,1,6,0,2,0,0,0,43,65,24,74,15,178,0
8,1,2,57,0.47,83,93,0,3,0,1,1,0,0,28,65,82,85,14,246,1
5,1,2,10,0.21,92,80,3,7,1,3,1,1,0,45,70,80,64,28,242,1
16,0,2,47,0.35,75,91,4,8,0,1,0,1,0,31,83,45,55,28,211,0
15,1,1,18,0.14,86,93,0,5,1,0,0,1,0,21,85,68,55,33,241,1
22,1,1,14,0.33,62,92,3,7,1,0,0,0,0,44,50,23,58,8,139,0
2,1,3,55,0.11,66,92,4,7,0,2,0,0,1,42,149,76,84,38,347,1
20,1,1,51,0.05,81,96,3,7,2,2,0,0,0,53,251,44,69,70,434,1
3,1,1,43,0.47,81,55,1,6,0,3,0,0,0,43,58,39,66,19,182,0
9,1,3,46,0.3,77,78,2,6,1,0,0,0,0,6,76,57,44,25,202,0
4,0,2,42,0.47,78,76,3,7,1,2,1,0,0,32,74,74,46,21,215,0
20,0,3,34,0.2,74,92,0,5,1,1,2,1,0,21,79,96,64,33,272,1
21,1,1,51,0.2,96,51,3,7,2,2,1,1,0,40,110,93,67,45,315,1
9,1,2,38,0.23,71,71,0,4,1,2,1,0,0,57,74,79,67,20,240,1
11,0,2,34,0.37,76,58,1,6,1,1,0,1,0,58,56,56,86,27,225,0
9,0,3,18,0.3,93,60,4,9,0,1,1,1,0,27,66,80,35,24,205,0
12,0,1,12,0.47,87,65,1,4,1,2,0,0,0,20,35,65,51,12,163,0
10,1,2,24,0.06,69,94,0,5,1,3,2,0,0,54,189,85,88,55,417,1
21,1,3,13,0.37,94,62,2,7,2,2,1,1,0,50,45,95,70,24,234,1
15,1,2,54,0.2,99,67,3,7,2,1,0,0,0,35,107,79,66,30,282,1
7,1,2,47,0.13,73,74,4,9,0,0,1,1,0,3,132,62,46,56,296,1
7,0,1,29,0.28,96,82,1,5,0,2,0,0,0,42,67,51,82,26,226,0
7,0,1,58,0.28,96,59,0,5,2,0,0,0,0,5,93,59,31,34,217,0
12,0,2,32,0.11,57,79,2,5,1,0,1,0,0,18,130,73,50,30,283,1
1,0,2,46,0.14,63,98,0,3,0,0,0,0,0,50,107,65,81,33,286,1
11,1,3,56,0.23,88,50,2,6,0,1,1,1,0,57,101,64,55,48,268,1
9,1,3,17,0.23,63,82,3,7,0,1,0,0,0,52,62,54,77,18,211,0
11,0,2,46,0.19,54,98,6,10,1,0,0,0,0,10,119,30,70,37,256,1
10,0,3,54,0.12,96,64,2,5,1,0,1,1,0,49,135,81,61,51,328,1
14,0,1,42,0.05,70,78,3,6,0,1,1,1,0,16,248,81,48,95,472,1
15,0,2,42,0.49,64,51,0,5,0,0,0,1,0,45,58,48,60,30,196,0
16,0,2,16,0.47,85,60,6,11,1,2,0,0,0,17,59,69,50,22,200,0
